,ort,plz,vorwahl
0,Aach,78267,07774
1,Aach,54298,06506
2,Aachen,52062,0241
3,Aachen,52064,0241
4,Aachen,52066,0241
5,Aachen,52068,0241
6,Aachen,52070,0241
7,Aachen,52072,0241
8,Aachen,52074,0241
9,Aachen,52076,0241
10,Aachen,52078,0241
11,Aachen,52080,0241
12,Aalen,73430,07361
13,Aalen,73431,07361
14,Aalen,73432,07361
15,Aalen,73433,07361
16,Aalen,73434,07361
17,Aarbergen,65326,06120
18,Aasbüttel,25560,04825
19,Abenberg,91183,09178
20,Abensberg,93326,09443
21,Abentheuer,55767,06782
22,Absberg,91720,09175
23,Abstatt,74232,07062
24,Abtsbessingen,99713,036020
25,Abtsgmünd,73453,07366
26,Abtsteinach,69518,06207
27,Abtswind,97355,09325
28,Abtweiler,55568,06755
29,Achberg,88147,08380
30,Achern,77855,07841
31,Achim,28832,04202
32,Achslach,94250,09905
33,Achstetten,88480,07392
34,Acht,56729,02651
35,Achtelsbach,55767,06782
36,Achterwehr,24239,04340
37,Achtrup,25917,04662
38,Adelberg,73099,07166
39,Adelebsen,37139,05506
40,Adelheidsdorf,29352,05141
41,Adelmannsfelden,73486,07963
42,Adelschlag,85111,08421
43,Adelsdorf,91325,09195
44,Adelsheim,74740,06291
45,Adelshofen,91587,09865
46,Adelshofen,82276,08202
47,Adelsried,86477,08294
48,Adelzhausen,86559,08208
49,Adenau,53518,02691
50,Adenbach,67742,06382
51,Adenbüttel,38528,05303
52,Adendorf,21365,04131
53,Adlkofen,84166,08707
54,Admannshagen-Bargeshagen,18211,038203
55,Adorf/Vogtland,8626,037423
56,Aebtissinwisch,25572,04858
57,Aerzen,31855,05154
58,Affalterbach,71563,07144
59,Affing,86444,08207
60,Affinghausen,27257,04247
61,Affler,54689,06550
62,Agathenburg,21684,04141
63,Agethorst,25560,04825
64,Aglasterhausen,74858,06262
65,Aham,84168,08744
66,Ahaus,48683,02561
67,Ahausen,27367,04205
68,Ahlbeck,17375,039771
69,Ahlden,29693,05164
70,Ahlefeld-Bistensee,24358,04353
71,Ahlen,59227,02382
72,Ahlen,59229,02382
73,Ahlerstedt,21702,04166
74,Ahlsdorf,6313,034772
75,Ahlstädt,98553,03681
76,Ahnatal,34292,05609
77,Ahneby,24996,04637
78,Ahnsbeck,29353,05145
79,Ahnsen,31708,05724
80,Aholfing,94345,09429
81,Aholming,94527,09938
82,Ahorn,74744,06296
83,Ahorn,96482,09561
84,Ahorntal,95491,09246
85,Ahrbrück,53506,02643
86,Ahrensbök,23623,04525
87,Ahrensburg,22926,04102
88,Ahrensfelde,16356,03338
89,Ahrenshagen-Daskow,18320,038225
90,Ahrenshöft,25853,04673
91,Ahrenshoop,18347,038226
92,Ahrenviöl,25885,04847
93,Ahrenviölfeld,24896,04626
94,Ahrenviölfeld,25885,04847
95,Aichach,86551,08251
96,Aicha vorm Wald,94529,08504
97,Aichelberg,73101,07164
98,Aichen,86479,08262
99,Aichhalden,78733,07836
100,Aichstetten,88317,07565
101,Aichtal,72631,07127
102,Aichwald,73773,0711
103,Aidenbach,94501,08543
104,Aidhausen,97491,09523
105,Aidlingen,71134,07034
106,Aiglsbach,84089,08452
107,Ailertchen,56459,02663
108,Aindling,86447,08237
109,Ainring,83404,08654
110,Aislingen,89344,09075
111,Aiterhofen,94330,09424
112,Aitern,79677,07673
113,Aitrach,88319,08395
114,Aitrang,87648,08343
115,Aken (Elbe),6385,06095
116,Aken (Elbe),6386,06029
117,Aland,39615,039386
118,Albaching,83544,08076
119,Albbruck,79774,07753
120,Albersdorf,25767,04835
121,Albersdorf,7646,07245
122,Albershausen,73095,07161
123,Albersweiler,76857,06345
124,Albertshofen,97320,09321
125,Albessen,66871,06384
126,Albig,55234,06737
127,Albisheim (Pfrimm),67308,06355
128,Albsfelde,23909,04541
129,Albstadt,72458,07432
130,Albstadt,72459,07432
131,Albstadt,72461,07432
132,Aldenhoven,52457,02464
133,Aldersbach,94501,08543
134,Aldingen,78554,07424
135,Alerheim,86733,09085
136,Alesheim,91793,09834
137,Aletshausen,86480,08263
138,Alf,56859,06542
139,Alfdorf,73553,07171
140,Alfdorf,73655,07181
141,Alfeld,91236,09157
142,Alfeld (Leine),31061,05181
143,Alfhausen,49594,05464
144,Alflen,56828,02678
145,Alfstedt,27432,04767
146,Alfter,53347,0228
147,Algermissen,31191,05126
148,Alheim,36211,06623
149,Alken,56332,02607
150,Alkersleben,99310,03628
151,Alkersum,25938,04681
152,Allenbach,55758,06785
153,Allendorf,35469,06406
154,Allendorf,56370,06486
155,Allendorf,7426,036738
156,Allendorf (Eder),35108,06452
157,Allenfeld,55595,0671
158,Allensbach,78476,07533
159,Allersberg,90584,09176
160,Allershausen,85391,08166
161,Alleshausen,88422,07582
162,Alling,82239,08141
163,Allmannshofen,86695,08273
164,Allmannsweiler,88348,07583
165,Allmendingen,89604,07394
166,Allmersbach im Tal,71573,07191
167,Allstedt,6542,06142
168,Almdorf,25821,04671
169,Almersbach,57610,02681
170,Alpen,46519,02802
171,Alpenrod,57642,02661
172,Alpenrod,57647,02661
173,Alperstedt,99195,036204
174,Alpirsbach,72275,07444
175,Alsbach,56237,02601
176,Alsbach-Hähnlein,64665,06257
177,Alsdorf,52477,02404
178,Alsdorf,57518,02741
179,Alsdorf,54668,06523
180,Alsenz,67821,06362
181,Alsfeld,36304,06631
182,Alsheim,67577,06249
183,Alsleben,6425,034692
184,Altbach,73776,07153
185,Alt Bennebek,24848,04624
186,Alt Bukow,18233,038294
187,Altdöbern,3229,035434
188,Altdorf,84032,0871
189,Altdorf,71155,07031
190,Altdorf,72655,07127
191,Altdorf,67482,06347
192,Altdorf bei Nürnberg,90518,09187
193,Alt Duvenstedt,24782,04331
194,Alt Duvenstedt,24791,04338
195,Alt Duvenstedt,24811,04336
196,Altefähr,18573,038306
197,Alteglofsheim,93087,09453
198,Altena,58762,02352
199,Altenahr,53505,02643
200,Altenbamberg,55585,0671
201,Altenbeken,33184,05255
202,Altenberg,1773,Error
203,Altenberg,1778,Error
204,Altenberga,7768,Error
205,Altenberge,48341,02505
206,Altenbeuthen,7338,Error
207,Altenbuch,97901,09392
208,Altenburg,4600,Error
209,Altendiez,65624,06432
210,Altendorf,92540,09675
211,Altendorf,96146,09545
212,Altenglan,66885,06381
213,Altenhagen,17091,039602
214,Altenhausen,39343,039202
215,Altenhof,24340,04351
216,Altenhof,17209,Error
217,Altenholz,24161,04349
218,Altenkirchen,66903,06386
219,Altenkirchen,18556,038391
220,Altenkirchen (Westerwald),57610,02681
221,Altenkrempe,23730,04561
222,Altenkunstadt,96264,09572
223,Altenmarkt an der Alz,83352,08621
224,Altenmedingen,29575,05807
225,Altenmoor,25335,04121
226,Altenmünster,86450,08295
227,Altenpleen,18445,038323
228,Altenriet,72657,07127
229,Altenstadt,63674,06047
230,Altenstadt,86972,08861
231,Altenstadt,89281,08337
232,Altenstadt an der Waldnaab,92665,09602
233,Altensteig,72213,07453
234,Altenthann,93177,09408
235,Altentreptow,17087,03961
236,Alterkülz,56288,06762
237,Altertheim,97237,09307
238,Altfraunhofen,84169,08705
239,Althegnenberg,82278,08202
240,Altheim,88499,07371
241,Altheim,89605,07391
242,Altheim (Alb),89174,07340
243,Althengstett,75382,07051
244,Althornbach,66484,06339
245,Althütte,71566,07191
246,Althüttendorf,16247,033361
247,Altkalen,17179,039971
248,Alt Krenzlin,19288,038754
249,Altlandsberg,15345,03341
250,Altlay,56858,Error
251,Altleiningen,67316,06356
252,Altleiningen,67317,06359
253,Altlußheim,68804,06205
254,Altmannstein,93336,09446
255,Altmärkische Höhe,39606,039328
256,Altmärkische Höhe,39615,039386
257,Altmärkische Wische,39615,039386
258,Alt Meteln,19069,03867
259,Altmittweida,9648,09564
260,Alt Mölln,23881,04542
261,Altomünster,85250,08254
262,Altötting,84503,08671
263,Altrich,54518,06535
264,Altrip,67122,06236
265,Altscheid,54636,06561
266,Alt Schwerin,17214,039927
267,Altshausen,88361,07584
268,Altstrimmig,56858,Error
269,Alt Sührkow,17166,03996
270,Alt Tellin,17129,039999
271,Alt Tucheband,15328,033472
272,Altusried,87452,08373
273,Altwarp,17375,039771
274,Altweidelbach,55469,06761
275,Altwigshagen,17379,039778
276,Alt Zachun,19230,038852
277,Alt Zauche-Wußwerk,15913,035473
278,Alveslohe,25486,04193
279,Alzenau,63755,06023
280,Alzey,55232,06731
281,Amberg,92224,08249
282,Amberg,86854,08249
283,Amelinghausen,21385,04132
284,Amerang,83123,08075
285,Amerdingen,86735,09089
286,Am Ettersberg,99439,Error
287,Am Großen Bruch,39393,Error
288,Ammeldingen an der Our,54675,06522
289,Ammeldingen bei Neuerburg,54673,06564
290,Am Mellensee,15838,033703
291,Ammerbuch,72119,07032
292,Ammerndorf,90614,09105
293,Ammersbek,22949,04102
294,Ammerthal,92260,09621
295,Am Ohmberg,37345,036072
296,Amöneburg,35287,06422
297,Amorbach,63916,09373
298,Ampfing,84539,08636
299,Am Salzhaff,18233,038294
300,Amstetten,73340,07323
301,Amt Creuzburg,99831,Error
302,Amt Neuhaus,19273,038845
303,Amtsberg,9439,Error
304,Amt Wachsenburg,99334,0361
305,Amtzell,88279,07522
306,Andechs,82346,08157
307,Anderlingen,27446,04284
308,Andernach,56626,02632
309,An der Poststraße,6647,Error
310,An der Schmücke,6577,06198
311,Andervenne,49832,05902
312,Andisleben,99189,036201
313,Angelbachtal,74918,07265
314,Angelburg,35719,06464
315,Anger,83454,08656
316,Angermünde,16278,033337
317,Angern,39326,039206
318,Angern,39517,039365
319,Anhausen,56584,02639
320,Ankershagen,17219,039928
321,Anklam,17389,03971
322,Ankum,49577,05462
323,Annaberg-Buchholz,9456,09937
324,Annaburg,6925,06228
325,Annweiler am Trifels,76855,06346
326,Anröchte,59609,02927
327,Ansbach,91522,0981
328,Anschau,56729,02651
329,Antdorf,82387,08801
330,Antrifttal,36326,06692
331,Antweiler,53533,02693
332,Anzing,85646,08121
333,Apelern,31552,05723
334,Apen,26689,04489
335,Apenburg-Winterfeld,38486,039008
336,Apensen,21641,04167
337,Apfeldorf,86974,08869
338,Apfeltrach,87742,08267
339,Apolda,99510,03644
340,Appel,21279,04165
341,Appen,25482,04101
342,Appenheim,55437,06725
343,Appenweier,77767,07805
344,Arbach,56769,02657
345,Arberg,91722,09836
346,Aremberg,53533,02693
347,Arendsee (Altmark),39619,039384
348,Arenrath,54518,06535
349,Arenshausen,37318,036083
350,Aresing,86561,08445
351,Arft,56729,02651
352,Argenbühl,88260,07566
353,Argenschwang,55595,0671
354,Argenthal,55496,06764
355,Arholzen,37627,05532
356,Arkebek,25767,04835
357,Arlewatt,25860,04846
358,Armsheim,55288,06734
359,Armstedt,24616,04324
360,Armstorf,21769,04773
361,Arnbruck,93471,09945
362,Arneburg,39596,039321
363,Arnis,24399,04642
364,Arnsberg,59755,02932
365,Arnsberg,59757,02932
366,Arnsberg,59759,02932
367,Arnsberg,59821,02932
368,Arnsberg,59823,02932
369,Arnschwang,93473,09977
370,Arnsdorf,1477,033838
371,Arnshöfen,56244,02666
372,Arnstadt,99310,03628
373,Arnstein,97450,09728
374,Arnstein,6456,06158
375,Arnstorf,94424,08723
376,Arpsdorf,24634,04321
377,Arrach,93474,09946
378,Artern,6556,Error
379,Artlenburg,21380,04139
380,Arzbach,56337,02620
381,Arzberg,4886,Error
382,Arzberg,95659,09233
383,Arzfeld,54687,06550
384,Asbach,53567,02683
385,Asbach,55758,06785
386,Asbach-Bäumenheim,86663,0906
387,Asbach-Sickenberg,37318,036083
388,Ascha,94347,09428
389,Aschaffenburg,63739,06021
390,Aschaffenburg,63741,06021
391,Aschaffenburg,63743,06021
392,Aschau am Inn,84544,08638
393,Aschau im Chiemgau,83229,08057
394,Aschbach,67753,06304
395,Ascheberg,59387,02599
396,Ascheberg,24326,04526
397,Ascheffel,24358,04353
398,Aschersleben,6449,Error
399,Aschheim,85609,089
400,Asendorf,21271,04184
401,Asendorf,27330,04253
402,Aspach,71546,07191
403,Asperg,71679,07141
404,Aspisheim,55459,06721
405,Assamstadt,97959,06294
406,Asselfingen,89176,07345
407,Aßlar,35614,06441
408,Aßling,85617,08092
409,Astert,57627,02662
410,Attendorn,57439,02722
411,Attenhausen,56370,06486
412,Attenhofen,84091,08754
413,Attenkirchen,85395,08168
414,Attenweiler,88448,07357
415,Atting,94348,09421
416,Atzelgift,57629,02747
417,Au,79280,0761
418,Au am Rhein,76474,07245
419,Aub,97239,09335
420,Aubstadt,97633,09761
421,Auderath,56766,02676
422,Aue-Bad Schlema,8280,Error
423,Aue-Bad Schlema,8301,Error
424,Auel,56357,06772
425,Auen,55569,06751
426,Auengrund,98673,03686
427,Auenwald,71549,07191
428,Auerbach,9392,Error
429,Auerbach,94530,09901
430,Auerbach in der Oberpfalz,91275,09643
431,Auerbach/Vogtland,8209,Error
432,Auetal,31749,05752
433,Aufhausen,93089,09454
434,Aufseß,91347,09274
435,Auggen,79424,07635
436,Augsburg,86150,0821
437,Augsburg,86152,0821
438,Augsburg,86153,0821
439,Augsburg,86154,0821
440,Augsburg,86156,0821
441,Augsburg,86157,0821
442,Augsburg,86159,0821
443,Augsburg,86161,0821
444,Augsburg,86163,0821
445,Augsburg,86165,0821
446,Augsburg,86167,0821
447,Augsburg,86169,0821
448,Augsburg,86179,0821
449,Augsburg,86199,0821
450,Augustdorf,32832,05237
451,Augustusburg,9573,Error
452,Auhagen,31553,05725
453,Auhausen,86736,09832
454,Au in der Hallertau,84072,08752
455,Aukrug,24613,04873
456,Aulendorf,88326,07525
457,Aull,65582,06432
458,Auma-Weidatal,7955,Error
459,Aumühle,21521,04104
460,Aura a.d.Saale,97717,09704
461,Aurach,91589,Error
462,Aurachtal,91086,09132
463,Aura im Sinngrund,97773,09356
464,Aurich,26603,04941
465,Aurich,26605,04941
466,Aurich,26607,04941
467,Ausacker,24975,04634
468,Ausleben,39393,039402
469,Außernzell,94532,09903
470,Auufer,25548,04822
471,Auw an der Kyll,54664,06562
472,Auw bei Prüm,54597,06556
473,Aventoft,25927,04664
474,Averlak,25715,04855
475,Axstedt,27729,04793
476,Aying,85653,08095
477,Ayl,54441,06581
478,Aystetten,86482,0821
479,Baabe,18586,038303
480,Baar,86674,08276
481,Baar,56729,02651
482,Baar-Ebenhausen,85107,08453
483,Babenhausen,64832,06073
484,Babenhausen,87727,08333
485,Babensham,83547,08074
486,Bach an der Donau,93090,09403
487,Bacharach,55422,06743
488,Bachenberg,57610,02681
489,Bachhagel,89429,09077
490,Bächingen a.d.Brenz,89431,07325
491,Backnang,71522,07191
492,Bad Abbach,93077,09405
493,Bad Aibling,83043,08061
494,Bad Alexandersbad,95680,09232
495,Bad Arolsen,34454,05691
496,Bad Bayersoien,82435,08845
497,Bad Bellingen,79415,07635
498,Bad Belzig,14806,033841
499,Bad Bentheim,48455,05924
500,Badbergen,49635,05433
501,Bad Bergzabern,76887,06343
502,Bad Berka,99438,036458
503,Bad Berleburg,57319,02751
504,Bad Berneck im Fichtelgebirge,95460,09273
505,Bad Bertrich,56864,02674
506,Bad Bevensen,29549,05821
507,Bad Bibra,6647,Error
508,Bad Birnbach,84364,08563
509,Bad Blankenburg,7422,07139
510,Bad Bocklet,97708,09708
511,Bad Bodenteich,29389,05824
512,Bad Boll,73087,07164
513,Bad Brambach,8648,08293
514,Bad Bramstedt,24576,04192
515,Bad Breisig,53498,02642
516,Bad Brückenau,97769,09741
517,Bad Buchau,88422,07582
518,Bad Camberg,65520,06434
519,Baddeckenstedt,38271,05345
520,Bad Ditzenbach,73312,07331
521,Bad Ditzenbach,73342,07334
522,Bad Ditzenbach,73345,07335
523,Bad Doberan,18209,038203
524,Bad Driburg,33014,05253
525,Bad Düben,4849,02557
526,Bad Dürkheim,67098,06322
527,Bad Dürrenberg,6231,Error
528,Bad Dürrheim,78073,07726
529,Bad Eilsen,31707,05722
530,Bad Elster,8645,08295
531,Badem,54657,06563
532,Bad Ems,56130,02603
533,Bad Emstal,34308,05624
534,Baden-Baden,76530,07221
535,Baden-Baden,76532,07221
536,Baden-Baden,76534,07221
537,Bad Endbach,35080,02776
538,Badendorf,23619,0451
539,Bad Endorf,83093,08053
540,Badenhard,56291,06746
541,Badenheim,55576,06701
542,Badenweiler,79410,07632
543,Bad Essen,49152,05472
544,Bad Fallingbostel,29683,05161
545,Bad Feilnbach,83075,08064
546,Bad Frankenhausen/Kyffhäuser,6567,Error
547,Bad Freienwalde (Oder),16259,033368
548,Bad Friedrichshall,74177,07136
549,Bad Füssing,94072,08531
550,Bad Gandersheim,37581,05382
551,Bad Gottleuba-Berggießhübel,1816,Error
552,Bad Griesbach i.Rottal,94086,08532
553,Bad Grönenbach,87730,08334
554,Bad Grund,37539,05327
555,Bad Harzburg,38667,05322
556,Bad Heilbrunn,83670,08046
557,Bad Herrenalb,76332,07083
558,Bad Hersfeld,36251,06621
559,Bad Hindelang,87541,08324
560,Bad Homburg vor der Höhe,61348,06172
561,Bad Homburg vor der Höhe,61350,06172
562,Bad Homburg vor der Höhe,61352,069
563,Bad Honnef,53604,02224
564,Bad Hönningen,53547,02638
565,Bad Hönningen,53557,02635
566,Bad Iburg,49186,05403
567,Bad Karlshafen,34385,05672
568,Bad Kissingen,97688,0971
569,Bad Kleinen,23996,038423
570,Bad Klosterlausnitz,7639,Error
571,Bad Kohlgrub,82433,08845
572,Bad König,64732,06063
573,Bad Königshofen im Grabfeld,97631,09761
574,Bad Köstritz,7586,Error
575,Bad Kötzting,93444,09941
576,Bad Kreuznach,55543,0671
577,Bad Kreuznach,55545,0671
578,Bad Kreuznach,55583,0671
579,Bad Krozingen,79189,07633
580,Bad Laasphe,57334,02753
581,Bad Laer,49196,05424
582,Bad Langensalza,99947,03603
583,Bad Lausick,4651,02802
584,Bad Lauterberg im Harz,37431,05524
585,Bad Liebenstein,36448,036961
586,Bad Liebenwerda,4895,Error
587,Bad Liebenwerda,4924,Error
588,Bad Liebenwerda,4931,Error
589,Bad Liebenzell,75378,07052
590,Bad Lippspringe,33175,05252
591,Bad Lobenstein,7356,07173
592,Bad Marienberg (Westerwald),56470,02661
593,Bad Mergentheim,97980,07931
594,Bad Münder am Deister,31848,05042
595,Bad Münstereifel,53902,02253
596,Bad Muskau - Mužakow,2953,Error
597,Bad Nauheim,61231,06032
598,Bad Nenndorf,31542,05723
599,Bad Neualbenreuth,95698,Error
600,Bad Neuenahr-Ahrweiler,53474,02641
601,Bad Neustadt an der Saale,97616,09771
602,Bad Oeynhausen,32545,05731
603,Bad Oeynhausen,32547,05731
604,Bad Oeynhausen,32549,05731
605,Bad Oldesloe,23843,04531
606,Bad Orb,63619,06052
607,Bad Peterstal-Griesbach,72250,07441
608,Bad Peterstal-Griesbach,77740,07806
609,Bad Pyrmont,31812,05281
610,Bad Rappenau,74906,07264
611,Bad Reichenhall,83435,08651
612,Bad Rippoldsau-Schapbach,77776,07440
613,Bad Rodach,96476,09564
614,Bad Rothenfelde,49214,05424
615,Bad Saarow,15526,033631
616,Bad Sachsa,37441,05523
617,Bad Säckingen,79713,07761
618,Bad Salzdetfurth,31162,05063
619,Bad Salzschlirf,36364,06648
620,Bad Salzuflen,32105,05222
621,Bad Salzuflen,32107,05222
622,Bad Salzuflen,32108,05222
623,Bad Salzungen,36433,03695
624,Bad Salzungen,36469,03695
625,Bad Sassendorf,59505,02945
626,Bad Saulgau,88348,07583
627,Bad Schandau,1814,0381
628,Bad Schmiedeberg,6905,Error
629,Bad Schönborn,76669,07253
630,Bad Schussenried,88427,07583
631,Bad Schwalbach,65307,06124
632,Bad Schwartau,23611,0451
633,Bad Segeberg,23795,04551
634,Bad Sobernheim,55566,06751
635,Bad Soden am Taunus,65812,06196
636,Bad Soden-Salmünster,63628,06056
637,Bad Sooden-Allendorf,37242,05652
638,Bad Staffelstein,96231,09573
639,Bad Steben,95138,09288
640,Bad Sulza,99518,036461
641,Bad Sülze,18334,038229
642,Bad Tabarz,99891,036259
643,Bad Teinach-Zavelstein,75385,07051
644,Bad Tennstedt,99955,036041
645,Bad Tölz,83646,08041
646,Bad Überkingen,73337,07334
647,Bad Urach,72574,07125
648,Bad Vilbel,61118,06101
649,Bad Waldsee,88339,07524
650,Bad Wiessee,83707,08022
651,Bad Wildbad,75323,07055
652,Bad Wildungen,34537,05621
653,Bad Wilsnack,19336,038791
654,Bad Wimpfen,74206,07063
655,Bad Windsheim,91438,09841
656,Bad Wörishofen,86825,08247
657,Bad Wünnenberg,33181,02953
658,Bad Wurzach,88410,07564
659,Bad Zwesten,34596,05626
660,Bad Zwischenahn,26160,04403
661,Baesweiler,52499,02401
662,Bahlingen,79353,07663
663,Bahrdorf,38459,05358
664,Bahrenborstel,27245,04273
665,Bahrenfleth,25569,04824
666,Bahrenhof,23845,04535
667,Bahretal,1819,038205
668,Baienfurt,88255,07502
669,Baierbach,84171,08705
670,Baierbrunn,82065,089
671,Baiern,85625,08093
672,Baiersbronn,72270,07442
673,Baiersdorf,91083,09133
674,Baindt,88255,07502
675,Baisweil,87650,08340
676,Bäk,23909,04541
677,Bakum,49456,05438
678,Bälau,23881,04542
679,Balderschwang,87538,08326
680,Baldringen,54314,06587
681,Balduinstein,65558,06432
682,Balesfeld,54597,06556
683,Balge,31609,05021
684,Balgheim,78582,07424
685,Balgstädt,6632,Error
686,Balingen,72336,07433
687,Balje,21730,04752
688,Ballendorf,89177,07340
689,Ballenstedt,6493,Error
690,Ballhausen,99955,036041
691,Ballrechten-Dottingen,79282,07634
692,Ballstedt,99439,Error
693,Balow,19300,038792
694,Baltmannsweiler,73666,07153
695,Baltrum,26579,04939
696,Balve,58802,02375
697,Balzhausen,86483,08281
698,Balzheim,88481,07347
699,Bamberg,96047,0951
700,Bamberg,96049,0951
701,Bamberg,96050,0951
702,Bamberg,96052,0951
703,Bammental,69245,06223
704,Bandelin,17506,038353
705,Bandenitz,19230,038852
706,Bann,66851,06307
707,Bannberscheid,56424,02623
708,Bannewitz,1728,Error
709,Banzkow,19079,03868
710,Barbelroth,76889,06349
711,Barbing,93092,09481
712,Barby,39240,039291
713,Barby,39249,039298
714,Barchfeld-Immelborn,36456,036961
715,Bardowick,21357,04178
716,Bärenbach,55483,06763
717,Bärenbach,55758,06785
718,Barenburg,27245,04273
719,Barendorf,21397,04137
720,Bärenstein,9471,Error
721,Bärenthal,78580,07429
722,Bargenstedt,25704,04832
723,Bargfeld-Stegen,23863,04535
724,Bargischow,17398,039726
725,Bargstall,24806,04335
726,Bargstedt,21698,04164
727,Bargstedt,24793,04875
728,Bargteheide,22941,04532
729,Bargum,25842,04674
730,Bark,23826,04558
731,Barkelsby,24360,04358
732,Barkenholm,25791,04836
733,Barkhagen,19395,038735
734,Barleben,39179,039203
735,Barlt,25719,04857
736,Barmissen,24245,04302
737,Barmstedt,25355,04123
738,Bärnau,95671,09635
739,Barnekow,23968,03841
740,Barnin,19089,0385
741,Barnitz,23858,04533
742,Barnstädt,6268,Error
743,Barnstedt,21406,04134
744,Barnstorf,49406,05442
745,Barntrup,32683,05262
746,Barsbek,24217,04344
747,Barsbüttel,22885,040
748,Barsinghausen,30890,05105
749,Barßel,26676,04499
750,Bartenshagen-Parkentin,18209,038203
751,Barth,18356,038231
752,Bartholomä,73566,07173
753,Bartow,17089,03965
754,Barum,29576,05806
755,Barum,21357,04178
756,Baruth/Mark,15837,033745
757,Barver,49453,05444
758,Barwedel,38476,05379
759,Barweiler,53534,02691
760,Bärweiler,55606,06752
761,Basberg,54578,06593
762,Basdahl,27432,04767
763,Basedow,17139,03994
764,Basedow,21483,04151
765,Bassenheim,56220,02630
766,Bassum,27211,04241
767,Bastheim,97654,09775
768,Basthorst,21493,04151
769,Bastorf,18230,038296
770,Battenberg (Eder),35088,06452
771,Battenberg (Pfalz),67271,06359
772,Battweiler,66484,06339
773,Baudenbach,91460,09164
774,Bauler,53534,02691
775,Bauler,54673,06564
776,Baumgarten,18246,038461
777,Baumholder,55774,06783
778,Baunach,96148,09544
779,Baunatal,34225,0561
780,Bausendorf,54538,06532
781,Baustert,54636,06561
782,Bautzen - Budyšin,2625,Error
783,Bawinkel,49844,05963
784,Bayerbach,94137,08532
785,Bayerbach b. Ergoldsbach,84092,08774
786,Bayerfeld-Steckweiler,67808,06357
787,Bayerfeld-Steckweiler,67822,06362
788,Bayerisch Eisenstein,94252,09925
789,Bayerisch Gmain,83457,08651
790,Bayreuth,95444,0921
791,Bayreuth,95445,0921
792,Bayreuth,95447,0921
793,Bayreuth,95448,0921
794,Bayrischzell,83735,08023
795,Bebensee,23816,04552
796,Bebra,36179,06622
797,Becheln,56132,02603
798,Bechenheim,55234,06737
799,Becherbach,67827,06364
800,Becherbach bei Kirn,55608,06752
801,Bechhofen,91572,09826
802,Bechhofen,66894,06372
803,Bechstedt,7426,Error
804,Bechtheim,67595,06244
805,Bechtolsheim,55234,06737
806,Bechtsrieth,92699,09659
807,Beckdorf,21643,04167
808,Beckedorf,31699,05725
809,Beckeln,27243,04244
810,Beckingen,66701,06835
811,Beckum,59269,02521
812,Bedburg,50181,02272
813,Bedburg-Hau,47551,02824
814,Bedesbach,66885,06381
815,Beedenbostel,29355,05145
816,Beelen,48361,02586
817,Beelitz,14547,033206
818,Beendorf,39343,039202
819,Beeskow,15848,03366
820,Beesten,49832,05902
821,Beetzendorf,38489,039000
822,Beetzsee,14778,03381
823,Beetzseeheide,14778,03381
824,Beggerow,17111,039994
825,Behlendorf,23919,04544
826,Behrendorf,25850,04843
827,Behrenhoff,17498,03834
828,Behren-Lübchin,17179,039971
829,Behrensdorf,24321,04381
830,Beidenfleth,25573,04829
831,Beiersdorf,2736,04269
832,Beiersdorf-Freudenberg,16259,033368
833,Beierstedt,38382,05354
834,Beilingen,54662,06562
835,Beilngries,92339,08461
836,Beilrode,4886,Error
837,Beilstein,71543,07130
838,Beilstein,71717,07062
839,Beilstein,56814,02671
840,Beimerstetten,89179,07348
841,Beindersheim,67259,06233
842,Beinerstadt,98660,036873
843,Beinhausen,54552,06592
844,Bekdorf,25554,04823
845,Bekmünde,25524,04821
846,Bekond,54340,06507
847,Belau,24601,04323
848,Beldorf,25557,04872
849,Beldorf,25767,04835
850,Belg,56858,Error
851,Belgern-Schildau,4874,Error
852,Belgern-Schildau,4889,Error
853,Belgershain,4683,Error
854,Belgweiler,55469,06761
855,Bell,56745,02655
856,Bellenberg,89287,07306
857,Bellheim,76756,07274
858,Bell (Hunsrück),56288,06762
859,Bellingen,56459,02663
860,Bellstedt,99713,036020
861,Belm,49191,05406
862,Belrieth,98617,03693
863,Belsch,19230,038852
864,Beltheim,56290,06746
865,Belum,21785,04752
866,Bempflingen,72658,07123
867,Bendestorf,21227,04183
868,Bendfeld,24217,04344
869,Bendorf,56170,02622
870,Bendorf,25557,04872
871,Benediktbeuern,83671,08857
872,Bengel,54538,06532
873,Bengerstorf,19258,038847
874,Benitz,18258,03844
875,Benndorf,6308,Error
876,Bennewitz,4828,02572
877,Bennhausen,67808,06357
878,Benningen,87734,08331
879,Benningen am Neckar,71726,07144
880,Bensdorf,14789,033839
881,Bensheim,64625,06251
882,Bentwisch,18182,0381
883,Bentzin,17129,039999
884,Benz,17429,038379
885,Benz,23970,03841
886,Benzweiler,55494,06764
887,Beratzhausen,93176,09492
888,Berching,92334,08460
889,Berchtesgaden,83471,08652
890,Bereborn,56769,02657
891,Berenbach,56766,02676
892,Berg,56357,06772
893,Berg,82335,08151
894,Berg,95180,09293
895,Berg,53505,02643
896,Berg,88276,0751
897,Berga,6536,06722
898,Berga/Elster,7980,07755
899,Bergatreute,88368,07527
900,Berg b.Neumarkt i.d.OPf.,92348,09181
901,Berge,19348,038785
902,Berge,49626,05435
903,Bergen,8239,08847
904,Bergen,83346,08641
905,Bergen,91790,09147
906,Bergen,55608,06752
907,Bergen,29303,05054
908,Bergen an der Dumme,29468,Error
909,Bergen auf Rügen,18528,03838
910,Bergenhausen,55469,06761
911,Bergenhusen,24861,04885
912,Bergewöhrden,25779,04836
913,Bergfeld,38467,05368
914,Berghaupten,77791,07803
915,Berghausen,56368,Error
916,Bergheim,50126,02271
917,Bergheim,50127,02271
918,Bergheim,50129,02271
919,Bergheim,86673,08431
920,Bergholz,17321,039754
921,Berghülen,89180,07344
922,Berg im Gau,86562,08454
923,Bergisch Gladbach,51427,02202
924,Bergisch Gladbach,51429,02202
925,Bergisch Gladbach,51465,02202
926,Bergisch Gladbach,51467,02202
927,Bergisch Gladbach,51469,02202
928,Bergkamen,59192,02389
929,Bergkirchen,85232,08131
930,Berglangenbach,55776,06783
931,Berglen,73663,07181
932,Berglern,85459,08761
933,Berglicht,54426,06504
934,Bergneustadt,51702,02261
935,Berg (Pfalz),76768,07277
936,Bergrheinfeld,97493,09723
937,Bergtheim,97241,09384
938,Bergweiler,54518,06535
939,Beringstedt,25575,04874
940,Berkatal,37297,05652
941,Berka vor dem Hainich,99826,036924
942,Berkenbrück,15518,033635
943,Berkenthin,23919,04544
944,Berkheim,88450,08395
945,Berkoth,54673,06564
946,Berlin,10115,030
947,Berlin,10117,030
948,Berlin,10119,030
949,Berlin,10178,030
950,Berlin,10179,030
951,Berlin,10243,030
952,Berlin,10245,030
953,Berlin,10247,030
954,Berlin,10249,030
955,Berlin,10315,030
956,Berlin,10317,030
957,Berlin,10318,030
958,Berlin,10319,030
959,Berlin,10365,030
960,Berlin,10367,030
961,Berlin,10369,030
962,Berlin,10405,030
963,Berlin,10407,030
964,Berlin,10409,030
965,Berlin,10435,030
966,Berlin,10437,030
967,Berlin,10439,030
968,Berlin,10551,030
969,Berlin,10553,030
970,Berlin,10555,030
971,Berlin,10557,030
972,Berlin,10559,030
973,Berlin,10585,030
974,Berlin,10587,030
975,Berlin,10589,030
976,Berlin,10623,030
977,Berlin,10625,030
978,Berlin,10627,030
979,Berlin,10629,030
980,Berlin,10707,030
981,Berlin,10709,030
982,Berlin,10711,030
983,Berlin,10713,030
984,Berlin,10715,030
985,Berlin,10717,030
986,Berlin,10719,030
987,Berlin,10777,030
988,Berlin,10779,030
989,Berlin,10781,030
990,Berlin,10783,030
991,Berlin,10785,030
992,Berlin,10787,030
993,Berlin,10789,030
994,Berlin,10823,030
995,Berlin,10825,030
996,Berlin,10827,030
997,Berlin,10829,030
998,Berlin,10961,030
999,Berlin,10963,030
1000,Berlin,10965,030
1001,Berlin,10967,030
1002,Berlin,10969,030
1003,Berlin,10997,030
1004,Berlin,10999,030
1005,Berlin,12043,030
1006,Berlin,12045,030
1007,Berlin,12047,030
1008,Berlin,12049,030
1009,Berlin,12051,030
1010,Berlin,12053,030
1011,Berlin,12055,030
1012,Berlin,12057,030
1013,Berlin,12059,030
1014,Berlin,12099,030
1015,Berlin,12101,030
1016,Berlin,12103,030
1017,Berlin,12105,030
1018,Berlin,12107,030
1019,Berlin,12109,030
1020,Berlin,12157,030
1021,Berlin,12159,030
1022,Berlin,12161,030
1023,Berlin,12163,030
1024,Berlin,12165,030
1025,Berlin,12167,030
1026,Berlin,12169,030
1027,Berlin,12203,030
1028,Berlin,12205,030
1029,Berlin,12207,030
1030,Berlin,12209,030
1031,Berlin,12247,030
1032,Berlin,12249,030
1033,Berlin,12277,030
1034,Berlin,12279,030
1035,Berlin,12305,030
1036,Berlin,12307,030
1037,Berlin,12309,030
1038,Berlin,12347,030
1039,Berlin,12349,030
1040,Berlin,12351,030
1041,Berlin,12353,030
1042,Berlin,12355,030
1043,Berlin,12357,030
1044,Berlin,12359,030
1045,Berlin,12435,030
1046,Berlin,12437,030
1047,Berlin,12439,030
1048,Berlin,12459,030
1049,Berlin,12487,030
1050,Berlin,12489,030
1051,Berlin,12524,030
1052,Berlin,12526,030
1053,Berlin,12527,030
1054,Berlin,12555,030
1055,Berlin,12557,030
1056,Berlin,12559,030
1057,Berlin,12587,030
1058,Berlin,12589,030
1059,Berlin,12619,030
1060,Berlin,12621,030
1061,Berlin,12623,030
1062,Berlin,12627,030
1063,Berlin,12629,030
1064,Berlin,12679,030
1065,Berlin,12681,030
1066,Berlin,12683,030
1067,Berlin,12685,030
1068,Berlin,12687,030
1069,Berlin,12689,030
1070,Berlin,13051,030
1071,Berlin,13053,030
1072,Berlin,13055,030
1073,Berlin,13057,030
1074,Berlin,13059,030
1075,Berlin,13086,030
1076,Berlin,13088,030
1077,Berlin,13089,030
1078,Berlin,13125,030
1079,Berlin,13127,030
1080,Berlin,13129,030
1081,Berlin,13156,030
1082,Berlin,13158,030
1083,Berlin,13159,030
1084,Berlin,13187,030
1085,Berlin,13189,030
1086,Berlin,13347,030
1087,Berlin,13349,030
1088,Berlin,13351,030
1089,Berlin,13353,030
1090,Berlin,13355,030
1091,Berlin,13357,030
1092,Berlin,13359,030
1093,Berlin,13403,030
1094,Berlin,13405,030
1095,Berlin,13407,030
1096,Berlin,13409,030
1097,Berlin,13435,030
1098,Berlin,13437,030
1099,Berlin,13439,030
1100,Berlin,13465,030
1101,Berlin,13467,030
1102,Berlin,13469,030
1103,Berlin,13503,030
1104,Berlin,13505,030
1105,Berlin,13507,030
1106,Berlin,13509,030
1107,Berlin,13581,030
1108,Berlin,13583,030
1109,Berlin,13585,030
1110,Berlin,13587,030
1111,Berlin,13589,030
1112,Berlin,13591,030
1113,Berlin,13593,030
1114,Berlin,13595,030
1115,Berlin,13597,030
1116,Berlin,13599,030
1117,Berlin,13627,030
1118,Berlin,13629,030
1119,Berlin,14050,030
1120,Berlin,14052,030
1121,Berlin,14053,030
1122,Berlin,14055,030
1123,Berlin,14057,030
1124,Berlin,14059,030
1125,Berlin,14089,030
1126,Berlin,14109,030
1127,Berlin,14129,030
1128,Berlin,14163,030
1129,Berlin,14165,030
1130,Berlin,14167,030
1131,Berlin,14169,030
1132,Berlin,14193,030
1133,Berlin,14195,030
1134,Berlin,14197,030
1135,Berlin,14199,030
1136,Berlingen,54570,06591
1137,Berlingerode,37339,03605
1138,Bermatingen,88697,07544
1139,Bermel,56729,02651
1140,Bermersheim,67593,06244
1141,Bermersheim vor der Höhe,55234,06737
1142,Bernau,16321,03338
1143,Bernau am Chiemsee,83233,08051
1144,Bernau im Schwarzwald,79872,07675
1145,Bernbeuren,86975,08860
1146,Bernburg,6406,Error
1147,Berndorf,54578,06593
1148,Berndroth,56370,06486
1149,Berne,27804,04406
1150,Berngau,92361,09181
1151,Bernhardswald,93170,09408
1152,Bernitt,18246,038461
1153,Bernitt,18249,038464
1154,Bernkastel-Kues,54470,06531
1155,Bernkastel-Kues,54492,06532
1156,Bernried,94505,09905
1157,Bernried am Starnberger See,82347,08158
1158,Bernsdorf,9337,Error
1159,Bernsdorf,2994,Error
1160,Bernstadt,89182,07348
1161,Bernstadt auf dem Eigen,2748,Error
1162,Bernstorf,23936,03881
1163,Berod bei Hachenburg,57614,02684
1164,Berod bei Wallmerod,56414,06435
1165,Berscheid,54673,06564
1166,Berschweiler bei Baumholder,55777,Error
1167,Berschweiler bei Kirn,55608,06752
1168,Bersenbrück,49593,05462
1169,Bersteland,15910,035474
1170,Bertsdorf-Hörnitz,2763,04742
1171,Berumbur,26524,04936
1172,Berzhahn,56459,02663
1173,Berzhausen,57632,02685
1174,Bescheid,54413,06503
1175,Beschendorf,23738,04363
1176,Besdorf,25584,04827
1177,Beselich,65614,06484
1178,Besenthal,23899,04547
1179,Beseritz,17039,0395
1180,Besigheim,74354,07143
1181,Besitz,19258,038847
1182,Bessenbach,63856,06095
1183,Bestensee,15741,033763
1184,Bestwig,59909,02905
1185,Bethenhausen,7554,Error
1186,Betteldorf,54570,06591
1187,Bettendorf,56355,06772
1188,Bettenfeld,54533,06572
1189,Bettingen,54646,06527
1190,Betzdorf,57518,02741
1191,Betzendorf,21386,04138
1192,Betzenstein,91282,09244
1193,Betzenweiler,88422,07582
1194,Betzigau,87488,0831
1195,Beulich,56283,06742
1196,Beuren,56825,02678
1197,Beuren,72660,07025
1198,Beuren (Hochwald),54413,06503
1199,Beuron,88631,07466
1200,Beutelsbach,94501,08543
1201,Bevern,25355,04123
1202,Bevern,37639,05535
1203,Beverstedt,27616,04747
1204,Beverungen,37688,05275
1205,Bexbach,66450,06826
1206,Biberach,77781,07835
1207,Biberach an der Riß,88400,07351
1208,Biberbach,86485,08293
1209,Bibertal,89346,08226
1210,Biblis,68647,06245
1211,Bibow,19417,038482
1212,Bibra,7768,Error
1213,Biburg,93354,09444
1214,Bichl,83673,08857
1215,Bickenbach,64404,06257
1216,Bickenbach,56291,06746
1217,Bickendorf,54636,06561
1218,Bidingen,87651,08348
1219,Biebelnheim,55234,06737
1220,Biebelried,97318,09321
1221,Biebelsheim,55546,0671
1222,Bieberehren,97243,09335
1223,Biebergemünd,63599,06050
1224,Biebern,55471,06761
1225,Biebertal,35444,06409
1226,Biebesheim,64584,06258
1227,Biebrich,56370,06486
1228,Biedenkopf,35216,06461
1229,Biederbach,79215,07682
1230,Biederitz,39175,039292
1231,Biedershausen,66917,06375
1232,Biedesheim,67308,06355
1233,Bielefeld,33602,0521
1234,Bielefeld,33604,0521
1235,Bielefeld,33605,0521
1236,Bielefeld,33607,0521
1237,Bielefeld,33609,0521
1238,Bielefeld,33611,0521
1239,Bielefeld,33613,0521
1240,Bielefeld,33615,0521
1241,Bielefeld,33617,0521
1242,Bielefeld,33619,0521
1243,Bielefeld,33647,0521
1244,Bielefeld,33649,0521
1245,Bielefeld,33659,0521
1246,Bielefeld,33689,0521
1247,Bielefeld,33699,0521
1248,Bielefeld,33719,0521
1249,Bielefeld,33729,0521
1250,Bielefeld,33739,0521
1251,Biendorf,18230,038296
1252,Bienenbüttel,29553,05823
1253,Bienstädt,99100,Error
1254,Biersdorf am See,54636,06561
1255,Biesdorf,54675,06522
1256,Biesenthal,16359,03337
1257,Biessenhofen,87640,08341
1258,Bietigheim,76467,07245
1259,Bietigheim-Bissingen,74321,07142
1260,Bilkheim,56414,06435
1261,Billerbeck,48727,02543
1262,Billigheim,74842,06265
1263,Billigheim-Ingenheim,76831,06349
1264,Bilsen,25485,04120
1265,Bilshausen,37434,05528
1266,Bimöhlen,24576,04192
1267,Binau,74862,06263
1268,Bindlach,95463,09208
1269,Bingen,72511,07577
1270,Bingen am Rhein,55411,06721
1271,Binnen,31619,05028
1272,Binningen,56754,02672
1273,Binsfeld,54518,06535
1274,Binswangen,86637,08272
1275,Binz,18609,038393
1276,Binzen,79589,07621
1277,Bippen,49626,05435
1278,Birenbach,73102,07161
1279,Birgel,54587,06597
1280,Birgland,92262,09186
1281,Birkenau,69488,06209
1282,Birkenbeul,57589,02682
1283,Birkenfeld,75217,07082
1284,Birkenfeld,97834,09398
1285,Birkenfeld,55765,06782
1286,Birkenfelde,37318,036083
1287,Birkenheide,67134,06237
1288,Birken-Honigsessen,57587,02294
1289,Birkenhördt,76889,06349
1290,Birkenwerder,16547,03303
1291,Birkheim,56291,06746
1292,Birkweiler,76831,06349
1293,Birlenbach,65626,06432
1294,Birnbach,57612,02681
1295,Birresborn,54574,06594
1296,Birstein,63633,06054
1297,Birtlingen,54634,06561
1298,Birx,98634,036941
1299,Bischberg,96120,09503
1300,Bischbrunn,97836,09394
1301,Bischbrunn,97852,09394
1302,Bischheim,67294,06352
1303,Bischoffen,35649,06444
1304,Bischofrod,98553,03681
1305,Bischofroda,99826,036924
1306,Bischofsgrün,95493,09276
1307,Bischofsheim,65474,06144
1308,Bischofsheim i.d.Rhön,97653,09772
1309,Bischofsmais,94253,09920
1310,Bischofswerda,1877,Error
1311,Bischofswiesen,83483,08652
1312,Bischweier,76476,07222
1313,Bisingen,72406,07476
1314,Bismark (Altmark),39628,039324
1315,Bismark (Altmark),39629,039089
1316,Bispingen,29646,05194
1317,Bissee,24582,04322
1318,Bissendorf,49143,05402
1319,Bissersheim,67281,06359
1320,Bissingen,86657,09084
1321,Bissingen an der Teck,73266,07023
1322,Bisterschied,67806,06361
1323,Bitburg,54634,06561
1324,Bitterfeld-Wolfen,6749,Error
1325,Bitterfeld-Wolfen,6766,06306
1326,Bitterfeld-Wolfen,6803,Error
1327,Bitterfeld-Wolfen,6808,Error
1328,Bitz,72475,07431
1329,Bitzen,57539,02682
1330,Blaibach,93476,09941
1331,Blaichach,87544,08323
1332,Blankenbach,63825,06024
1333,Blankenberg,19412,038483
1334,Blankenburg,6502,Error
1335,Blankenburg,38889,03944
1336,Blankenburg,38895,039453
1337,Blankenburg,99955,036041
1338,Blankenfelde-Mahlow,15827,03379
1339,Blankenfelde-Mahlow,15831,03379
1340,Blankenhagen,18182,0381
1341,Blankenhain,99444,036459
1342,Blankenheim,53945,02697
1343,Blankenheim,6528,Error
1344,Blankenhof,17039,0395
1345,Blankenrath,56865,06545
1346,Blankensee,17322,039749
1347,Blankensee,17237,039826
1348,Blaubach,66869,06381
1349,Blaubeuren,89143,07344
1350,Blaufelden,74572,07936
1351,Blaustein,89134,07304
1352,Bleckede,19273,038845
1353,Bleckede,21354,05852
1354,Bleckhausen,54570,06591
1355,Bleialf,54608,06555
1356,Bleicherode,99752,036338
1357,Blekendorf,24327,04382
1358,Blender,27337,04233
1359,Blesewitz,17392,039727
1360,Bleyen-Genschmar,15328,033472
1361,Bliedersdorf,21640,04163
1362,Bliesdorf,16269,033456
1363,Blieskastel,66440,06842
1364,Bliestorf,23847,04534
1365,Blievenstorf,19306,038757
1366,Blindheim,89434,09070
1367,Blomberg,32825,05236
1368,Blomberg,26487,04977
1369,Blomesche Wildnis,25348,04124
1370,Blowatz,23974,038426
1371,Blumberg,78176,07702
1372,Blumenholz,17237,039826
1373,Blumenthal,24241,04347
1374,Blunk,23813,04555
1375,Bobeck,7646,07245
1376,Bobenheim am Berg,67273,06353
1377,Bobenheim-Roxheim,67240,06239
1378,Bobenthal,76891,06394
1379,Böbing,82389,08867
1380,Bobingen,86399,08234
1381,Böbingen,67482,06347
1382,Böbingen an der Rems,73560,07171
1383,Bobitz,23966,03841
1384,Bobitz,23996,038423
1385,Böblingen,71032,07031
1386,Böblingen,71034,07031
1387,Böbrach,94255,09923
1388,Bobritzsch-Hilbersdorf,9627,09574
1389,Bobzin,19230,038852
1390,Böchingen,76833,06345
1391,Bocholt,46395,02871
1392,Bocholt,46397,02871
1393,Bocholt,46399,02871
1394,Bochum,44787,0234
1395,Bochum,44789,0234
1396,Bochum,44791,0234
1397,Bochum,44793,0234
1398,Bochum,44795,0234
1399,Bochum,44797,0234
1400,Bochum,44799,0234
1401,Bochum,44801,0234
1402,Bochum,44803,0234
1403,Bochum,44805,0234
1404,Bochum,44807,0234
1405,Bochum,44809,0234
1406,Bochum,44866,0234
1407,Bochum,44867,0234
1408,Bochum,44869,0234
1409,Bochum,44879,0234
1410,Bochum,44892,0234
1411,Bochum,44894,0234
1412,Bocka,7589,Error
1413,Bockau,8324,08641
1414,Bockenau,55595,0671
1415,Bockenem,31167,05067
1416,Bockenheim an der Weinstraße,67278,06359
1417,Bockhorn,85461,08122
1418,Bockhorn,26345,04453
1419,Bockhorst,26897,04967
1420,Bodelshausen,72411,07471
1421,Bodelwitz,7381,Error
1422,Boden,56412,06485
1423,Bodenbach,53539,02692
1424,Bodenfelde,37194,05572
1425,Bodenheim,55294,06135
1426,Bodenkirchen,84155,08741
1427,Bodenmais,94249,09924
1428,Bodenrode-Westhausen,37308,036082
1429,Bodensee,37434,05528
1430,Bodenwerder,37619,05533
1431,Bodenwöhr,92439,09434
1432,Bodman-Ludwigshafen,78351,07773
1433,Bodnegg,88285,07520
1434,Bodolz,88131,08382
1435,Böel,24401,04641
1436,Böel,24405,04646
1437,Böel,24891,Error
1438,Boffzen,37691,05271
1439,Bogel,56357,06772
1440,Bogen,94327,09422
1441,Böhen,87736,08338
1442,Böhlen,4564,Error
1443,Böhl-Iggelheim,67459,06324
1444,Böhme,29693,05164
1445,Böhmenkirch,89558,07332
1446,Böhmfeld,85113,08406
1447,Bohmstedt,25853,04673
1448,Bohmte,49163,05471
1449,Böhnhusen,24220,04347
1450,Boiensdorf,23974,038426
1451,Boitze,21368,05851
1452,Boitzenburger Land,17268,039886
1453,Boizenburg/Elbe,19258,038847
1454,Bokel,25364,04127
1455,Bokel,24802,04330
1456,Bokelrehm,25596,04827
1457,Bokensdorf,38556,05366
1458,Bokholt-Hanredder,25335,04121
1459,Bokhorst,25560,04825
1460,Bokhorst,25572,04858
1461,Böklund,24860,04623
1462,Boksee,24220,04347
1463,Bolanden,67295,06352
1464,Boldekow,17392,039727
1465,Böllen,79677,07673
1466,Bollenbach,55624,06544
1467,Böllenborn,76887,06343
1468,Bollendorf,54669,06526
1469,Bollewick,17207,039931
1470,Bollingstedt,24855,04625
1471,Bollschweil,79283,07602
1472,Bölsberg,57648,02661
1473,Bolsterlang,87538,08326
1474,Boltenhagen,23946,038825
1475,Boms,88361,07584
1476,Bondelum,25850,04843
1477,Bondorf,71149,07457
1478,Bönebüttel,24620,04321
1479,Bonefeld,56579,02634
1480,Bönen,59199,02383
1481,Bonerath,54316,06588
1482,Bongard,53539,02692
1483,Bonn,53111,0228
1484,Bonn,53113,0228
1485,Bonn,53115,0228
1486,Bonn,53117,0228
1487,Bonn,53119,0228
1488,Bonn,53121,0228
1489,Bonn,53123,0228
1490,Bonn,53125,0228
1491,Bonn,53127,0228
1492,Bonn,53129,0228
1493,Bonn,53173,0228
1494,Bonn,53175,0228
1495,Bonn,53177,0228
1496,Bonn,53179,0228
1497,Bonn,53225,0228
1498,Bonn,53227,0228
1499,Bonn,53229,0228
1500,Bonndorf im Schwarzwald,79848,Error
1501,Bönnigheim,74357,07143
1502,Bönningstedt,25474,040
1503,Bonstetten,86486,08293
1504,Boock,17322,039749
1505,Boos,56729,02651
1506,Boos,87737,08333
1507,Boos,55595,0671
1508,Boostedt,24598,04393
1509,Bopfingen,73441,07362
1510,Boppard,56154,06742
1511,Borchen,33178,05258
1512,Bördeaue,39435,039268
1513,Börde-Hakel,39448,039268
1514,Bördeland,39221,039297
1515,Bordelum,25821,04671
1516,Bordelum,25842,04674
1517,Bordelum,25852,04671
1518,Bordesholm,24582,04322
1519,Boren,24392,04641
1520,Börfink,54422,06503
1521,Borgdorf-Seedorf,24589,04392
1522,Borgentreich,34434,05643
1523,Börger,26904,05953
1524,Börgerende-Rethwisch,18211,038203
1525,Borgholzhausen,33829,05425
1526,Borgstedt,24794,04331
1527,Borgsum,25938,04681
1528,Borgwedel,24857,04621
1529,Borken,46325,02861
1530,Borken (Hessen),34582,05682
1531,Borkheide,14822,033841
1532,Borkow,19406,038485
1533,Borkum,26757,04922
1534,Borkwalde,14822,033841
1535,Borler,53539,02692
1536,Börm,24863,04627
1537,Borna,4552,02324
1538,Born a. Darß,18375,038233
1539,Borne,39435,039268
1540,Bornhagen,37318,036083
1541,Bornheim,53332,02222
1542,Bornheim,55237,06734
1543,Bornheim,76879,06347
1544,Bornholt,25557,04872
1545,Bornholt,25725,04805
1546,Bornhöved,24619,04323
1547,Bornich,56348,06774
1548,Börnichen,9437,09905
1549,Börnsen,21039,040
1550,Bornstedt,6295,Error
1551,Borod,57614,02684
1552,Borrentin,17111,039994
1553,Börrstadt,67725,06357
1554,Börsborn,66904,06386
1555,Borsdorf,4451,Error
1556,Borsfleth,25376,04124
1557,Börslingen,89177,07340
1558,Börßum,38312,05334
1559,Borstel,24616,04324
1560,Borstel,27246,04276
1561,Borstel-Hohenraden,25494,04101
1562,Borstorf,23881,04542
1563,Börtlingen,73104,07172
1564,Borxleben,6556,Error
1565,Bosau,23715,04527
1566,Bosbüll,25899,04661
1567,Bösdorf,24306,04522
1568,Bösel,26219,04494
1569,Bosenbach,66887,06381
1570,Bösenbrunn,8606,Error
1571,Bösingen,78662,07403
1572,Bösleben-Wüllersleben,99310,03628
1573,Bötersen,27367,04205
1574,Bothel,27386,04260
1575,Bothkamp,24250,04302
1576,Bottenbach,66504,06339
1577,Böttingen,78583,07429
1578,Bottrop,46236,02041
1579,Bottrop,46238,02041
1580,Bottrop,46240,02041
1581,Bottrop,46242,02041
1582,Bottrop,46244,02041
1583,Bötzingen,79268,07663
1584,Bous,66359,06834
1585,Bovenau,24796,04334
1586,Bovenden,37120,05594
1587,Boxberg,97944,09340
1588,Boxberg,54552,06592
1589,Boxberg/O.L. - Hamor,2943,05843
1590,Böxlund,24994,04605
1591,Braak,22145,040
1592,Brachbach,57555,0271
1593,Brachtendorf,56761,02653
1594,Brachttal,63636,06053
1595,Brackel,21438,04185
1596,Brackenheim,74336,07135
1597,Braderup,25923,04663
1598,Brahlstorf,19273,038845
1599,Brahmenau,7554,Error
1600,Brake,26919,04401
1601,Brakel,33034,05276
1602,Brammer,24793,04875
1603,Bramsche,49565,05461
1604,Bramstedtlund,25926,04666
1605,Brand,95682,09236
1606,Brande-Hörnerkirchen,25364,04127
1607,Brandenburg an der Havel,14770,03381
1608,Brandenburg an der Havel,14772,03381
1609,Brandenburg an der Havel,14774,03381
1610,Brandenburg an der Havel,14776,03381
1611,Brand-Erbisdorf,9618,09504
1612,Brandis,4821,Error
1613,Brandis,4824,02594
1614,Brandscheid,56459,02663
1615,Brandscheid,54608,06555
1616,Brannenburg,83098,08034
1617,Braubach,56338,02627
1618,Brauneberg,54470,06531
1619,Brauneberg,54472,06531
1620,Braunfels,35619,06472
1621,Braunichswalde,7580,Error
1622,Braunlage,37444,05582
1623,Braunlage,38700,05520
1624,Bräunlingen,78199,07707
1625,Braunsbach,74542,07906
1626,Braunsbedra,6242,Error
1627,Braunsbedra,6259,Error
1628,Braunschweig,38100,0531
1629,Braunschweig,38102,0531
1630,Braunschweig,38104,0531
1631,Braunschweig,38106,0531
1632,Braunschweig,38108,0531
1633,Braunschweig,38110,0531
1634,Braunschweig,38112,0531
1635,Braunschweig,38114,0531
1636,Braunschweig,38116,0531
1637,Braunschweig,38118,0531
1638,Braunschweig,38120,0531
1639,Braunschweig,38122,0531
1640,Braunschweig,38124,0531
1641,Braunschweig,38126,0531
1642,Braunshorn,56288,06762
1643,Braunweiler,55595,0671
1644,Brauweiler,55606,06752
1645,Brechen,65611,06431
1646,Brecht,54636,06561
1647,Breckerfeld,58339,02338
1648,Breddenberg,26897,04967
1649,Breddin,16845,033978
1650,Breddorf,27412,04283
1651,Breddorf,27726,04794
1652,Bredenbek,24796,04334
1653,Bredenfelde,17153,039954
1654,Bredstedt,25821,04671
1655,Breege,18556,038391
1656,Breese,19322,03877
1657,Breesen,17091,039602
1658,Breest,17089,03965
1659,Brehme,37339,03605
1660,Breidenbach,35236,06465
1661,Breiholz,24797,04332
1662,Breisach am Rhein,79206,07667
1663,Breit,54426,06504
1664,Breitbrunn,96151,09522
1665,Breitbrunn am Chiemsee,83254,08054
1666,Breitenau,56237,02601
1667,Breitenbach,66916,06386
1668,Breitenbach am Herzberg,36287,06675
1669,Breitenberg,25597,04828
1670,Breitenberg,94139,08584
1671,Breitenbrunn,87739,08263
1672,Breitenbrunn,92363,09495
1673,Breitenbrunn/Erzgebirge,8359,Error
1674,Breitenburg,25524,04821
1675,Breitenfelde,23881,04542
1676,Breitengüßbach,96149,09542
1677,Breitenheim,55592,06753
1678,Breitenthal,86488,08282
1679,Breitenthal,55758,06785
1680,Breitenworbis,37339,03605
1681,Breitingen,89183,07340
1682,Breitnau,79874,07651
1683,Breitscheid,35767,02777
1684,Breitscheid,53547,02638
1685,Breitscheid,55422,06743
1686,Breitscheidt,57539,02682
1687,Breitungen/Werra,98597,036848
1688,Brekendorf,24811,04336
1689,Breklum,25821,04671
1690,Bremberg,56370,06486
1691,Bremen,27568,0471
1692,Bremen,28195,0421
1693,Bremen,28197,0421
1694,Bremen,28199,0421
1695,Bremen,28201,0421
1696,Bremen,28203,0421
1697,Bremen,28205,0421
1698,Bremen,28207,0421
1699,Bremen,28209,0421
1700,Bremen,28211,0421
1701,Bremen,28213,0421
1702,Bremen,28215,0421
1703,Bremen,28217,0421
1704,Bremen,28219,0421
1705,Bremen,28237,0421
1706,Bremen,28239,0421
1707,Bremen,28259,0421
1708,Bremen,28277,0421
1709,Bremen,28279,0421
1710,Bremen,28307,0421
1711,Bremen,28309,0421
1712,Bremen,28325,0421
1713,Bremen,28327,0421
1714,Bremen,28329,0421
1715,Bremen,28355,0421
1716,Bremen,28357,0421
1717,Bremen,28359,0421
1718,Bremen,28717,0421
1719,Bremen,28719,0421
1720,Bremen,28755,0421
1721,Bremen,28757,0421
1722,Bremen,28759,0421
1723,Bremen,28777,0421
1724,Bremen,28779,0421
1725,Bremerhaven,27568,0471
1726,Bremerhaven,27570,0471
1727,Bremerhaven,27572,0471
1728,Bremerhaven,27574,0471
1729,Bremerhaven,27576,0471
1730,Bremerhaven,27578,0471
1731,Bremerhaven,27580,0471
1732,Bremervörde,27432,04767
1733,Bremm,56814,02671
1734,Bremsnitz,7646,07245
1735,Brenk,56651,02636
1736,Brennberg,93179,09484
1737,Brensbach,64395,06161
1738,Brenz,19306,038757
1739,Bresegard bei Eldena,19294,038758
1740,Bresegard bei Picher,19230,038852
1741,Brest,21698,04164
1742,Bretten,75015,07252
1743,Bretthausen,56479,02664
1744,Bretzenheim,55559,0671
1745,Bretzfeld,74626,07946
1746,Breuberg,64747,06165
1747,Breuna,34479,05676
1748,Breunigweiler,67725,06357
1749,Brevörde,37647,05535
1750,Brey,56321,02628
1751,Breydin,16230,033362
1752,Brickeln,25712,04825
1753,Briedel,56850,06541
1754,Briedel,56867,06542
1755,Brieden,56829,02672
1756,Briedern,56820,02673
1757,Brieselang,14656,033232
1758,Briesen,3096,05101
1759,Briesen (Mark),15518,033635
1760,Brieskow-Finkenheerd,15295,033609
1761,Brietlingen,21382,04133
1762,Brietzig,17309,03973
1763,Brigachtal,78086,07726
1764,Briggow,17153,039954
1765,Brilon,59929,02963
1766,Brimingen,54646,06527
1767,Brinjahe,24816,04875
1768,Brinkum,26835,04946
1769,Britz,16230,033362
1770,Bröbberow,18258,03844
1771,Brockel,27386,04260
1772,Bröckel,29356,05144
1773,Brockscheid,54552,06592
1774,Brockum,49448,05443
1775,Brodenbach,56332,02607
1776,Brodersby,24398,04352
1777,Brodersby-Goltoft,24864,Error
1778,Brodersdorf,24235,04343
1779,Broderstorf,18184,038204
1780,Brohl,56754,02672
1781,Brohl-Lützing,56656,02633
1782,Brokdorf,25554,04823
1783,Brokdorf,25576,04829
1784,Brokstedt,24616,04324
1785,Brombachtal,64753,06063
1786,Brome,38465,05833
1787,Bronkow,3205,05221
1788,Bröthen,21514,04155
1789,Brotterode-Trusetal,98596,036840
1790,Bruch,54518,06535
1791,Bruchertseifen,57539,02682
1792,Bruchhausen,53572,02224
1793,Bruchhausen-Vilsen,27305,04252
1794,Bruchköbel,63486,06181
1795,Bruchmühlbach-Miesau,66892,06372
1796,Bruchsal,76646,07251
1797,Bruchstedt,99955,036041
1798,Bruchweiler,55758,06785
1799,Bruchweiler-Bärenbach,76891,06394
1800,Bruck,85567,08092
1801,Brück,14822,033841
1802,Bruckberg,84079,08765
1803,Bruckberg,91590,09802
1804,Brücken,55767,06782
1805,Brücken-Hackpfüffel,6528,Error
1806,Brücken (Pfalz),66904,06386
1807,Bruck i.d.OPf.,92436,09434
1808,Bruckmühl,83052,08062
1809,Brücktal,53539,02692
1810,Brüel,19412,038483
1811,Brügge,24582,04322
1812,Brüggen,41379,02157
1813,Brühl,50321,02232
1814,Brühl,68782,06202
1815,Brunn,93164,09498
1816,Brunn,17039,0395
1817,Brunnen,86564,08454
1818,Brunnthal,85649,08102
1819,Brünn/Thür.,98673,03686
1820,Brunow,19357,038780
1821,Brunow,19372,038728
1822,Brunsbek,22946,04154
1823,Brunsbüttel,25541,04852
1824,Brunsmark,23883,04545
1825,Brunstorf,21524,04151
1826,Brünzow,17509,038354
1827,Bruschied,55606,06752
1828,Brüsewitz,19071,0385
1829,Brüssow,17326,039742
1830,Bruttig-Fankel,56814,02671
1831,Bubach,56288,06762
1832,Bubenheim,55270,06131
1833,Bubenheim,67308,06355
1834,Bubenreuth,91088,09131
1835,Bubesheim,89347,08221
1836,Buborn,67742,06382
1837,Bubsheim,78585,07429
1838,Buch,56357,06772
1839,Buch,89290,07343
1840,Buch,56290,06746
1841,Bucha,7751,Error
1842,Buch am Buchrain,85656,08124
1843,Buch am Erlbach,84172,08706
1844,Buch am Wald,91592,09868
1845,Buchbach,84428,08637
1846,Buchbrunn,97320,09321
1847,Buchdorf,86675,09099
1848,Büchel,56823,02678
1849,Büchel,99638,036375
1850,Büchen,21514,04155
1851,Buchenbach,79256,07661
1852,Büchenbach,91186,09171
1853,Buchenberg,87474,08378
1854,Büchenbeuren,55491,06543
1855,Buchen (Odenwald),74722,06292
1856,Buchet,54608,06555
1857,Buchfart,99438,036458
1858,Buchheim,78567,07463
1859,Buchheim,88637,07777
1860,Buchhofen,94533,09938
1861,Buchholz,25712,04825
1862,Buchholz,31710,05751
1863,Buchholz,23911,04541
1864,Buchholz,17209,Error
1865,Buchholz (Aller),29690,05071
1866,Buchholz in der Nordheide,21244,04181
1867,Buchholz (Westerwald),53567,02683
1868,Buchhorst,21481,04153
1869,Büchlberg,94124,08581
1870,Buchloe,86807,08241
1871,Buckautal,14793,033830
1872,Bückeburg,31675,05722
1873,Bücken,27333,04251
1874,Buckenhof,91054,09131
1875,Buckow,15377,033433
1876,Büdelsdorf,24782,04331
1877,Budenbach,55469,06761
1878,Budenheim,55257,06139
1879,Büdesheim,54610,06558
1880,Büdingen,63654,06042
1881,Büdlich,54426,06504
1882,Bugewitz,17398,039726
1883,Buggenhagen,17440,038370
1884,Buggingen,79426,07634
1885,Bühl,77815,07223
1886,Buhla,37339,03605
1887,Buhlenberg,55767,06782
1888,Bühlertal,77830,07223
1889,Bühlertann,74424,07974
1890,Bühlerzell,74426,07974
1891,Bühnsdorf,23845,04535
1892,Bühren,37127,05502
1893,Bülkau,21782,04777
1894,Bullay,56859,06542
1895,Bullenkuhlen,25355,04123
1896,Bülow,19089,0385
1897,Bülstedt,27412,04283
1898,Bülstringen,39345,039054
1899,Bunde,26831,04903
1900,Bünde,32257,05223
1901,Bundenbach,55626,06544
1902,Bundenthal,76891,06394
1903,Bundorf,97494,09523
1904,Bünsdorf,24794,04331
1905,Bunsoh,25767,04835
1906,Burbach,57299,02736
1907,Burbach,54597,06556
1908,Bürdenbach,56593,02687
1909,Büren,33142,02951
1910,Burg,39288,06564
1911,Burg,54646,06527
1912,Burgau,89331,08222
1913,Burgberg i.Allgäu,87545,08321
1914,Burgbernheim,91593,09843
1915,Burgbrohl,56659,02636
1916,Burg (Dithmarschen),25712,04825
1917,Burgdorf,31303,05136
1918,Burgdorf,38272,05347
1919,Burgebrach,96138,09546
1920,Bürgel,7616,Error
1921,Burgen,56332,02607
1922,Burgen,54472,06531
1923,Burggen,86977,08868
1924,Burghaslach,96152,09552
1925,Burghaun,36151,06653
1926,Burghausen,84489,08677
1927,Burgheim,86666,08432
1928,Burgkirchen an der Alz,84508,08677
1929,Burgkunstadt,96224,09572
1930,Burglahr,57632,02685
1931,Burglauer,97724,09733
1932,Burglengenfeld,93133,09474
1933,Burg (Mosel),56843,06541
1934,Burgoberbach,91595,09805
1935,Burgpreppach,97496,09534
1936,Burgrieden,88483,07392
1937,Burgsalach,91790,09147
1938,Burgschwalbach,65558,06432
1939,Burgsinn,97775,09356
1940,Burgsponheim,55595,0671
1941,Burg (Spreewald),3096,05101
1942,Burgstädt,9217,Error
1943,Bürgstadt,63927,09371
1944,Burgstall,39517,039365
1945,Burg Stargard,17094,039603
1946,Burgstetten,71576,07191
1947,Burgthann,90559,09183
1948,Burgwald,35099,06451
1949,Burgwalde,37318,036083
1950,Burgwedel,30938,05139
1951,Burgwindheim,96154,09551
1952,Burk,91596,09822
1953,Burkardroth,97705,09734
1954,Burkau - Porchow,1906,03866
1955,Burkhardtsdorf,9235,09182
1956,Burladingen,72393,07475
1957,Burow,17089,03965
1958,Burrweiler,76835,06323
1959,Burscheid,51399,02174
1960,Bürstadt,68642,06206
1961,Burtenbach,89349,08285
1962,Burtscheid,54424,06504
1963,Burweg,21709,04144
1964,Buschvitz,18528,03838
1965,Busdorf,24866,04621
1966,Buseck,35418,06408
1967,Busenberg,66996,06393
1968,Busenberg,76891,06394
1969,Busenhausen,57612,02681
1970,Busenwurth,25719,04857
1971,Büsingen am Hochrhein,78266,07734
1972,Büsum,25761,04834
1973,Büsumer Deichhausen,25761,04834
1974,Butjadingen,26969,04736
1975,Bütow,17209,Error
1976,Büttel,25572,04858
1977,Büttelborn,64572,06152
1978,Buttenheim,96155,09545
1979,Buttenwiesen,86647,Error
1980,Bütthard,97244,09336
1981,Buttlar,36419,036967
1982,Buttstädt,99628,036373
1983,Büttstedt,37359,036075
1984,Butzbach,35510,06033
1985,Butzow,17392,039727
1986,Bützow,18246,038461
1987,Buxheim,87740,08331
1988,Buxheim,85114,08458
1989,Buxtehude,21614,04161
1990,Byhleguhre-Byhlen,15913,035473
1991,Caan,56237,02601
1992,Caaschwitz,7586,Error
1993,Cadenberge,21781,04753
1994,Cadolzburg,90556,09103
1995,Calau,3205,05221
1996,Calberlah,38547,05301
1997,Calbe (Saale),39240,039291
1998,Calden,34379,05677
1999,Callbach,67829,06753
2000,Callenberg,9337,Error
2001,Calvörde,39359,039057
2002,Calvörde,39638,03907
2003,Calw,75365,07051
2004,Cambs,19067,0385
2005,Cammin,18195,038205
2006,Cappeln (Oldenburg),49692,04478
2007,Carinerland,18233,038294
2008,Carlow,19217,038872
2009,Carlsberg,67316,06356
2010,Carmzow-Wallmow,17291,03984
2011,Carpin,17237,039826
2012,Casekow,16306,033331
2013,Castell,97355,09325
2014,Castrop-Rauxel,44575,02305
2015,Castrop-Rauxel,44577,02305
2016,Castrop-Rauxel,44579,02305
2017,Castrop-Rauxel,44581,02305
2018,Cavertitz,4758,02824
2019,Celle,29221,05141
2020,Celle,29223,05141
2021,Celle,29225,05141
2022,Celle,29227,05141
2023,Celle,29229,05141
2024,Cham,93413,09971
2025,Chamerau,93466,09944
2026,Charlottenberg,56379,02604
2027,Chemnitz,9111,Error
2028,Chemnitz,9112,09178
2029,Chemnitz,9113,Error
2030,Chemnitz,9114,Error
2031,Chemnitz,9116,09174
2032,Chemnitz,9117,09173
2033,Chemnitz,9119,Error
2034,Chemnitz,9120,09126
2035,Chemnitz,9122,09154
2036,Chemnitz,9123,09157
2037,Chemnitz,9125,09246
2038,Chemnitz,9126,Error
2039,Chemnitz,9127,09643
2040,Chemnitz,9128,09647
2041,Chemnitz,9130,09191
2042,Chemnitz,9131,09193
2043,Chemnitz,9224,09662
2044,Chemnitz,9228,09189
2045,Chemnitz,9247,Error
2046,Chieming,83339,08667
2047,Chiemsee,83209,08051
2048,Chiemsee,83256,Error
2049,Chorin,16230,033362
2050,Christes,98547,036843
2051,Christiansholm,24799,04624
2052,Christinenthal,25593,04876
2053,Clausen,66978,06333
2054,Claußnitz,9236,09495
2055,Clausthal-Zellerfeld,38667,05322
2056,Clausthal-Zellerfeld,38678,05323
2057,Clausthal-Zellerfeld,38707,05328
2058,Clausthal-Zellerfeld,38709,05323
2059,Cleebronn,74389,07135
2060,Clenze,29459,05844
2061,Clingen,99718,036370
2062,Cloppenburg,49661,04471
2063,Coburg,96450,09561
2064,Cochem,56812,02671
2065,Coesfeld,48653,02541
2066,Cölbe,35091,06427
2067,Colbitz,39326,039206
2068,Colditz,4680,Error
2069,Collenberg,97896,09377
2070,Collenberg,97903,09376
2071,Colmberg,91598,09823
2072,Colnrade,27243,04244
2073,Cölpin,17094,039603
2074,Contwig,66497,06332
2075,Coppenbrügge,31863,05156
2076,Cornberg,36219,05650
2077,Coswig,1640,Error
2078,Coswig (Anhalt),6868,Error
2079,Coswig (Anhalt),6869,Error
2080,Cottbus - Chóśebuz,3042,Error
2081,Cottbus - Chóśebuz,3044,0511
2082,Cottbus - Chóśebuz,3046,Error
2083,Cottbus - Chóśebuz,3048,Error
2084,Cottbus - Chóśebuz,3050,Error
2085,Cottbus - Chóśebuz,3051,0511
2086,Cottbus - Chóśebuz,3052,0511
2087,Cottbus - Chóśebuz,3053,0511
2088,Cottbus - Chóśebuz,3054,Error
2089,Cottbus - Chóśebuz,3055,0511
2090,Crailsheim,74564,07951
2091,Crailsheim,74597,07962
2092,Cramberg,65558,06432
2093,Cramme,38312,05334
2094,Cramonshagen,19071,0385
2095,Creglingen,97993,07933
2096,Cremlingen,38162,05306
2097,Creußen,95473,09270
2098,Crimla,7557,Error
2099,Crimmitschau,8451,08631
2100,Crinitz,3246,05702
2101,Crinitzberg,8147,089
2102,Crivitz,19089,0385
2103,Cronenberg,67744,06382
2104,Crossen an der Elster,7613,0721
2105,Crostwitz - Chrósćicy,1920,038874
2106,Crottendorf,9474,Error
2107,Cumlosen,19322,03877
2108,Cunewalde,2733,04253
2109,Cursdorf,98744,Error
2110,Cuxhaven,27472,04721
2111,Cuxhaven,27474,04721
2112,Cuxhaven,27476,04721
2113,Cuxhaven,27478,04721
2114,Daaden,57567,02743
2115,Dabel,19406,038485
2116,Dabergotz,16818,033920
2117,Daberkow,17129,039999
2118,Dachau,85221,08131
2119,Dachsbach,91462,09163
2120,Dachsberg (Südschwarzwald),79837,07755
2121,Dachsberg (Südschwarzwald),79875,07672
2122,Dachsenhausen,56340,06776
2123,Dachwig,99100,036206
2124,Dackenheim,67273,06353
2125,Dackscheid,54649,06554
2126,Dagebüll,25899,04661
2127,Dägeling,25578,04821
2128,Dahlem,53949,06557
2129,Dahlem,54636,06561
2130,Dahlem,21368,05851
2131,Dahlen,4774,Error
2132,Dahlenburg,21368,05851
2133,Dahlheim,56348,06774
2134,Dahlum,38170,05332
2135,Dahme,23747,04364
2136,Dahme/Mark,15936,035454
2137,Dahmen,17166,03996
2138,Dahmetal,15936,035454
2139,Dahmker,22946,04154
2140,Dahn,66994,06391
2141,Dahnen,54689,06550
2142,Dähre,29413,03902
2143,Daisendorf,88718,07532
2144,Daiting,86653,09091
2145,Dalberg,55595,0671
2146,Dalberg-Wendelstorf,19071,0385
2147,Daldorf,24635,04328
2148,Daleiden,54689,06550
2149,Dalheim,55278,06138
2150,Dalkendorf,17166,03996
2151,Dalldorf,21483,04151
2152,Dallgow-Döberitz,14624,030
2153,Dambach,55765,06782
2154,Dambeck,19357,038780
2155,Damendorf,24361,04356
2156,Damflos,54413,06503
2157,Damlos,23738,04363
2158,Dammbach,63874,09392
2159,Damme,49401,05491
2160,Dammfleth,25554,04823
2161,Dammfleth,25573,04829
2162,Damnatz,29472,05865
2163,Damp,24351,04352
2164,Damscheid,55432,06744
2165,Damsdorf,23824,04557
2166,Damshagen,23936,03881
2167,Damshagen,23948,038825
2168,Dänischenhagen,24229,04349
2169,Dankerath,53520,02695
2170,Dannau,24329,04522
2171,Danndorf,38461,05364
2172,Dannenberg,29451,05861
2173,Dannenfels,67814,06357
2174,Dannewerk,24867,04624
2175,Dannstadt-Schauernheim,67125,06231
2176,Dargelin,17498,03834
2177,Dargen,17419,038378
2178,Dargen,17429,038379
2179,Dargun,17159,039959
2180,Darmstadt,64283,06151
2181,Darmstadt,64285,06151
2182,Darmstadt,64287,06151
2183,Darmstadt,64289,06151
2184,Darmstadt,64291,06151
2185,Darmstadt,64293,06151
2186,Darmstadt,64295,06151
2187,Darmstadt,64297,06151
2188,Darscheid,54552,06592
2189,Darstein,76848,06392
2190,Dasburg,54689,06550
2191,Dasing,86453,08205
2192,Dassel,37586,05564
2193,Dassendorf,21521,04104
2194,Dassow,23942,038826
2195,Dätgen,24589,04392
2196,Datteln,45711,02363
2197,Dattenberg,53547,02638
2198,Datzeroth,56589,02638
2199,Datzetal,17099,039607
2200,Daubach,56412,06485
2201,Daubach,55566,06751
2202,Dauchingen,78083,07728
2203,Daun,54550,06592
2204,Dausenau,56132,02603
2205,Dautmergen,72356,07427
2206,Dautphetal,35232,06466
2207,Dauwelshausen,54673,06564
2208,Daxweiler,55442,06724
2209,Dechow,19217,038872
2210,Deckenpfronn,75392,07056
2211,Dedelstorf,29386,05832
2212,Dedenbach,53426,02646
2213,Deensen,37627,05532
2214,Deesbach,98744,Error
2215,Deesen,56237,02601
2216,Deggendorf,94469,0991
2217,Deggenhausertal,88693,07555
2218,Deggingen,73312,07331
2219,Deggingen,73326,07334
2220,Deidesheim,67146,06326
2221,Deidesheim,67157,06322
2222,Deidesheim,67435,06321
2223,Deidesheim,67466,06325
2224,Deilingen,78586,07426
2225,Deimberg,67742,06382
2226,Deining,92364,09184
2227,Deiningen,86738,09085
2228,Deinste,21717,04149
2229,Deinstedt,27446,04284
2230,Deisenhausen,86489,08282
2231,Deißlingen,78652,07420
2232,Deizisau,73779,07153
2233,Delbrück,33129,05250
2234,Delingsdorf,22941,04532
2235,Delitzsch,4509,Error
2236,Dellfeld,66503,06336
2237,Delligsen,31073,05187
2238,Dellstedt,25786,04802
2239,Delmenhorst,27749,04221
2240,Delmenhorst,27751,04221
2241,Delmenhorst,27753,04221
2242,Delmenhorst,27755,04221
2243,Delve,25788,04803
2244,Demen,19089,0385
2245,Demerath,54552,06592
2246,Demitz-Thumitz,1877,Error
2247,Demmin,17109,03998
2248,Denkendorf,85095,08466
2249,Denkendorf,73770,0711
2250,Denkingen,78554,07424
2251,Denkingen,78588,07424
2252,Denklingen,86920,08869
2253,Denkte,38321,05337
2254,Dennheritz,8393,Error
2255,Dennweiler-Frohnbach,66871,06384
2256,Densborn,54570,06591
2257,Dentlein am Forst,91599,09856
2258,Denzlingen,79211,07666
2259,Derental,37691,05271
2260,Dermbach,36466,036964
2261,Dernau,53507,02641
2262,Dernbach,56307,02684
2263,Dernbach,76857,06345
2264,Dernbach (Westerwald),56428,02623
2265,Dersau,24326,04526
2266,Derschen,57520,02747
2267,Dersekow,17498,03834
2268,Dersenow,19260,038848
2269,Dersum,26906,04963
2270,Desloch,55592,06753
2271,Dessau-Roßlau,6842,Error
2272,Dessau-Roßlau,6844,Error
2273,Dessau-Roßlau,6846,Error
2274,Dessau-Roßlau,6847,Error
2275,Dessau-Roßlau,6849,Error
2276,Dessau-Roßlau,6861,Error
2277,Dessau-Roßlau,6862,06241
2278,Dessighofen,56357,06772
2279,Detern,26847,0491
2280,Detmold,32756,05231
2281,Detmold,32758,05231
2282,Detmold,32760,05231
2283,Dettelbach,97337,09324
2284,Dettenhausen,72135,07157
2285,Dettenheim,76706,07247
2286,Dettighofen,79802,07742
2287,Dettingen an der Erms,72581,07123
2288,Dettingen an der Iller,88451,07354
2289,Dettingen unter Teck,73265,07021
2290,Dettmannsdorf,18334,038229
2291,Dettum,38173,05333
2292,Detzem,54340,06507
2293,Deudesfeld,54570,06591
2294,Deuerling,93180,09498
2295,Deuselbach,54411,06503
2296,Deutsch Evern,21407,04131
2297,Deutschneudorf,9548,09273
2298,Dexheim,55278,06138
2299,Deyelsdorf,18513,038334
2300,Dhronecken,54426,06504
2301,Dichtelbach,55494,06764
2302,Dickel,49453,05444
2303,Dickendorf,57520,02747
2304,Dickenschied,55483,06763
2305,Dickesbach,55758,06785
2306,Didderse,38530,05373
2307,Diebach,91583,09868
2308,Dieblich,56332,02607
2309,Dieburg,64807,06071
2310,Diedorf,86420,08238
2311,Diefenbach,54538,06532
2312,Diekholzen,31199,05121
2313,Diekhusen-Fahrstedt,25709,04851
2314,Dielheim,69234,06222
2315,Dielkirchen,67811,06361
2316,Dielmissen,37633,05534
2317,Diemelsee,34519,05633
2318,Diemelstadt,34474,05694
2319,Dienethal,56379,02604
2320,Dienheim,55276,06133
2321,Diensdorf-Radlow,15864,033679
2322,Dienstweiler,55765,06782
2323,Diepenau,31603,05777
2324,Diepholz,49356,05441
2325,Diera-Zehren,1665,Error
2326,Dierbach,76889,06349
2327,Dierdorf,56269,02689
2328,Dierfeld,54533,Error
2329,Dierhagen,18347,038226
2330,Dierscheid,54523,06508
2331,Diesdorf,29413,03902
2332,Diespeck,91456,09161
2333,Dießen am Ammersee,86911,08807
2334,Dietenheim,89165,07347
2335,Dietenhofen,90599,09824
2336,Dieterode,37318,036083
2337,Dietersburg,84378,08564
2338,Dietersheim,91463,09846
2339,Dieterskirchen,92542,09672
2340,Dietfurt an der Altmühl,92345,08468
2341,Diethardt,56355,06772
2342,Dietingen,78661,07404
2343,Dietmannsried,87463,08374
2344,Dietramszell,83623,08171
2345,Dietrichingen,66484,06339
2346,Dietzenbach,63128,06074
2347,Dietzenrode/Vatterode,37318,036083
2348,Dietzhölztal,35716,02774
2349,Diez,65582,06432
2350,Dill,55487,06543
2351,Dillenburg,35683,02771
2352,Dillenburg,35684,02771
2353,Dillenburg,35685,02771
2354,Dillenburg,35686,02771
2355,Dillenburg,35687,02771
2356,Dillenburg,35688,02771
2357,Dillenburg,35689,02771
2358,Dillenburg,35690,02771
2359,Dillendorf,55481,06763
2360,Dillingen a.d.Donau,89407,09071
2361,Dillingen/Saar,66763,06831
2362,Dillstädt,98530,036844
2363,Dimbach,76848,06392
2364,Dingdorf,54614,06553
2365,Dingelstädt,37351,036075
2366,Dingen,25715,04855
2367,Dingolfing,84130,08732
2368,Dingolshausen,97497,09382
2369,Dingsleben,98646,03685
2370,Dinkelsbühl,91550,09853
2371,Dinkelscherben,86424,08292
2372,Dinklage,49413,04443
2373,Dinslaken,46535,02064
2374,Dinslaken,46537,02064
2375,Dinslaken,46539,02064
2376,Dintesheim,55234,06737
2377,Dipperz,36160,06657
2378,Dippoldiswalde,1744,038377
2379,Dirlewang,87742,08267
2380,Dirlewang,87782,08269
2381,Dirmstein,67246,06238
2382,Dischingen,89561,07327
2383,Dissen,49201,05423
2384,Dissen-Striesow,3096,05101
2385,Ditfurt,6484,06071
2386,Ditscheid,56729,02651
2387,Dittelbrunn,97456,09738
2388,Dittelsheim-Heßloch,67596,06244
2389,Dittenheim,91723,09834
2390,Dittersdorf,7907,Error
2391,Dittweiler,66903,06386
2392,Ditzingen,71254,07156
2393,Divitz-Spoldershagen,18314,038324
2394,Dobbertin,19399,038732
2395,Dobbin-Linstow,18292,038457
2396,Dobel,75335,07081
2397,Döbeln,4720,Error
2398,Doberlug-Kirchhain,3253,Error
2399,Döbern,3159,05761
2400,Doberschau-Gaußig - Dobruša-Huska,1877,Error
2401,Doberschau-Gaußig - Dobruša-Huska,2633,Error
2402,Doberschau-Gaußig - Dobruša-Huska,2692,Error
2403,Doberschütz,4838,Error
2404,Dobersdorf,24232,04348
2405,Dobin am See,19067,0385
2406,Dobitschen,4626,Error
2407,Döbritschen,99441,036454
2408,Döbritz,7381,Error
2409,Dockendorf,54636,06561
2410,Dockweiler,54552,06592
2411,Dodenburg,54518,06535
2412,Dogern,79804,07751
2413,Döhlau,95182,09283
2414,Dohma,1796,Error
2415,Dohm-Lammersdorf,54576,06593
2416,Dohna,1809,Error
2417,Dohr,56812,02671
2418,Dohren,21255,04180
2419,Dohren,49770,05962
2420,Dolgen am See,18299,038459
2421,Dolgesheim,55278,06138
2422,Dollern,21739,04163
2423,Dollerup,24989,04636
2424,Dollnstein,91795,08422
2425,Döllstädt,99100,036206
2426,Dombühl,91601,09868
2427,Dömitz,19303,038758
2428,Dommershausen,56290,06746
2429,Dommitzsch,4880,Error
2430,Domsühl,19374,038728
2431,Donaueschingen,78166,0771
2432,Donaustauf,93093,09403
2433,Donauwörth,86609,0906
2434,Donnersdorf,97499,09528
2435,Donsieders,66978,06333
2436,Donzdorf,73072,07162
2437,Dörentrup,32694,05265
2438,Dorfchemnitz,9619,09504
2439,Dorfen,84405,08081
2440,Dorfhain,1738,03971
2441,Dörfles-Esbach,96487,09561
2442,Dorf Mecklenburg,23972,03841
2443,Dorfprozelten,97904,09392
2444,Dormagen,41539,02133
2445,Dormagen,41540,02133
2446,Dormagen,41541,02133
2447,Dormagen,41542,02133
2448,Dormettingen,72358,07427
2449,Dormitz,91077,09134
2450,Dörnberg,56377,02604
2451,Dörnberg,56379,02604
2452,Dornburg,65599,06436
2453,Dornburg-Camburg,7774,07807
2454,Dorn-Dürkheim,67585,06733
2455,Dornhan,72175,07455
2456,Dornheim,99310,03628
2457,Dornholzhausen,56357,06772
2458,Dörnick,24326,04526
2459,Dornstadt,89160,07304
2460,Dornstetten,72280,07443
2461,Dornum,26553,04933
2462,Dörpen,26892,04963
2463,Dörphof,24398,04352
2464,Dörpling,25794,04803
2465,Dörpstedt,24869,04627
2466,Dörrebach,55444,06724
2467,Dörrenbach,76889,06349
2468,Dörrmoschel,67806,06361
2469,Dörscheid,56348,06774
2470,Dörsdorf,56370,06486
2471,Dorsel,53533,02693
2472,Dorsheim,55452,06707
2473,Dorstadt,38312,05334
2474,Dorsten,46282,02362
2475,Dorsten,46284,02362
2476,Dorsten,46286,02362
2477,Dörth,56281,06747
2478,Dortmund,44135,0231
2479,Dortmund,44137,0231
2480,Dortmund,44139,0231
2481,Dortmund,44141,0231
2482,Dortmund,44143,0231
2483,Dortmund,44145,0231
2484,Dortmund,44147,0231
2485,Dortmund,44149,0231
2486,Dortmund,44225,0231
2487,Dortmund,44227,0231
2488,Dortmund,44229,0231
2489,Dortmund,44263,0231
2490,Dortmund,44265,0231
2491,Dortmund,44267,0231
2492,Dortmund,44269,0231
2493,Dortmund,44287,0231
2494,Dortmund,44289,0231
2495,Dortmund,44309,0231
2496,Dortmund,44319,0231
2497,Dortmund,44328,0231
2498,Dortmund,44329,0231
2499,Dortmund,44339,0231
2500,Dortmund,44357,0231
2501,Dortmund,44359,0231
2502,Dortmund,44369,0231
2503,Dortmund,44379,0231
2504,Dortmund,44388,0231
2505,Dörverden,27313,04231
2506,Dörzbach,74677,07937
2507,Döschnitz,7429,Error
2508,Dossenheim,69221,06221
2509,Dötlingen,27801,04431
2510,Dotternhausen,72359,07427
2511,Döttesfeld,56305,02684
2512,Drachhausen,3185,05154
2513,Drachselsried,94256,09945
2514,Drackenstein,73345,07335
2515,Drage,21423,04171
2516,Drage,25582,04893
2517,Drage,25840,04881
2518,Drage,25878,04884
2519,Dragun,19205,03886
2520,Drahnsdorf,15938,035452
2521,Drakenburg,31623,05021
2522,Dransfeld,37127,05502
2523,Dranske,18556,038391
2524,Drebach,9430,Error
2525,Drebber,49457,05445
2526,Drebkau,3116,05063
2527,Drechow,18465,038320
2528,Drees,53520,02695
2529,Dreetz,16845,033978
2530,Dreetz,18249,038464
2531,Dreggers,23845,04535
2532,Drehnow,3185,05154
2533,Dreieich,63303,06103
2534,Dreifelden,57629,02747
2535,Drei Gleichen,99869,036202
2536,Dreiheide,4860,02553
2537,Dreikirchen,56414,06435
2538,Dreis,54518,06535
2539,Dreisbach,56472,02661
2540,Dreis-Brück,54552,06592
2541,Dreisen,67816,06357
2542,Dreitzsch,7819,07462
2543,Drelsdorf,25853,04673
2544,Drensteinfurt,48317,02508
2545,Drentwede,49406,05442
2546,Dreschvitz,18573,038306
2547,Dresden,1067,Error
2548,Dresden,1069,Error
2549,Dresden,1097,Error
2550,Dresden,1099,030
2551,Dresden,1108,Error
2552,Dresden,1109,Error
2553,Dresden,1127,Error
2554,Dresden,1129,Error
2555,Dresden,1139,Error
2556,Dresden,1156,Error
2557,Dresden,1157,Error
2558,Dresden,1159,Error
2559,Dresden,1169,Error
2560,Dresden,1187,Error
2561,Dresden,1189,Error
2562,Dresden,1217,Error
2563,Dresden,1219,Error
2564,Dresden,1237,Error
2565,Dresden,1239,Error
2566,Dresden,1257,Error
2567,Dresden,1259,Error
2568,Dresden,1277,Error
2569,Dresden,1279,Error
2570,Dresden,1307,Error
2571,Dresden,1309,Error
2572,Dresden,1324,Error
2573,Dresden,1326,Error
2574,Dresden,1328,Error
2575,Dresden,1465,033232
2576,Drestedt,21255,04180
2577,Drestedt,21279,04165
2578,Driedorf,35759,02775
2579,Drochtersen,21706,04148
2580,Drognitz,7338,Error
2581,Drolshagen,57489,02761
2582,Droyßig,6722,06233
2583,Düchelsdorf,23847,04534
2584,Ducherow,17398,039726
2585,Duchroth,55585,0671
2586,Duchroth,67826,06362
2587,Dudeldorf,54647,06565
2588,Düdenbüttel,21709,04144
2589,Dudenhofen,67373,06232
2590,Duderstadt,37115,05527
2591,Duggendorf,93182,09473
2592,Duggendorf,93195,09409
2593,Duingen,31089,05186
2594,Duisburg,47051,0203
2595,Duisburg,47053,0203
2596,Duisburg,47055,0203
2597,Duisburg,47057,0203
2598,Duisburg,47058,0203
2599,Duisburg,47059,0203
2600,Duisburg,47119,0203
2601,Duisburg,47137,0203
2602,Duisburg,47138,0203
2603,Duisburg,47139,0203
2604,Duisburg,47166,0203
2605,Duisburg,47167,0203
2606,Duisburg,47169,0203
2607,Duisburg,47178,0203
2608,Duisburg,47179,0203
2609,Duisburg,47198,0203
2610,Duisburg,47199,0203
2611,Duisburg,47226,0203
2612,Duisburg,47228,0203
2613,Duisburg,47229,0203
2614,Duisburg,47239,0203
2615,Duisburg,47249,0203
2616,Duisburg,47259,0203
2617,Duisburg,47269,0203
2618,Duisburg,47279,0203
2619,Dülmen,48249,02594
2620,Dümmer,19073,0385
2621,Dummerstorf,18196,038208
2622,Dümpelfeld,53520,02695
2623,Dünfus,56754,02672
2624,Düngenheim,56761,02653
2625,Dunningen,78655,07403
2626,Dunningen,78713,07422
2627,Dünsen,27243,04244
2628,Dunsum,25938,04681
2629,Dunum,26427,04971
2630,Dunzweiler,66916,06386
2631,Duppach,54597,06556
2632,Durach,87471,0831
2633,Durbach,77770,0781
2634,Dürbheim,78589,07424
2635,Durchhausen,78591,07464
2636,Düren,52349,02421
2637,Düren,52351,02421
2638,Düren,52353,02421
2639,Düren,52355,02421
2640,Durlangen,73568,07176
2641,Dürmentingen,88525,07371
2642,Durmersheim,76448,07245
2643,Dürnau,73105,07164
2644,Dürnau,88422,07582
2645,Dürrhennersdorf,2708,Error
2646,Dürrholz,56307,02684
2647,Dürrlauingen,89350,09075
2648,Dürrröhrsdorf-Dittersbach,1833,038221
2649,Dürrwangen,91602,09856
2650,Düsseldorf,40210,0211
2651,Düsseldorf,40211,0211
2652,Düsseldorf,40212,0211
2653,Düsseldorf,40213,0211
2654,Düsseldorf,40215,0211
2655,Düsseldorf,40217,0211
2656,Düsseldorf,40219,0211
2657,Düsseldorf,40221,0211
2658,Düsseldorf,40223,0211
2659,Düsseldorf,40225,0211
2660,Düsseldorf,40227,0211
2661,Düsseldorf,40229,0211
2662,Düsseldorf,40231,0211
2663,Düsseldorf,40233,0211
2664,Düsseldorf,40235,0211
2665,Düsseldorf,40237,0211
2666,Düsseldorf,40239,0211
2667,Düsseldorf,40468,0211
2668,Düsseldorf,40470,0211
2669,Düsseldorf,40472,0211
2670,Düsseldorf,40474,0211
2671,Düsseldorf,40476,0211
2672,Düsseldorf,40477,0211
2673,Düsseldorf,40479,0211
2674,Düsseldorf,40489,0211
2675,Düsseldorf,40545,0211
2676,Düsseldorf,40547,0211
2677,Düsseldorf,40549,0211
2678,Düsseldorf,40589,0211
2679,Düsseldorf,40591,0211
2680,Düsseldorf,40593,0211
2681,Düsseldorf,40595,0211
2682,Düsseldorf,40597,0211
2683,Düsseldorf,40599,0211
2684,Düsseldorf,40625,0211
2685,Düsseldorf,40627,0211
2686,Düsseldorf,40629,0211
2687,Düsseldorf,40721,0211
2688,Dußlingen,72144,07071
2689,Duvensee,23898,04536
2690,Ebeleben,99713,036020
2691,Ebelsbach,97500,09522
2692,Ebensfeld,96250,09573
2693,Ebenweiler,88370,07584
2694,Eberbach,64754,06276
2695,Eberbach,69412,06271
2696,Eberbach,69429,06274
2697,Eberbach,69434,06272
2698,Eberdingen,71735,07042
2699,Eberfing,82390,08801
2700,Ebergötzen,37136,05507
2701,Eberhardzell,88436,07355
2702,Ebermannsdorf,92263,09438
2703,Ebermannstadt,91320,09194
2704,Ebern,96106,09534
2705,Ebernhahn,56424,02623
2706,Ebersbach,1561,Error
2707,Ebersbach an der Fils,73061,07163
2708,Ebersbach-Musbach,88371,07584
2709,Ebersbach-Neugersdorf,2727,Error
2710,Ebersbach-Neugersdorf,2730,04251
2711,Ebersberg,85560,08092
2712,Ebersburg,36157,06656
2713,Ebersdorf,27432,04767
2714,Ebersdorf b.Coburg,96237,09562
2715,Ebershausen,86491,08282
2716,Eberstadt,74246,07134
2717,Eberstedt,99518,036461
2718,Eberswalde,16225,03334
2719,Eberswalde,16227,03334
2720,Ebertshausen,56370,06486
2721,Ebertsheim,67280,06359
2722,Ebhausen,72224,07458
2723,Ebnath,95683,09234
2724,Ebrach,96157,09553
2725,Ebringen,79285,07664
2726,Ebsdorfergrund,35085,06424
2727,Ebstorf,29574,05822
2728,Echem,21379,04136
2729,Eching,85386,08133
2730,Eching,84174,08709
2731,Eching am Ammersee,82279,08144
2732,Echternacherbrück,54668,06523
2733,Echtershausen,54636,06561
2734,Echzell,61200,06008
2735,Echzell,61209,06008
2736,Eckartsberga,6648,06332
2737,Eckelsheim,55599,06701
2738,Eckenroth,55444,06724
2739,Eckental,90542,09192
2740,Eckernförde,24340,04351
2741,Eckersdorf,95488,09206
2742,Eckersweiler,55777,Error
2743,Eckfeld,54531,06572
2744,Ecklak,25572,04858
2745,Ecklingerode,37339,03605
2746,Eckstedt,99195,036204
2747,Eddelak,25715,04855
2748,Edelsfeld,92265,09665
2749,Edemissen,31234,05177
2750,Edenkoben,67480,06323
2751,Ederheim,86739,09081
2752,Edermünde,34295,05665
2753,Edersleben,6528,Error
2754,Edertal,34549,05623
2755,Edesheim,67483,06323
2756,Edewecht,26188,04405
2757,Ediger-Eller,56814,02671
2758,Edingen-Neckarhausen,68535,06203
2759,Edling,83533,08039
2760,Effelder,37359,036075
2761,Effeltrich,91090,09199
2762,Efringen-Kirchen,79588,07628
2763,Egeln,39435,039268
2764,Egelsbach,63329,06103
2765,Egenhausen,72227,07453
2766,Egenhofen,82281,08145
2767,Egesheim,78592,07429
2768,Egestorf,21272,04175
2769,Egg an der Günz,87743,08333
2770,Eggebek,24852,04609
2771,Eggenfelden,84307,08721
2772,Eggenstein-Leopoldshafen,76344,0721
2773,Eggenthal,87653,08269
2774,Eggermühlen,49577,05462
2775,Eggesin,17367,039779
2776,Eggesin,17375,039771
2777,Eggingen,79805,07746
2778,Egglham,84385,08565
2779,Egglkofen,84546,08639
2780,Eggolsheim,91330,09191
2781,Eggstätt,83125,08056
2782,Eggstedt,25721,04805
2783,Eging a.See,94535,08544
2784,Eglfing,82436,08846
2785,Egling,82544,08176
2786,Egling an der Paar,86492,08206
2787,Egloffstein,91349,09197
2788,Egmating,85658,08095
2789,Egweil,85116,08424
2790,Ehekirchen,86676,08435
2791,Ehingen,86678,08273
2792,Ehingen,91725,09835
2793,Ehingen a.Ries,86741,09082
2794,Ehingen (Donau),89584,07391
2795,Ehlenz,54636,06561
2796,Ehlscheid,56581,02634
2797,Ehndorf,24647,04321
2798,Ehningen,71139,07391
2799,Ehr,56357,06772
2800,Ehra-Lessien,38468,05377
2801,Ehrenberg,98660,036873
2802,Ehrenberg (Rhön),36115,06681
2803,Ehrenburg,27248,04243
2804,Ehrenfriedersdorf,9427,Error
2805,Ehrenkirchen,79238,07633
2806,Ehringshausen,35630,06440
2807,Ehweiler,66871,06384
2808,Eibelstadt,97246,09303
2809,Eibenstock,8309,08053
2810,Eich,67575,06246
2811,Eichelhardt,57612,02681
2812,Eichen,57632,02685
2813,Eichenau,82223,08141
2814,Eichenbach,53533,02693
2815,Eichenberg,98553,03681
2816,Eichenberg,7768,Error
2817,Eichenbühl,63928,09378
2818,Eichenbühl,74731,06285
2819,Eichenbühl,97896,09377
2820,Eichendorf,94428,09952
2821,Eichenzell,36124,06656
2822,Eichigt,8626,Error
2823,Eichstätt,85072,08421
2824,Eichstedt (Altmark),39596,039321
2825,Eichstegen,88361,07584
2826,Eichstetten,79356,Error
2827,Eichstruth,37318,036083
2828,Eichwalde,15732,033762
2829,Eickeloh,29693,05164
2830,Eicklingen,29358,05144
2831,Eigeltingen,78253,07774
2832,Eilenburg,4838,Error
2833,Eilscheid,54649,06554
2834,Eilsleben,39365,039293
2835,Eime,31036,05182
2836,Eimeldingen,79591,07621
2837,Eimen,37632,05534
2838,Eimke,29578,05826
2839,Eimsheim,55278,06138
2840,Einbeck,37574,05561
2841,Eineborn,7646,07245
2842,Einhaus,23911,04541
2843,Einhausen,64683,06251
2844,Einhausen,98617,03693
2845,Einig,56751,02654
2846,Einöllen,67753,06304
2847,Einselthum,67308,06355
2848,Eiselfing,83549,08071
2849,Eisenach,99817,03691
2850,Eisenach,54298,06506
2851,Eisenbach,79871,07657
2852,Eisenberg,87637,08364
2853,Eisenberg,7607,Error
2854,Eisenberg (Pfalz),67304,06351
2855,Eisendorf,24589,04392
2856,Eisenheim,97247,09386
2857,Eisenhüttenstadt,15890,03364
2858,Eisenschmitt,54533,06572
2859,Eisfeld,98673,03686
2860,Eisighofen,56370,06486
2861,Eisingen,75239,07232
2862,Eisingen,97249,09306
2863,Eislingen/Fils,73054,07161
2864,Eitelborn,56337,02620
2865,Eitensheim,85117,08458
2866,Eiterfeld,36132,06672
2867,Eitorf,53783,02243
2868,Eitting,85462,08761
2869,Eixen,18334,038229
2870,Elbe,38274,05345
2871,Elben,57580,02747
2872,Elbe-Parey,39307,039342
2873,Elbe-Parey,39317,039349
2874,Elbingen,56459,02663
2875,Elbingerode,37412,05521
2876,Elbtal,65627,06436
2877,Elchesheim-Illingen,76477,07245
2878,Elchingen,89081,0731
2879,Elchingen,89275,07308
2880,Elchweiler,55765,06782
2881,Eldena,19294,038758
2882,Eldetal,17209,Error
2883,Eldingen,29351,05148
2884,Elfershausen,97725,09704
2885,Elgersburg,98716,03677
2886,Elisabeth-Sophien-Koog,25845,04842
2887,Elkenroth,57578,02747
2888,Elleben,99334,0361
2889,Ellefeld,8236,0881
2890,Ellenberg,73488,07962
2891,Ellenberg,55765,06782
2892,Ellenhausen,56242,02626
2893,Ellenz-Poltersdorf,56821,02673
2894,Ellerau,25479,04106
2895,Ellerbek,25474,040
2896,Ellerdorf,24589,04392
2897,Ellerhoop,25373,04120
2898,Ellern (Hunsrück),55497,06764
2899,Ellerstadt,67158,06237
2900,Ellgau,86679,08273
2901,Ellhofen,74248,07134
2902,Ellhöft,25923,04663
2903,Ellingen,91792,09141
2904,Ellingshausen,98617,03693
2905,Ellingstedt,24870,04627
2906,Ellrich,99755,036331
2907,Ellscheid,54552,06592
2908,Ellwangen (Jagst),73479,07961
2909,Ellweiler,55765,06782
2910,Ellzee,89352,08223
2911,Elmenhorst,18510,038327
2912,Elmenhorst,23869,04531
2913,Elmenhorst,21493,04151
2914,Elmenhorst/Lichtenhagen,18107,0381
2915,Elmshorn,25335,04121
2916,Elmshorn,25336,04121
2917,Elmshorn,25337,04121
2918,Elmstein,67471,06328
2919,Elpersbüttel,25704,04832
2920,Elsdorf,50189,02274
2921,Elsdorf,27404,04281
2922,Elsdorf-Westermühlen,24800,04335
2923,Elsendorf,84094,08753
2924,Elsenfeld,63820,09374
2925,Elsfleth,26931,04485
2926,Elskop,25361,04824
2927,Elsnig,4880,Error
2928,Elsoff (Westerwald),56479,02664
2929,Elsteraue,6729,06352
2930,Elsterberg,7985,07656
2931,Elsterheide - Halštrowska Hola,2979,Error
2932,Elstertrebnitz,4523,0201
2933,Elsterwerda,4910,Error
2934,Elstra - Halštrow,1920,038874
2935,Elterlein,9481,Error
2936,Eltmann,97483,09522
2937,Eltville am Rhein,65343,06123
2938,Eltville am Rhein,65344,06123
2939,Eltville am Rhein,65345,06123
2940,Eltville am Rhein,65346,06123
2941,Eltville am Rhein,65347,06123
2942,Elxleben,99334,0361
2943,Elxleben,99189,036201
2944,Elz,65604,06485
2945,Elzach,79215,07682
2946,Elze,31008,05068
2947,Elztal,74834,06293
2948,Elzweiler,66887,06381
2949,Embsen,21409,04134
2950,Embühren,24819,04874
2951,Emden,26721,04921
2952,Emden,26723,04921
2953,Emden,26725,04921
2954,Emeringen,88499,07371
2955,Emerkingen,89607,07374
2956,Emersacker,86494,08293
2957,Emkendorf,24802,04330
2958,Emleben,99869,036202
2959,Emlichheim,49824,05944
2960,Emmelbaum,54673,06564
2961,Emmelsbüll-Horsbüll,25924,04668
2962,Emmelshausen,56281,06747
2963,Emmendingen,79312,07641
2964,Emmendorf,29579,05875
2965,Emmerich am Rhein,46446,02822
2966,Emmering,83550,08067
2967,Emmering,82275,08142
2968,Emmerthal,31860,05155
2969,Emmerting,84547,08679
2970,Emmerzhausen,57520,02747
2971,Emmingen-Liptingen,78576,07465
2972,Empfertshausen,36452,036964
2973,Empfingen,72186,07483
2974,Emsbüren,48488,05923
2975,Emsdetten,48282,02572
2976,Emskirchen,91448,09104
2977,Emstek,49685,04473
2978,Emtinghausen,27321,04204
2979,Emtmannsberg,95517,09278
2980,Endingen,79346,Error
2981,Endlichhofen,56355,06772
2982,Endschütz,7570,Error
2983,Engden,48465,05923
2984,Engelbrechtsche Wildnis,25348,04124
2985,Engelsberg,84549,08634
2986,Engelsbrand,75331,07235
2987,Engelschoff,21710,04144
2988,Engelskirchen,51766,02263
2989,Engelstadt,55270,06131
2990,Engelthal,91238,09158
2991,Engen,78234,07733
2992,Enger,32130,05224
2993,Enge-Sande,25917,04662
2994,Engstingen,72829,07385
2995,Eningen unter Achalm,72800,07121
2996,Enkenbach-Alsenborn,67677,06303
2997,Enkirch,56850,06541
2998,Ennepetal,58256,02333
2999,Ennigerloh,59320,02524
3000,Ensch,54340,06507
3001,Ensdorf,92266,09624
3002,Ensdorf/Saar,66806,06831
3003,Ense,59469,02928
3004,Ensheim,55232,06731
3005,Enspel,57647,02661
3006,Enzen,54646,06527
3007,Enzklösterle,75337,07085
3008,Epenwöhrden,25704,04832
3009,Epfenbach,74925,07263
3010,Epfendorf,78736,07404
3011,Eppelborn,66571,06881
3012,Eppelheim,69214,06221
3013,Eppelsheim,55234,06737
3014,Eppenberg,56759,02653
3015,Eppenbrunn,66957,06331
3016,Eppendorf,9575,Error
3017,Eppenrod,65558,06432
3018,Eppenschlag,94536,08553
3019,Eppertshausen,64859,06071
3020,Eppingen,75031,07262
3021,Eppishausen,87745,08266
3022,Eppstein,65817,06198
3023,Erbach,64711,06062
3024,Erbach,64743,Error
3025,Erbach,55494,06764
3026,Erbach,89155,07305
3027,Erbendorf,92681,09682
3028,Erbenhausen,98634,036941
3029,Erbes-Büdesheim,55234,06737
3030,Erden,54492,06532
3031,Erdesbach,66887,06381
3032,Erding,85435,08122
3033,Erdmannhausen,71729,07144
3034,Erdweg,85253,08135
3035,Eresing,86922,08193
3036,Eresing,86926,08193
3037,Eresing,86941,08193
3038,Erfde,24803,04333
3039,Erftstadt,50374,02235
3040,Erfurt,99084,0361
3041,Erfurt,99085,0361
3042,Erfurt,99086,0361
3043,Erfurt,99087,0361
3044,Erfurt,99089,0361
3045,Erfurt,99090,0361
3046,Erfurt,99091,0361
3047,Erfurt,99092,0361
3048,Erfurt,99094,0361
3049,Erfurt,99095,0361
3050,Erfurt,99096,0361
3051,Erfurt,99097,0361
3052,Erfurt,99098,0361
3053,Erfurt,99099,0361
3054,Erfweiler,66996,06393
3055,Ergersheim,91465,09847
3056,Ergeshausen,56368,06486
3057,Ergolding,84030,0871
3058,Ergoldsbach,84061,08774
3059,Erharting,84513,08631
3060,Ering,94140,08573
3061,Eriskirch,88097,07541
3062,Erkelenz,41812,02431
3063,Erkenbrechtsweiler,73268,07026
3064,Erkerode,38173,05333
3065,Erkheim,87746,08336
3066,Erkner,15537,03362
3067,Erkrath,40699,0211
3068,Erlabrunn,97250,09364
3069,Erlangen,91052,09131
3070,Erlangen,91054,09131
3071,Erlangen,91056,09131
3072,Erlangen,91058,09131
3073,Erlau,9306,Error
3074,Erlbach,84567,08670
3075,Erlenbach,74235,07132
3076,Erlenbach am Main,63906,09372
3077,Erlenbach bei Dahn,76891,06394
3078,Erlenbach bei Kandel,76872,06349
3079,Erlenbach b. Marktheidenfeld,97837,09391
3080,Erlenmoos,88416,07358
3081,Erlensee,63526,06183
3082,Erligheim,74391,07143
3083,Ermershausen,96126,09532
3084,Erndtebrück,57339,02753
3085,Ernsgaden,85119,08407
3086,Ernst,56814,02671
3087,Ernzen,54668,06523
3088,Erolzheim,88453,07354
3089,Erpel,53579,02644
3090,Erpolzheim,67167,06353
3091,Ersfeld,57635,02686
3092,Ertingen,88521,07371
3093,Erwitte,59597,02943
3094,Erxleben,39343,039202
3095,Erzenhausen,67685,06374
3096,Erzhausen,64390,06150
3097,Esch,54585,06597
3098,Esch,54518,06535
3099,Eschach,73569,07975
3100,Eschau,63863,09374
3101,Eschbach,56357,06772
3102,Eschbach,76831,06349
3103,Eschbach,79427,07633
3104,Eschborn,65760,069
3105,Eschbronn,78664,07403
3106,Esche,49828,05946
3107,Escheburg,21039,040
3108,Eschede,29348,05142
3109,Eschede,29359,05142
3110,Eschede,29361,05142
3111,Eschelbronn,74927,06226
3112,Eschenbach,73037,07161
3113,Eschenbach,73107,07161
3114,Eschenbach i.d.OPf.,92676,09645
3115,Eschenbergen,99869,036202
3116,Eschenburg,35713,02774
3117,Eschenlohe,82438,08841
3118,Eschershausen,37632,05534
3119,Eschfeld,54619,06559
3120,Eschlkam,93458,09947
3121,Eschwege,37269,05651
3122,Eschweiler,52249,02403
3123,Esens,26427,04971
3124,Esgrus,24402,04637
3125,Eslarn,92693,09653
3126,Eslohe,59889,02973
3127,Espelkamp,32339,05772
3128,Espenau,34314,05673
3129,Eßbach,7924,07668
3130,Essel,29690,05071
3131,Esselbach,97839,09394
3132,Esselborn,55234,06737
3133,Essen,45127,0201
3134,Essen,45128,0201
3135,Essen,45130,0201
3136,Essen,45131,0201
3137,Essen,45133,0201
3138,Essen,45134,0201
3139,Essen,45136,0201
3140,Essen,45138,0201
3141,Essen,45139,0201
3142,Essen,45141,0201
3143,Essen,45143,0201
3144,Essen,45144,0201
3145,Essen,45145,0201
3146,Essen,45147,0201
3147,Essen,45149,0201
3148,Essen,45219,0201
3149,Essen,45239,0201
3150,Essen,45257,0201
3151,Essen,45259,0201
3152,Essen,45276,0201
3153,Essen,45277,0201
3154,Essen,45279,0201
3155,Essen,45289,0201
3156,Essen,45307,0201
3157,Essen,45309,0201
3158,Essen,45326,0201
3159,Essen,45327,0201
3160,Essen,45329,0201
3161,Essen,45355,0201
3162,Essen,45356,0201
3163,Essen,45357,0201
3164,Essen,45359,0201
3165,Essenbach,84051,08703
3166,Essenheim,55270,06131
3167,Essen (Oldenburg),49632,05438
3168,Essing,93343,09447
3169,Essingen,76879,06347
3170,Essingen,73457,07365
3171,Essingen,73563,07174
3172,Essingen,73566,07173
3173,Eßlingen,54636,06561
3174,Esslingen am Neckar,73728,0711
3175,Esslingen am Neckar,73730,0711
3176,Esslingen am Neckar,73732,0711
3177,Esslingen am Neckar,73733,0711
3178,Esslingen am Neckar,73734,0711
3179,Eßweiler,67754,06304
3180,Estenfeld,97230,09305
3181,Esterwegen,26897,04967
3182,Esthal,67466,06325
3183,Esthal,67468,06329
3184,Esthal,67472,06328
3185,Estorf,21727,04140
3186,Estorf,31629,05025
3187,Etgert,54424,06504
3188,Etschberg,66871,06384
3189,Ettal,82488,08822
3190,Etteldorf,54655,06563
3191,Ettenheim,77955,07822
3192,Ettenstatt,91796,09148
3193,Ettersburg,99439,Error
3194,Ettinghausen,56244,02666
3195,Ettlingen,76275,07243
3196,Ettringen,56729,02651
3197,Ettringen,86833,08262
3198,Etzbach,57539,02682
3199,Etzelwang,92268,09663
3200,Etzenricht,92694,0961
3201,Etzleben,6577,06198
3202,Euerbach,97502,09726
3203,Euerdorf,97717,09704
3204,Eulenberg,57632,02685
3205,Eulenbis,67685,06374
3206,Eulgem,56761,02653
3207,Eurasburg,86495,08208
3208,Eurasburg,82547,08171
3209,Euscheid,54597,06556
3210,Euskirchen,53879,02251
3211,Euskirchen,53881,02251
3212,Eußenheim,97776,09350
3213,Eußerthal,76857,06345
3214,Eutin,23701,04521
3215,Eutingen im Gäu,72184,07483
3216,Eversmeer,26556,04975
3217,Everswinkel,48351,02526
3218,Evessen,38173,05333
3219,Ewighausen,56244,02666
3220,Extertal,32699,05262
3221,Eydelstedt,49406,05442
3222,Eyendorf,21376,04172
3223,Eystrup,27324,04254
3224,Fachbach,56133,02603
3225,Fahrdorf,24857,04621
3226,Fahren,24253,04348
3227,Fahrenbach,74864,06267
3228,Fahrenkrug,23795,04551
3229,Fahrenwalde,17309,03973
3230,Fahrenzhausen,85777,08133
3231,Faid,56814,02671
3232,Falkenberg,84326,08727
3233,Falkenberg,95685,09637
3234,Falkenberg,16259,033368
3235,Falkenberg/Elster,4895,Error
3236,Falkenfels,94350,09964
3237,Falkenhagen (Mark),15306,03346
3238,Falkensee,14612,03322
3239,Falkenstein,93167,09462
3240,Falkenstein,67808,06357
3241,Falkenstein/Harz,6333,Error
3242,Falkenstein/Harz,6463,Error
3243,Falkenstein/Harz,6543,06145
3244,Falkenstein/Vogtland,8223,08141
3245,Falkenstein/Vogtland,8239,08847
3246,Fambach,98597,036848
3247,Farchant,82490,08821
3248,Fargau-Pratjau,24256,04303
3249,Farnstädt,6279,Error
3250,Farschweiler,54317,06500
3251,Farven,27446,04284
3252,Faßberg,29328,05055
3253,Faulbach,97906,09392
3254,Faulenrost,17139,03994
3255,Fedderingen,25779,04836
3256,Fehl-Ritzhausen,56472,02661
3257,Fehmarn,23769,04371
3258,Fehrbellin,16818,033920
3259,Fehrbellin,16833,033922
3260,Fehrbellin,16845,033978
3261,Feichten an der Alz,84550,08634
3262,Feilbingert,67824,06708
3263,Feilitzsch,95183,09295
3264,Feilsdorf,54636,06561
3265,Feldafing,82340,08157
3266,Feldatal,36325,06637
3267,Feldberg,79868,07655
3268,Feldberger Seenlandschaft,17258,03964
3269,Felde,24242,04340
3270,Feldhorst,23858,04533
3271,Feldkirchen,94351,09420
3272,Feldkirchen,85622,08106
3273,Feldkirchen-Westerham,83620,08063
3274,Felixsee,3130,05136
3275,Fell,54341,06502
3276,Fellbach,70734,0711
3277,Fellbach,70736,0711
3278,Fellen,97778,09356
3279,Fellheim,87748,08335
3280,Felm,24161,04349
3281,Felm,24214,04346
3282,Felm,24244,04346
3283,Felsberg,34587,05662
3284,Fensdorf,57580,02747
3285,Fensterbach,92269,09438
3286,Ferdinandshof,17379,039778
3287,Ferna,37339,03605
3288,Fernwald,35463,06404
3289,Ferschweiler,54668,06523
3290,Feucht,90537,09128
3291,Feuchtwangen,91555,09855
3292,Feuerscheid,54597,06556
3293,Feusdorf,54584,06597
3294,Fichtelberg,95686,09272
3295,Fichtenau,74579,07962
3296,Fichtenberg,74427,07971
3297,Fichtenhöhe,15306,03346
3298,Fichtwald,4936,Error
3299,Fiefbergen,24217,04344
3300,Fiersbach,57635,02686
3301,Filderstadt,70794,0711
3302,Filderstadt,71111,07157
3303,Filsen,56341,06773
3304,Filsum,26849,04957
3305,Filz,56766,02676
3306,Fincken,17209,Error
3307,Finkenbach-Gersweiler,67822,06362
3308,Finkenthal,17179,039971
3309,Finne,6647,Error
3310,Finneland,6647,Error
3311,Finnentrop,57413,02722
3312,Finning,86923,08806
3313,Finningen,89435,09074
3314,Finsing,85464,08123
3315,Finsterwalde,3238,Error
3316,Fintel,27389,04265
3317,Firrel,26835,04946
3318,Fisch,54439,06581
3319,Fischach,86850,08236
3320,Fischbach,55743,06781
3321,Fischbach,67693,06303
3322,Fischbachau,83730,08028
3323,Fischbach bei Dahn,66996,06393
3324,Fischbach-Oberraden,54675,06522
3325,Fischbachtal,64405,06166
3326,Fischen im Allgäu,87538,08326
3327,Fischerbach,77716,07832
3328,Fischingen,79592,07628
3329,Fitzbek,25579,04877
3330,Fitzen,21514,04155
3331,Flachslanden,91604,09829
3332,Flacht,65558,06432
3333,Fladungen,97650,09778
3334,Flammersfeld,57632,02685
3335,Flechtingen,39345,039054
3336,Flechtingen,39356,039055
3337,Flechtingen,39359,039057
3338,Fleckeby,24357,04354
3339,Flein,74223,07131
3340,Fleischwangen,88373,07505
3341,Flemlingen,76835,06323
3342,Flensburg,24937,0461
3343,Flensburg,24939,0461
3344,Flensburg,24941,0461
3345,Flensburg,24943,0461
3346,Flensburg,24944,0461
3347,Fleringen,54597,06556
3348,Flieden,36103,06669
3349,Fließem,54636,06561
3350,Flieth-Stegelitz,17268,039886
3351,Flintbek,24220,04347
3352,Flintsbach am Inn,83126,08034
3353,Flöha,9557,Error
3354,Floh-Seligenthal,98593,03683
3355,Flomborn,55234,06737
3356,Flonheim,55237,06734
3357,Flörsbachtal,63639,06057
3358,Flörsheim,65439,06145
3359,Flörsheim-Dalsheim,67592,06243
3360,Florstadt,61197,06035
3361,Floß,92685,09603
3362,Flossenbürg,92696,09603
3363,Flöthe,38312,05334
3364,Fluorn-Winzeln,78737,07402
3365,Flußbach,54516,06571
3366,Fluterschen,57614,02684
3367,Fockbek,24787,04331
3368,Föckelberg,66887,06381
3369,Fockendorf,4617,Error
3370,Föhrden-Barl,25563,04822
3371,Föhren,54343,06502
3372,Fohren-Linden,55777,Error
3373,Forbach,76596,07223
3374,Forchheim,91301,09191
3375,Forchheim,79362,07642
3376,Forchtenberg,74670,07947
3377,Forheim,86735,09089
3378,Föritztal,96524,Error
3379,Forst,57537,02742
3380,Forst,76694,07251
3381,Forst an der Weinstraße,67147,06326
3382,Forst (Eifel),56754,02672
3383,Forstern,85659,08124
3384,Forst (Hunsrück),56858,Error
3385,Forstinning,85661,08124
3386,Forst (Lausitz) - Baršć,3149,Error
3387,Forstmehren,57635,02686
3388,Framersheim,55234,06737
3389,Frammersbach,97833,09355
3390,Frankelbach,67737,06308
3391,Frankenau,35110,06455
3392,Frankenberg (Eder),35066,06451
3393,Frankenberg/Sachsen,9669,Error
3394,Frankenblick,96528,036766
3395,Frankendorf,99441,036454
3396,Frankeneck,67468,06329
3397,Frankenfeld,27336,05165
3398,Frankenhardt,74586,07959
3399,Frankenheim/Rhön,98634,036941
3400,Frankenroda,99826,036924
3401,Frankenstein,67468,06329
3402,Frankenthal,1909,Error
3403,Frankenthal (Pfalz),67227,06233
3404,Frankenwinheim,97447,09382
3405,Frankfurt am Main,60306,069
3406,Frankfurt am Main,60308,069
3407,Frankfurt am Main,60310,069
3408,Frankfurt am Main,60311,069
3409,Frankfurt am Main,60312,069
3410,Frankfurt am Main,60313,069
3411,Frankfurt am Main,60314,069
3412,Frankfurt am Main,60315,069
3413,Frankfurt am Main,60316,069
3414,Frankfurt am Main,60318,069
3415,Frankfurt am Main,60320,069
3416,Frankfurt am Main,60322,069
3417,Frankfurt am Main,60323,069
3418,Frankfurt am Main,60325,069
3419,Frankfurt am Main,60326,069
3420,Frankfurt am Main,60327,069
3421,Frankfurt am Main,60329,069
3422,Frankfurt am Main,60385,069
3423,Frankfurt am Main,60386,069
3424,Frankfurt am Main,60388,069
3425,Frankfurt am Main,60389,069
3426,Frankfurt am Main,60431,069
3427,Frankfurt am Main,60433,069
3428,Frankfurt am Main,60435,069
3429,Frankfurt am Main,60437,069
3430,Frankfurt am Main,60438,069
3431,Frankfurt am Main,60439,069
3432,Frankfurt am Main,60486,069
3433,Frankfurt am Main,60487,069
3434,Frankfurt am Main,60488,069
3435,Frankfurt am Main,60489,069
3436,Frankfurt am Main,60528,069
3437,Frankfurt am Main,60529,069
3438,Frankfurt am Main,60549,069
3439,Frankfurt am Main,60594,069
3440,Frankfurt am Main,60596,069
3441,Frankfurt am Main,60598,069
3442,Frankfurt am Main,60599,069
3443,Frankfurt am Main,65929,069
3444,Frankfurt am Main,65931,069
3445,Frankfurt am Main,65933,069
3446,Frankfurt am Main,65934,069
3447,Frankfurt am Main,65936,069
3448,Frankfurt (Oder),15230,0335
3449,Frankfurt (Oder),15232,0335
3450,Frankfurt (Oder),15234,0335
3451,Frankfurt (Oder),15236,0335
3452,Fränkisch-Crumbach,64407,06164
3453,Frankweiler,76833,06345
3454,Franzburg,18461,038324
3455,Franzenheim,54316,06588
3456,Frasdorf,83112,08052
3457,Frauenau,94258,09926
3458,Frauenberg,55776,06783
3459,Frauendorf,1945,Error
3460,Frauenneuharting,83553,08092
3461,Frauenprießnitz,7774,07807
3462,Frauenstein,9623,09573
3463,Fraunberg,85447,08762
3464,Fraureuth,8427,Error
3465,Frechen,50226,02234
3466,Freckenfeld,76872,06349
3467,Fredeburg,23909,04541
3468,Fredenbeck,21717,04149
3469,Freden (Leine),31084,05184
3470,Fredersdorf-Vogelsdorf,15370,033439
3471,Fredesdorf,23826,04558
3472,Freiamt,79348,07645
3473,Freiberg,9599,Error
3474,Freiberg am Neckar,71691,07141
3475,Freiburg (Elbe),21729,04779
3476,Freiburg im Breisgau,79098,0761
3477,Freiburg im Breisgau,79100,0761
3478,Freiburg im Breisgau,79102,0761
3479,Freiburg im Breisgau,79104,0761
3480,Freiburg im Breisgau,79106,0761
3481,Freiburg im Breisgau,79108,0761
3482,Freiburg im Breisgau,79110,0761
3483,Freiburg im Breisgau,79111,0761
3484,Freiburg im Breisgau,79112,0761
3485,Freiburg im Breisgau,79114,0761
3486,Freiburg im Breisgau,79115,0761
3487,Freiburg im Breisgau,79117,0761
3488,Freienbessingen,99713,036020
3489,Freienhagen,37318,036083
3490,Freienorla,7768,Error
3491,Freiensteinau,36399,06666
3492,Freienwill,24991,04633
3493,Freigericht,63579,06055
3494,Freihung,92271,09646
3495,Freilassing,83395,08654
3496,Frei-Laubersheim,55546,0671
3497,Freilingen,56244,02666
3498,Freimersheim,55234,06737
3499,Freimersheim (Pfalz),67482,06347
3500,Freinsheim,67098,06322
3501,Freinsheim,67251,06353
3502,Freirachdorf,56244,02666
3503,Freisbach,67361,06344
3504,Freisen,66629,06857
3505,Freising,85354,08161
3506,Freising,85356,08161
3507,Freistatt,27259,04274
3508,Freital,1705,Error
3509,Frellstedt,38373,05355
3510,Fremdingen,86742,09086
3511,Frensdorf,96158,09502
3512,Freren,49832,05902
3513,Fresenburg,49762,05933
3514,Fresendelf,25876,04884
3515,Frestedt,25727,04830
3516,Frettenheim,67596,06244
3517,Fretterode,37318,036083
3518,Freudenberg,57258,0271
3519,Freudenberg,97896,09377
3520,Freudenberg,92272,09621
3521,Freudenburg,54450,06582
3522,Freudenstadt,72250,07441
3523,Freudental,74392,07143
3524,Freyburg (Unstrut),6632,Error
3525,Freystadt,92342,09179
3526,Freyung,94078,08551
3527,Frickenhausen,72636,07025
3528,Frickenhausen a.Main,97252,09331
3529,Frickingen,88699,07554
3530,Fridingen an der Donau,78567,07463
3531,Fridolfing,83413,08684
3532,Friedberg,61169,06031
3533,Friedberg,86316,0821
3534,Friedeburg,26446,04465
3535,Friedelshausen,98634,036941
3536,Friedelsheim,67159,06322
3537,Friedenfels,95688,09683
3538,Friedenweiler,79877,07651
3539,Friedewald,36289,06674
3540,Friedewald,57520,02747
3541,Friedland,15848,03366
3542,Friedland,37133,05509
3543,Friedland,17098,039601
3544,Friedrichroda,99894,03623
3545,Friedrichsdorf,61273,06081
3546,Friedrichsdorf,61381,06175
3547,Friedrichsgabekoog,25764,04833
3548,Friedrichsgraben,24799,04624
3549,Friedrichshafen,88045,07541
3550,Friedrichshafen,88046,07541
3551,Friedrichshafen,88048,07541
3552,Friedrichsholm,24799,04624
3553,Friedrichskoog,25718,04854
3554,Friedrichsruhe,19089,0385
3555,Friedrichstadt,25840,04881
3556,Friedrichsthal,66299,06897
3557,Friedrichswalde,16247,033361
3558,Friedrich-Wilhelm-Lübke-Koog,25924,04668
3559,Frielendorf,34621,05684
3560,Friemar,99869,036202
3561,Friesack,14662,033235
3562,Friesenhagen,51598,02294
3563,Friesenheim,77948,07821
3564,Friesenheim,55278,06138
3565,Friesenried,87654,08347
3566,Friesoythe,26169,04491
3567,Friolzheim,71292,07044
3568,Frittlingen,78665,07426
3569,Fritzlar,34560,05683
3570,Frohburg,4654,Error
3571,Fröhnd,79677,07673
3572,Frohnhofen,66903,06386
3573,Fröndenberg/Ruhr,58730,02373
3574,Fronhausen,35112,06426
3575,Fronhofen,55471,06761
3576,Fronreute,88273,07505
3577,Frontenhausen,84160,08722
3578,Frücht,56132,02603
3579,Fuchshofen,53533,02693
3580,Fuchsmühl,95689,09634
3581,Fuchsstadt,97727,09732
3582,Fuchstal,86925,08243
3583,Fuhlendorf,18356,038231
3584,Fuhlendorf,24649,04192
3585,Fuhlenhagen,21493,04151
3586,Fulda,36037,0661
3587,Fulda,36039,0661
3588,Fulda,36041,0661
3589,Fulda,36043,0661
3590,Fuldabrück,34277,0561
3591,Fuldatal,34127,0561
3592,Fuldatal,34233,05607
3593,Fünfseen,17213,039932
3594,Fünfstetten,86681,09091
3595,Fürfeld,55546,0671
3596,Fürstenau,49584,05901
3597,Fürstenberg,37699,05271
3598,Fürstenberg/Havel,16798,033093
3599,Fürsteneck,94142,08505
3600,Fürstenfeldbruck,82256,08141
3601,Fürstenstein,94538,08544
3602,Fürstenwalde/Spree,15517,03361
3603,Fürstenzell,94081,08542
3604,Furth,84095,08708
3605,Fürth,90762,0911
3606,Fürth,90763,0911
3607,Fürth,90765,0911
3608,Fürth,90766,0911
3609,Fürth,90768,0911
3610,Fürth,64658,Error
3611,Fürthen,57539,02682
3612,Furth im Wald,93437,09973
3613,Furtwangen im Schwarzwald,78120,07722
3614,Füssen,87629,08362
3615,Fußgönheim,67136,06237
3616,Gablenz - Jabłońc,2953,Error
3617,Gablingen,86456,08230
3618,Gabsheim,55288,06734
3619,Gachenbach,86565,08259
3620,Gackenbach,56412,06485
3621,Gadebusch,19205,03886
3622,Gädheim,97503,09727
3623,Gägelow,23968,03841
3624,Gaggenau,76571,07225
3625,Gaiberg,69251,06223
3626,Gaienhofen,78343,07735
3627,Gaildorf,74405,07971
3628,Gailingen am Hochrhein,78262,Error
3629,Gaimersheim,85080,08458
3630,Gaißach,83674,08041
3631,Galenbeck,17099,039607
3632,Galenberg,56651,02636
3633,Gallin,19258,038847
3634,Gallin-Kuppentin,19386,038731
3635,Gallmersgarten,91605,09843
3636,Galmsbüll,25899,04661
3637,Gamlen,56761,02653
3638,Gammelby,24340,04351
3639,Gammelin,19230,038852
3640,Gammelsdorf,85408,08766
3641,Gammelshausen,73108,07164
3642,Gammertingen,72501,07574
3643,Ganderkesee,27777,04222
3644,Gandesbergen,27324,04254
3645,Gangelt,52538,02454
3646,Gangkofen,84140,08722
3647,Gangloffsömmern,99634,036376
3648,Ganzlin,19395,038735
3649,Gappenach,56294,02605
3650,Garbsen,30823,05131
3651,Garbsen,30826,05131
3652,Garbsen,30827,05131
3653,Garching an der Alz,84518,08634
3654,Garching bei München,85748,089
3655,Gardelegen,39638,03907
3656,Gardelegen,39646,039006
3657,Gardelegen,39649,039082
3658,Garding,25836,Error
3659,Garlstorf,21376,04172
3660,Garmisch-Partenkirchen,82467,08821
3661,Garmisch-Partenkirchen,82475,08821
3662,Garrel,49681,04495
3663,Gars am Inn,83536,08073
3664,Gars am Inn,83546,08073
3665,Gars am Inn,83555,08073
3666,Gars am Inn,83559,08073
3667,Garstedt,21441,04172
3668,Gartow,29471,05846
3669,Gärtringen,71116,07034
3670,Gartz (Oder),16307,033332
3671,Garz,17419,038378
3672,Garzau-Garzin,15345,03341
3673,Garz/Rügen,18574,038306
3674,Gattendorf,95185,09281
3675,Gau-Algesheim,55435,Error
3676,Gau-Bickelheim,55599,06701
3677,Gau-Bischofsheim,55296,06138
3678,Gauern,7580,Error
3679,Gauersheim,67294,06352
3680,Gäufelden,71126,07032
3681,Gaugrehweiler,67822,06362
3682,Gau-Heppenheim,55234,06737
3683,Gaukönigshofen,97253,09337
3684,Gau-Odernheim,55239,06733
3685,Gaushorn,25782,04838
3686,Gauting,82131,089
3687,Gau-Weinheim,55578,06732
3688,Gebenbach,92274,09622
3689,Gebesee,99189,036201
3690,Gebhardshain,57580,02747
3691,Gebroth,55595,0671
3692,Gebsattel,91607,09861
3693,Gechingen,75391,07056
3694,Gedern,63688,06045
3695,Geeste,49744,05963
3696,Geesthacht,21502,04152
3697,Geestland,27607,04743
3698,Geestland,27624,04745
3699,Gefell,54552,06592
3700,Gefell,7926,07683
3701,Gefrees,95482,09273
3702,Gehlert,57627,02662
3703,Gehlsbach,19386,038731
3704,Gehlweiler,55490,06765
3705,Gehofen,6571,06192
3706,Gehrde,49596,05494
3707,Gehrden,30989,05108
3708,Gehrweiler,67724,06302
3709,Geichlingen,54675,06522
3710,Geiersthal,94244,09921
3711,Geilenkirchen,52511,02451
3712,Geilnau,56379,02604
3713,Geisa,36419,036967
3714,Geiselbach,63826,06029
3715,Geiselberg,67715,06307
3716,Geiselhöring,94333,09420
3717,Geiselwind,96160,09555
3718,Geisenfeld,85290,08452
3719,Geisenhain,7646,07245
3720,Geisenhausen,84144,08743
3721,Geisenheim,65366,06722
3722,Geisfeld,54413,06503
3723,Geisig,56357,06772
3724,Geisingen,78187,07708
3725,Geisleden,37308,036082
3726,Geislingen,72351,07428
3727,Geislingen an der Steige,73312,07331
3728,Geismar,37308,036082
3729,Geithain,4643,Error
3730,Gelbensande,18182,0381
3731,Gelchsheim,97255,09337
3732,Geldern,47608,02831
3733,Geldersheim,97505,09721
3734,Gelenau/Erzgebirge,9423,09942
3735,Gelenberg,53539,02692
3736,Gelnhausen,63571,06051
3737,Gelnhausen,63589,06051
3738,Gelsenkirchen,45879,0209
3739,Gelsenkirchen,45881,0209
3740,Gelsenkirchen,45883,0209
3741,Gelsenkirchen,45884,0209
3742,Gelsenkirchen,45886,0209
3743,Gelsenkirchen,45888,0209
3744,Gelsenkirchen,45889,0209
3745,Gelsenkirchen,45891,0209
3746,Gelsenkirchen,45892,0209
3747,Gelsenkirchen,45894,0209
3748,Gelsenkirchen,45896,0209
3749,Gelsenkirchen,45897,0209
3750,Gelsenkirchen,45899,0209
3751,Geltendorf,82269,08193
3752,Gelting,24395,04643
3753,Geltorf,24884,04624
3754,Gemmerich,56357,06772
3755,Gemmingen,75050,07267
3756,Gemmrigheim,74376,07143
3757,Gemünd,54673,06564
3758,Gemünden,56459,02663
3759,Gemünden,55490,06765
3760,Gemünden am Main,97737,09351
3761,Gemünden (Felda),35329,06634
3762,Gemünden (Wohra),35285,06453
3763,Genderkingen,86682,09090
3764,Gengenbach,77723,07803
3765,Gensingen,55457,06727
3766,Genthin,39291,039225
3767,Genthin,39307,039342
3768,Gentingen,54675,06522
3769,Georgenberg,92697,09658
3770,Georgensgmünd,91166,09172
3771,Georgenthal,99887,036253
3772,Georgsdorf,49828,05946
3773,Georgsmarienhütte,49124,05401
3774,Gera,7545,Error
3775,Gera,7546,Error
3776,Gera,7548,Error
3777,Gera,7549,Error
3778,Gera,7551,Error
3779,Gera,7552,Error
3780,Gera,7554,Error
3781,Gera,7557,Error
3782,Gerabronn,74582,07952
3783,Gerach,96161,09544
3784,Gerach,55743,06781
3785,Geratal,99330,Error
3786,Geratal,99331,Error
3787,Geratskirchen,84552,08728
3788,Gerbach,67813,06361
3789,Gerbershausen,37318,036083
3790,Gerbrunn,97218,0931
3791,Gerbstedt,6347,06181
3792,Gerdau,29581,05808
3793,Gerdshagen,16928,03395
3794,Geretsried,82538,08171
3795,Gerhardsbrunn,66851,06307
3796,Gerhardsbrunn,66894,06372
3797,Gerhardshofen,91466,09163
3798,Gering,56751,02654
3799,Geringswalde,9326,Error
3800,Gerlingen,70839,07156
3801,Germaringen,87656,08341
3802,Germering,82110,089
3803,Germersheim,76726,07274
3804,Gernrode,37339,03605
3805,Gernsbach,76593,07224
3806,Gernsheim,64579,06157
3807,Geroda,97779,09747
3808,Geroda,7819,07462
3809,Geroldsgrün,95179,09267
3810,Geroldshausen,97256,09366
3811,Gerolfingen,91726,09854
3812,Gerolsbach,85302,08445
3813,Gerolsheim,67229,06238
3814,Gerolstein,54568,06591
3815,Gerolzhofen,97447,09382
3816,Gersdorf,9355,Error
3817,Gersfeld (Rhön),36129,06656
3818,Gersheim,66453,06843
3819,Gersten,49838,05904
3820,Gerstenberg,4617,Error
3821,Gerstengrund,36419,036967
3822,Gerstetten,89547,07324
3823,Gersthofen,86368,0821
3824,Gerstungen,99834,036925
3825,Gerswalde,17268,039886
3826,Gertewitz,7389,Error
3827,Gerzen,84175,08741
3828,Geschendorf,23815,04553
3829,Gescher,48712,02542
3830,Gesees,95494,09201
3831,Geseke,59590,02942
3832,Geslau,91608,09867
3833,Gessertshausen,86459,08238
3834,Gestratz,88167,08384
3835,Getelo,49843,05942
3836,Gettorf,24214,04346
3837,Gevelsberg,58285,02332
3838,Gevenich,56825,02678
3839,Gevensleben,38384,05354
3840,Geyer,9468,Error
3841,Giebelstadt,97232,09334
3842,Gieboldehausen,37434,05528
3843,Giekau,24321,04381
3844,Gieleroth,57610,02681
3845,Gielert,54424,06504
3846,Gielow,17139,03994
3847,Giengen an der Brenz,89522,07321
3848,Giengen an der Brenz,89537,07322
3849,Gierschnach,56294,02605
3850,Giershausen,57632,02685
3851,Giersleben,6449,Error
3852,Gierstädt,99100,036206
3853,Giesdorf,54614,06553
3854,Giesen,31180,05066
3855,Giesenhausen,57612,02681
3856,Giesensdorf,23909,04541
3857,Gießen,35390,0641
3858,Gießen,35392,0641
3859,Gießen,35394,0641
3860,Gießen,35396,0641
3861,Gießen,35398,0641
3862,Gifhorn,38518,05371
3863,Gifhorn,38559,05376
3864,Gilching,82205,08105
3865,Gillenbeuren,56825,02678
3866,Gillenfeld,54558,06573
3867,Gilserberg,34630,06696
3868,Gilten,29690,05071
3869,Gilzem,54298,06506
3870,Gimbsheim,67578,06249
3871,Gimbweiler,55767,06782
3872,Gindorf,54657,06563
3873,Gingen an der Fils,73333,07162
3874,Gingst,18569,038305
3875,Ginsheim-Gustavsburg,65462,06144
3876,Ginsweiler,67742,06382
3877,Gipperath,54533,06572
3878,Girkenroth,56459,02663
3879,Girod,56412,06485
3880,Gladbach,54518,06535
3881,Gladbeck,45964,02043
3882,Gladbeck,45966,02041
3883,Gladbeck,45968,02043
3884,Gladenbach,35075,06462
3885,Glanbrücken,66887,06381
3886,Glandorf,49219,05426
3887,Glan-Münchweiler,66907,06383
3888,Glasau,23719,04525
3889,Glasehausen,37308,036082
3890,Glasewitz,18276,03843
3891,Glashütte,1768,Error
3892,Glashütten,61479,06082
3893,Glashütten,95496,09279
3894,Glasin,23992,038422
3895,Glasow,17322,039749
3896,Glattbach,63864,06021
3897,Glatten,72293,07443
3898,Glaubitz,1612,Error
3899,Glauburg,63695,06041
3900,Glauchau,8371,08025
3901,Glees,56653,02636
3902,Gleichen,37130,05508
3903,Gleina,6632,Error
3904,Gleiritsch,92723,09659
3905,Gleißenberg,93477,Error
3906,Gleisweiler,76835,06323
3907,Gleiszellen-Gleishorbach,76889,06349
3908,Glewitz,18513,038334
3909,Glienicke/Nordbahn,16548,033056
3910,Glinde,21509,040
3911,Glonn,85625,08093
3912,Glött,89353,09075
3913,Glottertal,79286,07684
3914,Glowe,18551,038302
3915,Glücksburg,24960,04631
3916,Glückstadt,25348,04124
3917,Glüsing,25779,04836
3918,Gmund,83703,08022
3919,Gnarrenburg,27442,04285
3920,Gneus,7646,07245
3921,Gneven,19065,0385
3922,Gnevkow,17089,03965
3923,Gnewitz,18195,038205
3924,Gnoien,17179,039971
3925,Gnotzheim,91728,09836
3926,Gnutz,24622,04392
3927,Goch,47574,02827
3928,Gochsheim,97469,09723
3929,Göcklingen,76831,06349
3930,Göda - Hodźij,2633,Error
3931,Goddert,56244,02666
3932,Godendorf,17237,039826
3933,Gödenroth,56290,06746
3934,Gödenstorf,21376,04172
3935,Goethestadt Bad Lauchstädt,6246,Error
3936,Göggingen,73571,07175
3937,Göhl,23758,04361
3938,Göhlen,19288,038754
3939,Göhrde,29473,05862
3940,Göhren,18586,038303
3941,Göhren,4603,Error
3942,Göhren-Lebbin,17213,039932
3943,Gohrisch,1824,038462
3944,Gokels,25557,04872
3945,Golchen,17089,03965
3946,Goldbach,63773,06021
3947,Goldbeck,39596,039321
3948,Goldberg,19399,038732
3949,Goldebek,25862,04673
3950,Goldelund,25862,04673
3951,Göldenitz,23919,04544
3952,Goldenstedt,49424,04444
3953,Goldisthal,98746,036870
3954,Goldkronach,95497,09208
3955,Gölenkamp,49843,05942
3956,Gollenberg,55767,06782
3957,Gollenberg,14728,033875
3958,Göllheim,67307,06351
3959,Gollhofen,97258,09339
3960,Göllnitz,4626,Error
3961,Golmbach,37640,05532
3962,Golmsdorf,7751,Error
3963,Golßen,15938,035452
3964,Golzow,14778,03381
3965,Golzow,15328,033472
3966,Gomadingen,72532,07385
3967,Gomaringen,72810,07072
3968,Gommern,39175,039292
3969,Gommern,39245,039200
3970,Gommern,39264,039247
3971,Gommern,39279,039245
3972,Gommern,39291,039225
3973,Gommersheim,67377,06327
3974,Gonbach,67724,06302
3975,Gondelsheim,75053,07252
3976,Gondenbrett,54595,06551
3977,Gondershausen,56283,06742
3978,Gondorf,54647,06565
3979,Gönnebek,24610,04323
3980,Gönnersdorf,53498,02642
3981,Gönnersdorf,54584,06597
3982,Gönnheim,67161,06322
3983,Goosefeld,24340,04351
3984,Göpfersdorf,4618,Error
3985,Göppingen,73033,07161
3986,Göppingen,73035,07161
3987,Göppingen,73037,07161
3988,Göppingen,73116,07161
3989,Gorden-Staupitz,3238,Error
3990,Görgeshausen,56412,06485
3991,Görisried,87657,08302
3992,Göritz,17291,03984
3993,Görkwitz,7907,Error
3994,Gorleben,29475,05882
3995,Görlitz,2826,Error
3996,Görlitz,2827,0421
3997,Görlitz,2828,Error
3998,Gorlosen,19294,038758
3999,Görmin,17121,039998
4000,Gornau,9405,08586
4001,Gornau,9437,09905
4002,Gornau,9573,Error
4003,Gornhausen,54472,06531
4004,Gornsdorf,9390,Error
4005,Görsbach,99765,036333
4006,Görwihl,79733,07754
4007,Gorxheimertal,69517,06201
4008,Görzke,14828,033847
4009,Göschitz,7907,Error
4010,Goseck,6667,06872
4011,Gösen,7607,Error
4012,Gosen-Neu Zittau,15537,03362
4013,Gösenroth,55624,06544
4014,Gosheim,78559,07426
4015,Goslar,38640,05321
4016,Goslar,38642,05321
4017,Goslar,38644,05321
4018,Goslar,38690,05321
4019,Gössenheim,97780,09358
4020,Gossersweiler-Stein,76857,06345
4021,Gössitz,7389,Error
4022,Gößnitz,4639,02871
4023,Gößweinstein,91327,09242
4024,Gotha,99867,03621
4025,Gottenheim,79288,07665
4026,Gottesgabe,19209,038874
4027,Gotteszell,94239,09929
4028,Gottfrieding,84177,08731
4029,Gotthun,17207,039931
4030,Göttin,21514,04155
4031,Göttingen,37073,0551
4032,Göttingen,37075,0551
4033,Göttingen,37077,0551
4034,Göttingen,37079,0551
4035,Göttingen,37081,0551
4036,Göttingen,37083,0551
4037,Göttingen,37085,0551
4038,Gottmadingen,78244,07734
4039,Graach an der Mosel,54470,06531
4040,Graal-Müritz,18181,0381
4041,Grabau,23845,04535
4042,Grabau,21493,04151
4043,Graben,86836,08232
4044,Gräben,14793,033830
4045,Graben-Neudorf,76676,07255
4046,Grabenstätt,83355,0861
4047,Grabenstetten,72582,07382
4048,Grabfeld,98631,036948
4049,Grabow,19300,038792
4050,Grabowhöfe,17194,039926
4051,Gräfelfing,82166,089
4052,Grafenau,71120,07033
4053,Grafenau,94481,08552
4054,Grafenberg,72661,07123
4055,Gräfenberg,91322,09197
4056,Gräfendhron,54426,06504
4057,Gräfendorf,97782,09357
4058,Grafengehaig,95356,09255
4059,Gräfenhainichen,6772,06302
4060,Gräfenhainichen,6773,06308
4061,Grafenhausen,79865,07748
4062,Grafenrheinfeld,97506,09723
4063,Gräfenthal,98743,036703
4064,Grafenwiesen,93479,09941
4065,Grafenwöhr,92655,09641
4066,Grafhorst,38462,05364
4067,Grafing bei München,85567,08092
4068,Grafling,94539,0991
4069,Grafrath,82284,08144
4070,Grafschaft,53501,02641
4071,Grainau,82491,08821
4072,Grainet,94143,08585
4073,Graitschen bei Bürgel,7616,Error
4074,Grambek,23883,04545
4075,Grambin,17375,039771
4076,Grambow,17322,039749
4077,Grambow,19071,0385
4078,Grambow,19073,0385
4079,Grammendorf,18513,038334
4080,Grammentin,17153,039954
4081,Grammetal,99428,03643
4082,Grammow,18195,038205
4083,Gramzow,17291,03984
4084,Grande,22946,04154
4085,Gransdorf,54533,06572
4086,Gransebieth,18513,038334
4087,Gransee,16775,033088
4088,Granzin,19386,038731
4089,Grapzow,17089,03965
4090,Grasberg,28879,04208
4091,Grasbrunn,85630,08106
4092,Grasellenbach,64689,06253
4093,Grasleben,38368,05357
4094,Grassau,83224,08641
4095,Grattersdorf,94541,09903
4096,Grauel,24594,04871
4097,Grävenwiesbach,61279,06086
4098,Grebenau,36323,06646
4099,Grebenhain,36355,06644
4100,Grebenstein,34393,05673
4101,Grebin,24329,04522
4102,Grebs-Niendorf,19294,038758
4103,Greding,91171,08463
4104,Grefrath,47929,02158
4105,Greifenberg,86926,08193
4106,Greifenstein,35753,06473
4107,Greifswald,17489,03834
4108,Greifswald,17491,03834
4109,Greifswald,17493,03834
4110,Greiling,83677,08041
4111,Greimerath,54314,06587
4112,Greimerath,54533,06572
4113,Greimersburg,56814,02671
4114,Greiz,7973,07765
4115,Gremersdorf,23758,04361
4116,Gremersdorf-Buchholz,18461,038324
4117,Gremsdorf,91350,09195
4118,Grenderich,56858,Error
4119,Grenzach-Wyhlen,79639,07624
4120,Gresse,19258,038847
4121,Grethem,29690,05071
4122,Grettstadt,97508,09729
4123,Greußen,99718,036370
4124,Greußenheim,97259,0931
4125,Greven,48268,02571
4126,Greven,19258,038847
4127,Grevenbroich,41515,02181
4128,Grevenbroich,41516,02181
4129,Grevenbroich,41517,02181
4130,Grevenkop,25361,04824
4131,Grevenkrug,24241,04347
4132,Grevesmühlen,23936,03881
4133,Gribbohm,25596,04827
4134,Gribow,17506,038353
4135,Griebelschied,55608,06752
4136,Grieben,23936,03881
4137,Griefstedt,99638,036375
4138,Gries,66903,06386
4139,Griesheim,64347,06155
4140,Griesingen,89608,07391
4141,Griesstätt,83556,08039
4142,Grimburg,54413,06503
4143,Grimma,4668,Error
4144,Grimmelshausen,98660,036873
4145,Grimmen,18507,038326
4146,Grinau,23847,04534
4147,Grischow,17089,03965
4148,Grobengereuth,7389,Error
4149,Gröbenzell,82194,08142
4150,Gröde,25869,04674
4151,Gröden,4932,05422
4152,Grödersby,24376,04642
4153,Grödersby,24399,04642
4154,Gröditz,1609,Error
4155,Groitzsch,4539,Error
4156,Grolsheim,55459,06721
4157,Grömbach,72294,07448
4158,Grömbach,72297,07448
4159,Grömitz,23743,04562
4160,Gronau,48599,02562
4161,Gronau,31028,05182
4162,Gröningen,39397,039403
4163,Grönwohld,22956,04154
4164,Großaitingen,86845,08203
4165,Großalmerode,37247,05604
4166,Großbardorf,97633,09761
4167,Großbarkau,24245,04302
4168,Großbartloff,37359,036075
4169,Großbeeren,14979,03379
4170,Groß Berßen,49777,05965
4171,Großbettlingen,72663,07022
4172,Groß-Bieberau,64395,06161
4173,Groß-Bieberau,64401,06161
4174,Großbockedra,7646,07245
4175,Groß Boden,23847,04534
4176,Großbottwar,71723,07148
4177,Großbreitenbach,98701,036781
4178,Groß Buchwald,24582,04322
4179,Großbundenbach,66501,06337
4180,Großderschau,16845,033978
4181,Groß Disnack,23911,04541
4182,Groß Düben - Dźěwin,2953,Error
4183,Groß Düben - Dźěwin,2959,05872
4184,Großdubrau - Wulka Dubrawa,2694,Error
4185,Großefehn,26629,04946
4186,Großeibstadt,97633,09761
4187,Grosselfingen,72415,07476
4188,Großenaspe,24623,04327
4189,Großenbrode,23775,04362
4190,Großenhain,1558,Error
4191,Großenhain,1561,Error
4192,Großenkneten,26197,04435
4193,Großenlüder,36137,0661
4194,Großenrade,25712,04825
4195,Großensee,22946,04154
4196,Großenseebach,91091,09135
4197,Großenstein,7580,Error
4198,Großenwiehe,24969,04604
4199,Großenwörden,21712,04775
4200,Großerlach,71577,07903
4201,Großeutersdorf,7768,Error
4202,Großfahner,99100,036206
4203,Großfischlingen,67483,06323
4204,Groß-Gerau,64521,06152
4205,Groß Godems,19372,038728
4206,Groß Grönau,23627,04509
4207,Großhabersdorf,90613,09105
4208,Großhansdorf,22927,04102
4209,Großharrie,24625,04394
4210,Großharthau,1909,Error
4211,Großhartmannsdorf,9618,09504
4212,Großheide,26532,04936
4213,Großheirath,96269,09565
4214,Großheringen,99518,036461
4215,Großheubach,63920,09372
4216,Großholbach,56412,06485
4217,Groß Ippener,27243,04244
4218,Großkampenberg,54619,06559
4219,Großkarlbach,67229,06238
4220,Großkarolinenfeld,83109,Error
4221,Groß Kelle,17207,039931
4222,Groß Kiesow,17495,038355
4223,Großkmehlen,1990,Error
4224,Groß Kordshagen,18442,038327
4225,Groß Köris,15746,033763
4226,Groß Krams,19230,038852
4227,Groß Kreutz (Havel),14550,033207
4228,Großkrotzenburg,63538,06186
4229,Groß Kummerfeld,24626,04321
4230,Groß Laasch,19288,038754
4231,Großlangenfeld,54608,06555
4232,Großlangheim,97320,09321
4233,Groß Lindow,15295,033609
4234,Großlittgen,54534,06575
4235,Großlöbichau,7751,Error
4236,Großlohra,99759,036338
4237,Groß Luckow,17337,039745
4238,Großmaischeid,56276,02689
4239,Groß Meckelsen,27419,04282
4240,Großmehring,85098,08456
4241,Groß Miltzow,17349,03966
4242,Groß Mohrdorf,18445,038323
4243,Großmölsen,99198,0361
4244,Groß Molzahn,19217,038872
4245,Großnaundorf,1936,Error
4246,Groß Nemerow,17094,039603
4247,Großneuhausen,99625,03635
4248,Großniedesheim,67259,06233
4249,Groß Niendorf,23816,04552
4250,Groß Nordende,25436,04122
4251,Groß Oesingen,29393,05838
4252,Groß Offenseth-Aspern,25355,04123
4253,Großolbersdorf,9432,09422
4254,Großostheim,63762,06026
4255,Groß Pampau,21493,04151
4256,Groß Pankow (Prignitz),16928,03395
4257,Groß Plasten,17192,03991
4258,Groß Polzin,17390,038374
4259,Großpösna,4463,Error
4260,Großpostwitz/O.L. - Budestecy,2692,Error
4261,Großpürschütz,7751,Error
4262,Groß Quenstedt,38822,039424
4263,Großräschen,1983,Error
4264,Groß Rheide,24872,04627
4265,Großrinderfeld,97950,09344
4266,Groß Roge,17166,03996
4267,Groß-Rohrheim,68649,06245
4268,Großröhrsdorf,1900,Error
4269,Groß Rönnau,23795,04551
4270,Großrosseln,66352,06809
4271,Großrückerswalde,9518,09293
4272,Großrudestedt,99195,036204
4273,Groß Sarau,23627,04509
4274,Groß Schacksdorf-Simmersdorf,3149,Error
4275,Groß Schenkenberg,23860,04533
4276,Großschirma,9603,Error
4277,Großschönau,2779,04434
4278,Großschönau,2799,Error
4279,Großschwabhausen,99441,036454
4280,Großschweidnitz,2708,Error
4281,Groß Schwiesow,18276,03843
4282,Großseifen,56472,02661
4283,Großsolt,24991,04633
4284,Großsteinhausen,66484,06339
4285,Groß Stieten,23972,03841
4286,Groß Teetzleben,17091,039602
4287,Großthiemig,4932,05422
4288,Groß Twülpstedt,38464,05364
4289,Groß-Umstadt,64823,06078
4290,Großvargula,99958,036042
4291,Groß Vollstedt,24802,04330
4292,Großwallstadt,63868,06022
4293,Großweil,82439,08851
4294,Großweitzschen,4720,Error
4295,Groß Wittensee,24361,04356
4296,Groß Wokern,17166,03996
4297,Großwoltersdorf,16775,033088
4298,Groß Wüstenfelde,17168,039977
4299,Groß-Zimmern,64846,06071
4300,Grothusenkoog,25836,04862
4301,Grove,21493,04151
4302,Groven,25774,04882
4303,Grub,98530,036844
4304,Grub a.Forst,96271,09560
4305,Grube,23749,04364
4306,Gruibingen,73344,07335
4307,Grumbach,67745,06382
4308,Grünbach,8223,08141
4309,Grünberg,35305,06401
4310,Gründau,63584,06058
4311,Grundhof,24977,04636
4312,Grundsheim,89613,07393
4313,Grünebach,57520,02747
4314,Grünenbach,88167,08384
4315,Grünendeich,21720,04142
4316,Grünewald,1945,Error
4317,Grünhain-Beierfeld,8344,Error
4318,Grünhainichen,9579,Error
4319,Grünheide (Mark),15537,03362
4320,Grünkraut,88287,0751
4321,Grünow,17291,03984
4322,Grünow,17237,039826
4323,Grunow-Dammendorf,15299,033606
4324,Grünsfeld,97947,09346
4325,Grünstadt,67269,06359
4326,Grünwald,82031,089
4327,Gschwend,74417,07972
4328,Gstadt am Chiemsee,83257,08056
4329,Guben,3172,Error
4330,Güby,24357,04354
4331,Guckheim,56459,02663
4332,Gückingen,65558,06432
4333,Gudendorf,25693,04853
4334,Gudensberg,34281,05603
4335,Guderhandviertel,21720,04142
4336,Gudow,23899,04547
4337,Guggenhausen,88379,07587
4338,Güglingen,74363,07135
4339,Guhrow,3096,05101
4340,Guldental,55452,06707
4341,Gülitz-Reetz,19348,038785
4342,Güllesheim,56593,02687
4343,Gültz,17089,03965
4344,Gülzow,17153,039954
4345,Gülzow,21483,04151
4346,Gülzow-Prüzen,18276,03843
4347,Gumbsheim,55597,06703
4348,Gummersbach,51643,02261
4349,Gummersbach,51645,02261
4350,Gummersbach,51647,02261
4351,Gumperda,7768,Error
4352,Gumtow,16866,033971
4353,Gundelfingen,79194,0761
4354,Gundelfingen a.d.Donau,89423,08221
4355,Gundelsheim,96163,0951
4356,Gundelsheim,74831,06269
4357,Gunderath,56767,02657
4358,Gundersheim,67598,06244
4359,Gundersweiler,67724,06302
4360,Gundheim,67599,06244
4361,Gundremmingen,89355,08224
4362,Gunningen,78594,07424
4363,Günstedt,99631,036374
4364,Guntersblum,67583,06249
4365,Güntersleben,97261,09365
4366,Günzach,87634,08372
4367,Günzburg,89312,08221
4368,Gunzenhausen,91710,09831
4369,Gusborn,29476,05865
4370,Gusenburg,54413,06503
4371,Gusow-Platkow,15306,03346
4372,Güsten,39439,039262
4373,Güster,21514,04155
4374,Gusterath,54317,06500
4375,Gustow,18574,038306
4376,Güstrow,18273,03843
4377,Gutach im Breisgau,79261,07685
4378,Gutach (Schwarzwaldbahn),77793,07833
4379,Guteborn,1945,Error
4380,Gutenacker,56370,06486
4381,Gütenbach,78148,07723
4382,Gutenberg,55595,0671
4383,Gutenborn,6712,06231
4384,Guteneck,92543,09675
4385,Gutenstetten,91468,09163
4386,Gutenzell-Hürbel,88484,07354
4387,Gütersloh,33330,05241
4388,Gütersloh,33332,05241
4389,Gütersloh,33333,05241
4390,Gütersloh,33334,05241
4391,Gütersloh,33335,05241
4392,Gutow,18276,03843
4393,Guttenberg,95358,09255
4394,Gutweiler,54317,06500
4395,Gützkow,17506,038353
4396,Guxhagen,34302,05665
4397,Gyhum,27404,04281
4398,Haag,95473,09270
4399,Haag an der Amper,85410,08761
4400,Haag in Oberbayern,83527,08072
4401,Haale,24819,04874
4402,Haan,42781,02129
4403,Haar,85540,089
4404,Haarbach,94501,08543
4405,Haarbach,94542,08535
4406,Habach,82392,08856
4407,Habichtswald,34317,05606
4408,Habscheid,54597,06556
4409,Haby,24361,04356
4410,Hachenburg,57627,02662
4411,Hackenheim,55546,0671
4412,Hadamar,65589,06433
4413,Hademstorf,29693,05164
4414,Hadenfeld,25560,04825
4415,Hafenlohr,97840,09393
4416,Hage,26524,04936
4417,Häg-Ehrsberg,79685,07625
4418,Hagelstadt,93095,09454
4419,Hagen,24576,04192
4420,Hagen,58089,02331
4421,Hagen,58091,02331
4422,Hagen,58093,02331
4423,Hagen,58095,02331
4424,Hagen,58097,02331
4425,Hagen,58099,02331
4426,Hagen,58119,02331
4427,Hagen,58135,02331
4428,Hagen am Teutoburger Wald,49170,05405
4429,Hagenbach,76767,07273
4430,Hagenbüchach,91469,09101
4431,Hagenburg,31558,05033
4432,Hagen im Bremischen,27628,04746
4433,Hagenow,19230,038852
4434,Hagermarsch,26524,04936
4435,Hagnau am Bodensee,88709,07532
4436,Hahn,56850,06541
4437,Hahn am See,56244,02666
4438,Hahnbach,92256,09662
4439,Hahn bei Marienberg,56472,02661
4440,Hahnenbach,55606,06752
4441,Hahnheim,55278,06138
4442,Hähnichen,2923,Error
4443,Hahnstätten,65623,06430
4444,Hahnweiler,55776,06783
4445,Haibach,63808,06021
4446,Haibach,94353,09965
4447,Haidmühle,94145,08556
4448,Haiger,35708,02773
4449,Haigerloch,72401,07474
4450,Haimhausen,85778,089
4451,Haiming,84533,08678
4452,Haina (Kloster),35114,06456
4453,Hainau,56357,06772
4454,Hainburg,63512,06182
4455,Hainewalde,2779,04434
4456,Hainfeld,76835,06323
4457,Hainichen,9661,Error
4458,Hainichen,7778,07835
4459,Hainsfarth,86744,09082
4460,Hainspitz,7607,Error
4461,Haiterbach,72221,07456
4462,Halbe,15757,033765
4463,Halbemond,26524,04936
4464,Halberstadt,38820,03941
4465,Halberstadt,38822,039424
4466,Halberstadt,38895,039453
4467,Halblech,87642,08368
4468,Halbs,56457,02663
4469,Haldensleben,39340,03904
4470,Haldensleben,39343,039202
4471,Haldensleben,39345,039054
4472,Haldenwang,87490,08374
4473,Haldenwang,89356,09075
4474,Halenbeck-Rohlsdorf,16945,033968
4475,Halfing,83128,08055
4476,Hallbergmoos,85399,0811
4477,Halle,37620,05533
4478,Halle,49843,05942
4479,Hallenberg,59969,02984
4480,Hallerndorf,91352,09195
4481,Halle (Saale),6108,Error
4482,Halle (Saale),6110,Error
4483,Halle (Saale),6112,Error
4484,Halle (Saale),6114,Error
4485,Halle (Saale),6116,06031
4486,Halle (Saale),6118,06187
4487,Halle (Saale),6120,06036
4488,Halle (Saale),6122,Error
4489,Halle (Saale),6124,Error
4490,Halle (Saale),6126,06081
4491,Halle (Saale),6128,Error
4492,Halle (Saale),6130,Error
4493,Halle (Saale),6132,Error
4494,Halle (Westf.),33790,05201
4495,Hallgarten,67826,06362
4496,Hallig Hooge,25859,04849
4497,Hallschlag,54611,06557
4498,Hallstadt,96103,0951
4499,Hallungen,99826,036924
4500,Halsbach,84553,08623
4501,Halsbrücke,9633,09265
4502,Halsdorf,54646,06527
4503,Halsenbach,56283,06742
4504,Halstenbek,25469,04101
4505,Haltern am See,45721,02364
4506,Halver,58553,02353
4507,Halvesbostel,21646,04169
4508,Hambach,65582,06432
4509,Hamberge,23619,0451
4510,Hambergen,27729,04793
4511,Hambrücken,76707,07255
4512,Hambuch,56761,Error
4513,Hambühren,29313,05084
4514,Hamburg,20095,040
4515,Hamburg,20097,040
4516,Hamburg,20099,040
4517,Hamburg,20144,040
4518,Hamburg,20146,040
4519,Hamburg,20148,040
4520,Hamburg,20149,040
4521,Hamburg,20249,040
4522,Hamburg,20251,040
4523,Hamburg,20253,040
4524,Hamburg,20255,040
4525,Hamburg,20257,040
4526,Hamburg,20259,040
4527,Hamburg,20354,040
4528,Hamburg,20355,040
4529,Hamburg,20357,040
4530,Hamburg,20359,040
4531,Hamburg,20457,040
4532,Hamburg,20459,040
4533,Hamburg,20535,040
4534,Hamburg,20537,040
4535,Hamburg,20539,040
4536,Hamburg,21029,040
4537,Hamburg,21031,040
4538,Hamburg,21033,040
4539,Hamburg,21035,040
4540,Hamburg,21037,040
4541,Hamburg,21039,040
4542,Hamburg,21073,040
4543,Hamburg,21075,040
4544,Hamburg,21077,040
4545,Hamburg,21079,040
4546,Hamburg,21107,040
4547,Hamburg,21109,040
4548,Hamburg,21129,040
4549,Hamburg,21147,040
4550,Hamburg,21149,040
4551,Hamburg,22041,040
4552,Hamburg,22043,040
4553,Hamburg,22045,040
4554,Hamburg,22047,040
4555,Hamburg,22049,040
4556,Hamburg,22081,040
4557,Hamburg,22083,040
4558,Hamburg,22085,040
4559,Hamburg,22087,040
4560,Hamburg,22089,040
4561,Hamburg,22111,040
4562,Hamburg,22113,040
4563,Hamburg,22115,040
4564,Hamburg,22117,040
4565,Hamburg,22119,040
4566,Hamburg,22143,040
4567,Hamburg,22145,040
4568,Hamburg,22147,040
4569,Hamburg,22149,040
4570,Hamburg,22159,040
4571,Hamburg,22175,040
4572,Hamburg,22177,040
4573,Hamburg,22179,040
4574,Hamburg,22297,040
4575,Hamburg,22299,040
4576,Hamburg,22301,040
4577,Hamburg,22303,040
4578,Hamburg,22305,040
4579,Hamburg,22307,040
4580,Hamburg,22309,040
4581,Hamburg,22335,040
4582,Hamburg,22337,040
4583,Hamburg,22339,040
4584,Hamburg,22359,040
4585,Hamburg,22391,040
4586,Hamburg,22393,040
4587,Hamburg,22395,040
4588,Hamburg,22397,040
4589,Hamburg,22399,040
4590,Hamburg,22415,040
4591,Hamburg,22417,040
4592,Hamburg,22419,040
4593,Hamburg,22453,040
4594,Hamburg,22455,040
4595,Hamburg,22457,040
4596,Hamburg,22459,040
4597,Hamburg,22523,040
4598,Hamburg,22525,040
4599,Hamburg,22527,040
4600,Hamburg,22529,040
4601,Hamburg,22547,040
4602,Hamburg,22549,040
4603,Hamburg,22559,040
4604,Hamburg,22587,040
4605,Hamburg,22589,040
4606,Hamburg,22605,040
4607,Hamburg,22607,040
4608,Hamburg,22609,040
4609,Hamburg,22761,040
4610,Hamburg,22763,040
4611,Hamburg,22765,040
4612,Hamburg,22767,040
4613,Hamburg,22769,040
4614,Hamburg,27499,04721
4615,Hamdorf,24805,04332
4616,Hämelhausen,27324,04254
4617,Hameln,31785,05151
4618,Hameln,31787,05151
4619,Hameln,31789,05151
4620,Hamersen,27419,04282
4621,Hamfelde,22929,04534
4622,Hamfelde,22929,04534
4623,Hamm,59063,02381
4624,Hamm,59065,02381
4625,Hamm,59067,02381
4626,Hamm,59069,02381
4627,Hamm,59071,02381
4628,Hamm,59073,02381
4629,Hamm,59075,02381
4630,Hamm,59077,02381
4631,Hamm,54636,06561
4632,Hammah,21714,04141
4633,Hamm am Rhein,67580,06246
4634,Hammelburg,97762,09732
4635,Hammer a.d. Uecker,17358,03976
4636,Hammersbach,63546,06185
4637,Hammerstedt,99441,036454
4638,Hammerstein,56598,02635
4639,Hamminkeln,46499,02852
4640,Hammoor,22941,04532
4641,Hamm (Sieg),57577,02682
4642,Hamwarde,21502,04152
4643,Hamweddel,24816,04875
4644,Hanau,63450,06181
4645,Hanau,63452,06181
4646,Hanau,63454,06181
4647,Hanau,63456,06181
4648,Hanau,63457,06181
4649,Handeloh,21256,04187
4650,Handewitt,24976,0461
4651,Handewitt,24983,04608
4652,Handorf,21447,04133
4653,Handrup,49838,05904
4654,Hanerau-Hademarschen,25557,04872
4655,Hangen-Weisheim,55234,06737
4656,Hanhofen,67374,06344
4657,Hankensbüttel,29386,05832
4658,Hann. Münden,34346,05541
4659,Hannover,30159,0511
4660,Hannover,30161,0511
4661,Hannover,30163,0511
4662,Hannover,30165,0511
4663,Hannover,30167,0511
4664,Hannover,30169,0511
4665,Hannover,30171,0511
4666,Hannover,30173,0511
4667,Hannover,30175,0511
4668,Hannover,30177,0511
4669,Hannover,30179,0511
4670,Hannover,30419,0511
4671,Hannover,30449,0511
4672,Hannover,30451,0511
4673,Hannover,30453,0511
4674,Hannover,30455,0511
4675,Hannover,30457,0511
4676,Hannover,30459,0511
4677,Hannover,30519,0511
4678,Hannover,30521,0511
4679,Hannover,30539,0511
4680,Hannover,30559,0511
4681,Hannover,30625,0511
4682,Hannover,30627,0511
4683,Hannover,30629,0511
4684,Hannover,30655,0511
4685,Hannover,30657,0511
4686,Hannover,30659,0511
4687,Hannover,30669,0511
4688,Hanroth,56316,02684
4689,Hanshagen,17509,038354
4690,Hanstedt,21271,04184
4691,Hanstedt,29582,05822
4692,Happurg,91230,09157
4693,Harbach,57572,02734
4694,Harbke,39365,039293
4695,Harburg (Schwaben),86655,09080
4696,Hardebek,24616,04324
4697,Hardegsen,37181,05505
4698,Hardert,56579,02634
4699,Hardheim,74736,06283
4700,Hardt,56472,02661
4701,Hardt,78739,07422
4702,Hardthausen am Kocher,74239,07139
4703,Haren (Ems),49733,05932
4704,Hargarten,54649,06554
4705,Hargesheim,55595,0671
4706,Harmsdorf,23738,04363
4707,Harmsdorf,23911,04541
4708,Harmstorf,21228,04105
4709,Harpstedt,27243,04244
4710,Harrislee,24955,0461
4711,Harschbach,56307,02684
4712,Harscheid,53520,02695
4713,Harsdorf,95499,09203
4714,Harsefeld,21698,04164
4715,Harsewinkel,33428,05247
4716,Harsleben,38829,03941
4717,Harspelt,54617,06559
4718,Harsum,31177,05123
4719,Hartenfels,56244,02666
4720,Hartenholm,24628,04195
4721,Hartenstein,8118,Error
4722,Hartenstein,91235,09152
4723,Hartha,4746,Error
4724,Harthausen,67376,06344
4725,Hartheim am Rhein,79258,07633
4726,Harth-Pöllnitz,7570,Error
4727,Härtlingen,56459,02663
4728,Hartmannsdorf,9232,Error
4729,Hartmannsdorf,7613,0721
4730,Hartmannsdorf bei Kirchberg,8107,Error
4731,Hartmannsdorf-Reichenau,1762,Error
4732,Harxheim,55296,06138
4733,Harzgerode,6493,Error
4734,Harztor,99768,036331
4735,Hasbergen,49205,05405
4736,Hasborn,54533,06572
4737,Haschbach am Remigiusberg,66871,06384
4738,Hasel,79686,07762
4739,Haselau,25489,04129
4740,Haselbach,94354,09964
4741,Haselbach,4617,Error
4742,Haselbachtal,1920,038874
4743,Haseldorf,25489,04129
4744,Haselund,25855,04843
4745,Haselünne,49740,05961
4746,Hasenkrug,24616,04324
4747,Hasenmoor,24640,04191
4748,Haserich,56858,Error
4749,Haslach im Kinzigtal,77716,07832
4750,Hasloch,97907,09394
4751,Hasloh,25474,040
4752,Haßbergen,31626,05024
4753,Hassel,39596,039321
4754,Hasselbach,57635,02686
4755,Hasselbach,56288,06762
4756,Hasselberg,24376,04642
4757,Hasselroth,63594,06055
4758,Hassel (Weser),27324,04254
4759,Hassendorf,27367,04205
4760,Haßfurt,97437,09521
4761,Haßleben,99189,036201
4762,Haßloch,67454,06324
4763,Haßmersheim,74855,06266
4764,Haßmoor,24790,04331
4765,Haste,31559,05723
4766,Hatten,26209,04482
4767,Hattenhofen,82285,08202
4768,Hattenhofen,73110,07164
4769,Hattersheim am Main,65795,06190
4770,Hattert,57644,02662
4771,Hattgenstein,55767,06782
4772,Hattingen,45525,02324
4773,Hattingen,45527,02324
4774,Hattingen,45529,0201
4775,Hattorf am Harz,37197,05584
4776,Hattstedt,25856,04846
4777,Hattstedtermarsch,25856,04846
4778,Hatzenbühl,76770,07272
4779,Hatzenport,56332,02607
4780,Hatzfeld (Eder),35116,06467
4781,Hauenstein,76846,06392
4782,Haundorf,91729,09837
4783,Hauneck,36282,06621
4784,Haunetal,36166,06673
4785,Haunsheim,89437,09073
4786,Hauptstuhl,66851,06307
4787,Hauroth,56761,Error
4788,Hausach,77756,07831
4789,Hausbay,56291,06746
4790,Hausen,97647,09779
4791,Hausen,63840,06022
4792,Hausen,93345,09448
4793,Hausen,91353,09190
4794,Hausen,55608,06752
4795,Hausen am Bussen,89597,07393
4796,Hausen am Tann,72361,07436
4797,Hausen b. Würzburg,97262,09367
4798,Hausen im Wiesental,79688,07622
4799,Hausen ob Verena,78595,07424
4800,Hausen (Wied),53547,02638
4801,Häusern,79837,07755
4802,Hausham,83734,08025
4803,Häuslingen,27336,05165
4804,Haussömmern,99955,036041
4805,Hausten,56745,02655
4806,Hausweiler,67742,06382
4807,Hauzenberg,94051,08586
4808,Havekost,21493,04151
4809,Havelaue,14715,033877
4810,Havelberg,39539,039387
4811,Havelsee,14798,03381
4812,Haverlah,38275,05341
4813,Havetoft,24873,04603
4814,Havixbeck,48329,02507
4815,Hawangen,87749,08332
4816,Hayingen,72534,07386
4817,Haynrode,37339,03605
4818,Hebertsfelden,84332,08721
4819,Hebertshausen,85241,08139
4820,Hebertshausen,85764,089
4821,Hechingen,72379,07471
4822,Hechthausen,21755,04774
4823,Heckelberg-Brunow,16259,033368
4824,Hecken,55481,06763
4825,Heckenbach,53506,02643
4826,Heckenmünster,54518,06535
4827,Heckenmünster,54523,06508
4828,Heckhuscheid,54619,06559
4829,Hecklingen,39444,039267
4830,Heddert,54429,06589
4831,Heddesbach,69434,06272
4832,Heddesheim,68542,06203
4833,Hedeper,38322,05336
4834,Hedersleben,6458,06258
4835,Hedwigenkoog,25761,04834
4836,Heede,25355,04123
4837,Heede,26892,04963
4838,Heek,48619,02568
4839,Heemsen,31622,04254
4840,Heere,38277,05345
4841,Heeslingen,27404,04281
4842,Heeßen,31707,05722
4843,Hefersweiler,67753,06304
4844,Hehlen,37619,05533
4845,Heide,25746,0481
4846,Heideblick,15926,035456
4847,Heideck,91180,09177
4848,Heidekamp,23858,04533
4849,Heideland,3238,Error
4850,Heideland,7613,0721
4851,Heidelberg,69115,06221
4852,Heidelberg,69117,06221
4853,Heidelberg,69118,06221
4854,Heidelberg,69120,06221
4855,Heidelberg,69121,06221
4856,Heidelberg,69123,06221
4857,Heidelberg,69124,06221
4858,Heidelberg,69126,06221
4859,Heiden,46359,02867
4860,Heidenau,21258,04180
4861,Heidenau,1809,Error
4862,Heidenburg,54426,06504
4863,Heidenheim,91719,09833
4864,Heidenheim an der Brenz,89518,07321
4865,Heidenheim an der Brenz,89520,07321
4866,Heidenheim an der Brenz,89522,07321
4867,Heidenrod,65321,06775
4868,Heidersdorf,9526,Error
4869,Heidesee,15754,033767
4870,Heidgraben,25436,04122
4871,Heidmoor,24632,04192
4872,Heidmühlen,24598,04393
4873,Heidweiler,54518,06535
4874,Heigenbrücken,63869,06020
4875,Heikendorf,24226,0431
4876,Heilbach,54673,06564
4877,Heilbad Heiligenstadt,37308,036082
4878,Heilberscheid,56412,06485
4879,Heilbronn,74072,07131
4880,Heilbronn,74074,07131
4881,Heilbronn,74076,07131
4882,Heilbronn,74078,07131
4883,Heilbronn,74080,07131
4884,Heilbronn,74081,07131
4885,Heilenbach,54636,06561
4886,Heiligenberg,88633,07554
4887,Heiligengrabe,16909,033967
4888,Heiligenhafen,23774,04362
4889,Heiligenhaus,42579,02102
4890,Heiligenmoschel,67699,06301
4891,Heiligenroth,56412,06485
4892,Heiligenstadt,91332,09198
4893,Heiligenstedten,25524,04821
4894,Heiligenstedtenerkamp,25524,04821
4895,Heiligkreuzsteinach,69253,06220
4896,Heilsbronn,91560,09872
4897,Heilshoop,23619,0451
4898,Heimbach,52396,02446
4899,Heimbach,55779,06789
4900,Heimborn,57629,02747
4901,Heimbuchenthal,63872,06092
4902,Heimenkirch,88178,08381
4903,Heimertingen,87751,08331
4904,Heimsheim,71296,07033
4905,Heimweiler,55606,06752
4906,Heinade,37627,05532
4907,Heinbockel,21726,04144
4908,Heinersbrück,3185,05154
4909,Heinersreuth,95500,0921
4910,Heiningen,38312,05334
4911,Heiningen,73037,07161
4912,Heiningen,73092,07161
4913,Heiningen,73107,07161
4914,Heinkenborstel,24594,04871
4915,Heinrichsthal,63871,06020
4916,Heinrichswalde,17379,039778
4917,Heinsberg,52525,02452
4918,Heinsdorfergrund,8468,Error
4919,Heinsen,37649,05535
4920,Heinzenbach,55483,06763
4921,Heinzenberg,55606,06752
4922,Heinzenhausen,67742,06382
4923,Heisdorf,54614,06553
4924,Heist,25492,04122
4925,Heistenbach,65558,06432
4926,Heitersheim,79423,07633
4927,Helbedündorf,99713,036020
4928,Helbra,6311,06106
4929,Heldburg,98663,036871
4930,Heldenstein,84431,08636
4931,Helferskirchen,56244,02666
4932,Helgoland,27498,04725
4933,Hellenhahn-Schellenberg,56479,02664
4934,Hellenthal,53940,02482
4935,Hellertshausen,55758,06785
4936,Hellschen-Heringsand-Unterschaar,25764,04833
4937,Hellwege,27367,04205
4938,Helmbrechts,95233,09252
4939,Helmenzen,57612,02681
4940,Helmeroth,57612,02681
4941,Helmstadt,97264,09397
4942,Helmstadt-Bargen,74921,06268
4943,Helmstedt,38350,05351
4944,Helmstedt,38372,05351
4945,Helmstorf,24321,04381
4946,Helpsen,31691,05721
4947,Helsa,34298,05602
4948,Helse,25709,04851
4949,Heltersberg,67716,06333
4950,Helvesiek,27389,04265
4951,Hemau,93155,09491
4952,Hemdingen,25485,04120
4953,Hemer,58675,02372
4954,Hemhofen,91334,09195
4955,Hemme,25774,04882
4956,Hemmelzen,57612,02681
4957,Hemmersheim,97258,09339
4958,Hemmingen,71282,07150
4959,Hemmingen,30966,05101
4960,Hemmingstedt,25770,0481
4961,Hemmoor,21745,04778
4962,Hemsbach,69502,06201
4963,Hemsbünde,27386,04260
4964,Hemslingen,27386,04260
4965,Hemsloh,49453,05444
4966,Henau,55490,06765
4967,Hendungen,97640,09773
4968,Henfenfeld,91239,09151
4969,Henfstädt,98660,036873
4970,Hengersberg,94491,09901
4971,Hennef (Sieg),53773,02242
4972,Hennigsdorf,16761,03302
4973,Hennstedt,25581,04877
4974,Hennstedt,25779,04836
4975,Hennweiler,55619,06752
4976,Henschtal,66909,06384
4977,Henstedt-Ulzburg,24558,04193
4978,Hentern,54314,06587
4979,Hepberg,85120,08456
4980,Heppenheim,64646,06252
4981,Hepstedt,27412,04283
4982,Herbertingen,88518,07586
4983,Herbolzheim,79336,07643
4984,Herborn,35745,02772
4985,Herborn,55758,06785
4986,Herbrechtingen,89542,07324
4987,Herbsleben,99955,036041
4988,Herbstadt,97633,09761
4989,Herbstein,36358,06643
4990,Herbstmühle,54673,06564
4991,Herchweiler,66871,06384
4992,Herdecke,58313,02330
4993,Herdorf,57562,02744
4994,Herdwangen-Schönach,88634,07552
4995,Heretsried,86465,08293
4996,Herford,32049,05221
4997,Herford,32051,05221
4998,Herford,32052,05221
4999,Herforst,54662,06562
5000,Hergatz,88145,08385
5001,Hergenfeld,55452,06707
5002,Hergenroth,56457,02663
5003,Hergensweiler,88138,08388
5004,Hergersweiler,76872,06349
5005,Hergisdorf,6313,Error
5006,Heringen/Helme,99765,036333
5007,Heringen (Werra),36266,06624
5008,Heringsdorf,23777,04365
5009,Heringsdorf,17419,038378
5010,Heringsdorf,17424,038378
5011,Heringsdorf,17429,038379
5012,Herl,54317,06500
5013,Herleshausen,37293,05654
5014,Hermaringen,89537,07322
5015,Hermaringen,89568,07322
5016,Hermersberg,66919,06333
5017,Hermeskeil,54411,06503
5018,Hermsdorf,1945,Error
5019,Hermsdorf,7629,07244
5020,Hermsdorf/Erzgebirge,1776,Error
5021,Herne,44623,02323
5022,Herne,44625,02323
5023,Herne,44627,02323
5024,Herne,44628,02323
5025,Herne,44629,02323
5026,Herne,44649,02323
5027,Herne,44651,02323
5028,Herne,44652,02323
5029,Herne,44653,02323
5030,Herold,56368,06486
5031,Heroldsbach,91336,09190
5032,Heroldsberg,90562,09126
5033,Heroldstatt,72535,07389
5034,Herrenberg,71083,07032
5035,Herrenhof,99887,036253
5036,Herren-Sulzbach,67742,06382
5037,Herresbach,56729,02651
5038,Herrieden,91567,09804
5039,Herrischried,79737,07764
5040,Herrngiersdorf,84097,08785
5041,Herrnhut,2747,04722
5042,Herrsching am Ammersee,82211,08152
5043,Herrstein,55756,06785
5044,Hersbruck,91217,09151
5045,Herschbach,56249,02626
5046,Herschbach,56414,06435
5047,Herschberg,66917,06375
5048,Herschberg,66919,06333
5049,Herschberg,66987,06334
5050,Herschbroich,53518,02691
5051,Herscheid,58849,02357
5052,Herschweiler-Pettersheim,66909,06384
5053,Hersdorf,54597,06556
5054,Herten,45699,02366
5055,Herten,45701,02366
5056,Herxheim,76863,07276
5057,Herxheim am Berg,67273,06353
5058,Herxheimweyher,76863,07276
5059,Herzberg am Harz,37412,05521
5060,Herzberg am Harz,37434,05528
5061,Herzberg (Elster),4916,05471
5062,Herzberg (Mark),16835,033083
5063,Herzebrock-Clarholz,33442,05245
5064,Herzfeld,54619,06559
5065,Herzhorn,25379,04128
5066,Herzlake,49770,05962
5067,Herzogenaurach,91074,09132
5068,Herzogenrath,52134,02406
5069,Hesel,26835,04946
5070,Hespe,31693,05721
5071,Heßdorf,91093,09135
5072,Heßheim,67258,06233
5073,Hessigheim,74394,07143
5074,Hessisch Lichtenau,37235,05602
5075,Hessisch Oldendorf,31840,05152
5076,Hesweiler,56865,06545
5077,Hetlingen,25491,04103
5078,Hetschburg,99438,036458
5079,Hettenhausen,66919,06333
5080,Hettenleidelheim,67310,06351
5081,Hettenrodt,55758,06785
5082,Hettenshausen,85276,08441
5083,Hettenshausen,85304,08441
5084,Hettenshausen,85307,08166
5085,Hettingen,72513,07577
5086,Hettstadt,97265,0931
5087,Hettstedt,6333,Error
5088,Hetzerath,54523,06508
5089,Hetzles,91077,09134
5090,Heubach,73540,07173
5091,Heuchelheim,35452,Error
5092,Heuchelheim bei Frankenthal,67259,06233
5093,Heuchelheim-Klingen,76831,06349
5094,Heuchlingen,73572,07173
5095,Heuerßen,31700,05725
5096,Heukewalde,4626,Error
5097,Heupelzen,57612,02681
5098,Heusenstamm,63150,06104
5099,Heustreu,97618,09771
5100,Heusweiler,66265,06806
5101,Heuthen,37308,036082
5102,Heuweiler,79194,0761
5103,Heuzert,57627,02662
5104,Heyen,37619,05533
5105,Heyersdorf,4626,Error
5106,Hiddenhausen,32120,05221
5107,Hilbersdorf,7580,Error
5108,Hilchenbach,57271,02733
5109,Hildburghausen,98646,03685
5110,Hilden,40721,0211
5111,Hilden,40723,02103
5112,Hilden,40724,02103
5113,Hilders,36115,06681
5114,Hildesheim,31134,05121
5115,Hildesheim,31135,05121
5116,Hildesheim,31137,05121
5117,Hildesheim,31139,05121
5118,Hildesheim,31141,05121
5119,Hildrizhausen,71157,07034
5120,Hilgenroth,57612,02681
5121,Hilgermissen,27318,04251
5122,Hilgert,56206,02624
5123,Hilgertshausen-Tandern,86567,08259
5124,Hilkenbrook,26897,04967
5125,Hille,32479,05703
5126,Hillerse,38543,05373
5127,Hillesheim,54576,06593
5128,Hillesheim,67586,06733
5129,Hillgroven,25764,04833
5130,Hillscheid,56204,02620
5131,Hilpoltstein,91161,09174
5132,Hilscheid,54426,06504
5133,Hilst,66957,06331
5134,Hiltenfingen,86856,08249
5135,Hilter,49176,05409
5136,Hiltpoltstein,91355,09245
5137,Hilzingen,78247,07739
5138,Himbergen,29584,05828
5139,Himmelkron,95502,09273
5140,Himmelpforten,21709,04144
5141,Himmelstadt,97267,09364
5142,Himmighofen,56357,06772
5143,Hingstheide,25563,04822
5144,Hinrichshagen,17498,03834
5145,Hinte,26759,04925
5146,Hinterschmiding,94146,08551
5147,Hintersee,17375,039771
5148,Hintertiefenbach,55743,06781
5149,Hinterweidenthal,66999,06396
5150,Hinterweiler,54570,06591
5151,Hinterzarten,79856,07652
5152,Hinzenburg,54316,06588
5153,Hinzert-Pölert,54421,06586
5154,Hinzweiler,67756,06304
5155,Hipstedt,27432,04767
5156,Hirrlingen,72145,07478
5157,Hirschaid,96114,09543
5158,Hirschau,92242,09622
5159,Hirschbach,92275,09663
5160,Hirschberg,65558,06432
5161,Hirschberg,7927,07681
5162,Hirschberg an der Bergstraße,69493,Error
5163,Hirschfeld,8144,Error
5164,Hirschfeld,4932,05422
5165,Hirschfeld,7554,Error
5166,Hirschfeld (Hunsrück),55483,06763
5167,Hirschhorn,64757,06275
5168,Hirschhorn,69412,06271
5169,Hirschhorn,69434,06272
5170,Hirschhorn/Pfalz,67732,06308
5171,Hirschstein,1594,Error
5172,Hirschthal,66996,06393
5173,Hirten,56729,02651
5174,Hirzenhain,63697,06045
5175,Hirz-Maulsbach,57635,02686
5176,Hittbergen,21522,04139
5177,Hitzacker,29456,05858
5178,Hitzhofen,85122,08406
5179,Hitzhusen,24576,04192
5180,Höchberg,97204,0931
5181,Hochborn,55234,06737
5182,Hochdonn,25712,Error
5183,Hochdorf,73269,07153
5184,Hochdorf,88436,07355
5185,Hochdorf,88454,Error
5186,Hochdorf-Assenheim,67126,06231
5187,Höchenschwand,79862,07755
5188,Hochheim,65239,06146
5189,Höchheim,97633,09761
5190,Hochkirch - Bukecy,2627,Error
5191,Hochscheid,54472,06531
5192,Hochspeyer,67691,06305
5193,Höchstadt a.d.Aisch,91315,09193
5194,Hochstadt a.Main,96272,09574
5195,Höchstädt an der Donau,89420,09074
5196,Höchstädt im Fichtelgebirge,95186,Error
5197,Hochstadt (Pfalz),76879,06347
5198,Hochstätten,55585,0671
5199,Höchstberg,56767,02657
5200,Höchstenbach,57629,02747
5201,Hochstetten-Dhaun,55606,06752
5202,Höchst im Odenwald,64739,06163
5203,Hockenheim,68766,06205
5204,Hockweiler,54316,06588
5205,Hodenhagen,29693,05164
5206,Hodorf,25569,04824
5207,Hof,95028,09281
5208,Hof,95030,09281
5209,Hof,95032,09281
5210,Hof,56472,02661
5211,Hofbieber,36145,06657
5212,Höfen an der Enz,75339,07081
5213,Hoffeld,24582,04322
5214,Hoffeld,53534,02691
5215,Hofgeismar,34369,05671
5216,Hofheim am Taunus,65719,06192
5217,Hofheim in Unterfranken,97461,09523
5218,Hofkirchen,94544,08545
5219,Hofstetten,77716,07832
5220,Hofstetten,86928,08196
5221,Högel,25858,04673
5222,Högersdorf,23795,04551
5223,Högsdorf,24327,04382
5224,Höhbeck,29478,05846
5225,Hohberg,77749,07808
5226,Hohe Börde,39167,039204
5227,Hohe Börde,39326,039206
5228,Hohe Börde,39343,039202
5229,Höheinöd,66989,06333
5230,Höheischweiler,66989,06333
5231,Hohenahr,35644,06444
5232,Hohenaltheim,86745,09088
5233,Hohenaspe,25582,04893
5234,Hohenau,94545,08558
5235,Hohenberg an der Eger,95691,09233
5236,Hohenberg-Krusemark,39596,039321
5237,Hohenbocka,1945,Error
5238,Hohenbollentin,17111,039994
5239,Hohenbrunn,85521,089
5240,Hohenbrunn,85662,08102
5241,Hohenbucko,4936,Error
5242,Hohenburg,92277,09474
5243,Hohen Demzin,17166,03996
5244,Hohendubrau - Wysoka Dubrawa,2906,Error
5245,Hohenfelde,24257,04385
5246,Hohenfelde,18209,038203
5247,Hohenfelde,18211,038203
5248,Hohenfelde,25358,04126
5249,Hohenfelde,22946,04154
5250,Hohenfelden,99448,036450
5251,Hohenfels,92366,09472
5252,Hohenfels,78355,07771
5253,Hohenfels-Essingen,54570,06591
5254,Hohenfinow,16248,033369
5255,Hohenfurch,86978,08869
5256,Hohengandern,37318,036083
5257,Hohenhameln,31249,05128
5258,Hohenhorn,21526,04152
5259,Hohenkammer,85411,08166
5260,Hohenkirchen,23968,03841
5261,Höhenkirchen-Siegertsbrunn,85635,08102
5262,Höhenland,16259,033368
5263,Hohenleimbach,56746,02655
5264,Hohenleipisch,4934,Error
5265,Hohenleuben,7958,07621
5266,Hohenlinden,85664,08124
5267,Hohenlockstedt,25551,04826
5268,Hohenmocker,17111,039994
5269,Hohenmölsen,6679,06837
5270,Hohen Neuendorf,16540,03303
5271,Hohen Neuendorf,16556,03303
5272,Hohen Neuendorf,16562,03303
5273,Hohenöllen,67744,06382
5274,Hohenpeißenberg,82383,08805
5275,Hohenpolding,84432,08706
5276,Hohen Pritz,19406,038485
5277,Hohenroda,36284,06629
5278,Hohenroth,97618,09771
5279,Hohenselchow-Groß Pinnow,16306,033331
5280,Hohen Sprenz,18299,038459
5281,Hohenstadt,73345,07335
5282,Hohenstein,65329,06124
5283,Hohenstein,99755,036331
5284,Hohenstein,72531,07387
5285,Hohenstein-Ernstthal,9337,Error
5286,Hohen-Sülzen,67591,06243
5287,Hohentengen,88367,07572
5288,Hohentengen am Hochrhein,79801,07742
5289,Hohenthann,84098,08781
5290,Hohen Viecheln,23996,038423
5291,Hohen Wangelin,17194,039926
5292,Hohenwart,86558,08443
5293,Hohenwarte,7338,Error
5294,Hohenwarth,93480,09946
5295,Hohenwestedt,24594,04871
5296,Hohenzieritz,17237,Error
5297,Hohes Kreuz,37308,036082
5298,Höhfröschen,66989,06333
5299,Hohn,24806,04335
5300,Höhn,56462,02661
5301,Hohndorf,9394,Error
5302,Höhndorf,24217,04344
5303,Hohne,29362,05083
5304,Hohnhorst,31559,05723
5305,Hohnstein,1848,Error
5306,Hohnstorf (Elbe),21522,04139
5307,Höhr-Grenzhausen,56203,02624
5308,Hohwacht,24321,04381
5309,Hoisdorf,22955,04534
5310,Hoisdorf,22961,04534
5311,Holdorf,49451,05494
5312,Holdorf,19205,03886
5313,Holdorf,19217,038872
5314,Holenberg,37642,05532
5315,Holldorf,17094,039603
5316,Holle,31188,05062
5317,Hollenbach,86568,08251
5318,Hollenbek,23883,04545
5319,Hollenstedt,21279,04165
5320,Holler,56412,06485
5321,Hollern-Twielenfleth,21723,04141
5322,Hollfeld,96142,09274
5323,Hollingstedt,25788,04803
5324,Hollingstedt,24876,04627
5325,Hollnich,56288,06762
5326,Hollnseth,21769,04773
5327,Hollstadt,97618,09771
5328,Holm,25488,04103
5329,Holm,25923,04663
5330,Holste,27729,04793
5331,Holstenniendorf,25584,04827
5332,Holsthum,54668,06523
5333,Holt,24994,04605
5334,Holtgast,26427,04971
5335,Holthusen,19075,03865
5336,Holtland,26835,04946
5337,Holtsee,24363,04351
5338,Holzappel,56379,02604
5339,Holzbach,55469,06761
5340,Holzbunge,24361,04356
5341,Holzdorf,24364,04352
5342,Holzen,37632,05534
5343,Holzerath,54316,06588
5344,Holzgerlingen,71088,07031
5345,Holzgünz,87752,08393
5346,Holzhausen an der Haide,56357,Error
5347,Holzheim,65558,06432
5348,Holzheim,89291,07302
5349,Holzheim,89438,09075
5350,Holzheim,86684,08276
5351,Holzheim am Forst,93183,09473
5352,Holzkirch,89183,07340
5353,Holzkirchen,97292,09369
5354,Holzkirchen,83607,08024
5355,Holzmaden,73271,07023
5356,Holzminden,37603,05531
5357,Holzsußra,99713,036020
5358,Holzwickede,59439,02301
5359,Homberg,56479,02664
5360,Homberg,67742,Error
5361,Homberg,67744,06382
5362,Hömberg,56379,02604
5363,Homberg (Efze),34576,05681
5364,Homberg (Ohm),35315,06633
5365,Homburg,66424,06841
5366,Hommerdingen,54675,06522
5367,Honerath,53518,02691
5368,Honigsee,24211,04342
5369,Hönningen,53506,02643
5370,Hontheim,54538,06532
5371,Hoogstede,49846,05944
5372,Hoort,19230,038852
5373,Hopferau,87659,08362
5374,Höpfingen,74746,06283
5375,Hoppegarten,15366,03342
5376,Hoppenrade,18292,038457
5377,Hoppstädten,67744,06382
5378,Hoppstädten-Weiersbach,55768,06782
5379,Hopsten,48496,05458
5380,Horath,54497,06533
5381,Horbach,56412,06485
5382,Horbach,66851,06307
5383,Horbach,55606,06752
5384,Horb am Neckar,72160,07451
5385,Horben,79289,0761
5386,Horbruch,55483,06763
5387,Hörden am Harz,37412,05521
5388,Hördt,76771,07272
5389,Horgau,86497,08294
5390,Horgenzell,88263,07504
5391,Hörgertshausen,85413,08756
5392,Horhausen,56379,02604
5393,Horhausen (Westerwald),56593,02687
5394,Höringen,67724,06302
5395,Horka,2923,Error
5396,Horn,55469,Error
5397,Hornbach,66500,06338
5398,Horn-Bad Meinberg,32805,05234
5399,Hornbek,21514,04155
5400,Hornberg,78132,07833
5401,Horneburg,21640,04163
5402,Hornsömmern,99955,036041
5403,Hornstorf,23970,03841
5404,Hornstorf,23974,038426
5405,Hörnum (Sylt),25997,04651
5406,Horperath,56766,02676
5407,Horrweiler,55457,06727
5408,Horschbach,66887,06381
5409,Hörscheid,54552,06592
5410,Hörschhausen,54552,06592
5411,Hörsel,99869,036202
5412,Hörsel,99880,036259
5413,Hörselberg-Hainich,99820,036254
5414,Horst,25358,04126
5415,Horst,23883,04545
5416,Horstedt,27367,04205
5417,Horstedt,25860,04846
5418,Hörstel,48477,05459
5419,Hörsten,24797,04332
5420,Horstmar,48612,02558
5421,Hörup,24980,04639
5422,Hösbach,63768,06024
5423,Hosenfeld,36154,06650
5424,Höslwang,83129,08053
5425,Hoßkirch,88374,07587
5426,Hosten,54664,06562
5427,Hötensleben,39393,039402
5428,Hottenbach,55758,06785
5429,Höttingen,91798,09148
5430,Hövede,25782,04838
5431,Hövelhof,33161,05251
5432,Hövels,57537,02742
5433,Höxter,37671,05271
5434,Hoya,27318,04251
5435,Hoyerhagen,27318,04251
5436,Hoyerswerda - Wojerecy,2977,Error
5437,Hübingen,56412,06485
5438,Hüblingen,56479,02664
5439,Hückelhoven,41836,02433
5440,Hückeswagen,42499,02192
5441,Hude,25876,04884
5442,Hüde,49448,05443
5443,Hude (Oldenburg),27798,04408
5444,Hüffelsheim,55595,0671
5445,Hüffenhardt,74928,06268
5446,Hüffler,66909,06384
5447,Hüfingen,78183,0771
5448,Hügelsheim,76549,07229
5449,Huglfing,82386,08802
5450,Hugoldsdorf,18465,038320
5451,Huisheim,86685,09092
5452,Huje,25588,04821
5453,Hülben,72584,07125
5454,Hüllhorst,32609,05744
5455,Hülseburg,19230,038852
5456,Hülsede,31867,05043
5457,Hümmel,53520,02695
5458,Hummelfeld,24357,04354
5459,Hummelshain,7768,Error
5460,Hummeltal,95503,09201
5461,Hümmerich,53547,02638
5462,Humptrup,25923,04663
5463,Hunderdorf,94336,09961
5464,Hundhaupten,7557,Error
5465,Hunding,94551,09904
5466,Hundsangen,56414,06435
5467,Hundsbach,55621,06757
5468,Hundsdorf,56235,02624
5469,Hünfeld,36088,06652
5470,Hünfelden,65597,06438
5471,Hungen,35410,06402
5472,Hungenroth,56281,06747
5473,Hünstetten,65510,06126
5474,Hünxe,46569,02858
5475,Hunzel,56355,06772
5476,Hupperath,54518,06535
5477,Hurlach,86857,08248
5478,Hürtgenwald,52393,02429
5479,Hürth,50354,02233
5480,Hürup,24975,04634
5481,Husby,24975,04634
5482,Hüsby,24850,04621
5483,Husum,31632,05027
5484,Husum,25813,04841
5485,Hütschenhausen,66882,06371
5486,Hüttblek,24641,04194
5487,Hütten,24358,04353
5488,Hütten,54673,06564
5489,Hüttenberg,35625,06441
5490,Hütterscheid,54636,06561
5491,Hutthurm,94116,08505
5492,Hüttingen an der Kyll,54636,06561
5493,Hüttingen bei Lahr,54675,06522
5494,Hüttisheim,89185,07305
5495,Hüttlingen,73434,07361
5496,Hüttlingen,73453,07366
5497,Hüttlingen,73460,07961
5498,Hüven,49751,05952
5499,Huy,38836,039422
5500,Huy,38838,039428
5501,Ibach,79837,07755
5502,Ibbenbüren,49477,05451
5503,Ibbenbüren,49479,05451
5504,Ichenhausen,89335,08223
5505,Icking,82057,08171
5506,Idar-Oberstein,55743,06781
5507,Idelberg,57612,02681
5508,Iden,39606,039328
5509,Idenheim,54636,06561
5510,Idesheim,54636,06561
5511,Idstedt,24879,04621
5512,Idstein,65510,06126
5513,Iffeldorf,82393,08856
5514,Iffezheim,76473,07229
5515,Igel,54298,06506
5516,Igensdorf,91338,09126
5517,Igersheim,97999,09336
5518,Iggensbach,94547,09903
5519,Iggingen,73574,07175
5520,Igling,86859,08241
5521,Ihlienworth,21775,04755
5522,Ihlow,15936,035454
5523,Ihlow,26632,04929
5524,Ihringen,79241,07668
5525,Ihrlerstein,93346,09447
5526,Ilberstedt,6408,Error
5527,Ilbesheim,67294,06352
5528,Ilbesheim bei Landau in der Pfalz,76831,06349
5529,Illerich,56814,02671
5530,Illerkirchberg,89171,07346
5531,Illerrieden,89186,07306
5532,Illertissen,89257,07303
5533,Illesheim,91471,09841
5534,Illingen,75428,07043
5535,Illingen,66557,06825
5536,Illmensee,88636,07555
5537,Illschwang,92278,09661
5538,Ilmenau,98693,03677
5539,Ilmenau,98694,03677
5540,Ilmmünster,85304,08441
5541,Ilmtal-Weinstraße,99510,03644
5542,Ilsede,31241,05172
5543,Ilsede,31246,05172
5544,Ilsenburg,38871,03943
5545,Ilsfeld,74360,07062
5546,Ilshofen,74532,07906
5547,Ilvesheim,68549,0621
5548,Immendingen,78194,07462
5549,Immenhausen,34376,05673
5550,Immenreuth,95505,09642
5551,Immenstaad am Bodensee,88090,07532
5552,Immenstadt im Allgäu,87509,08323
5553,Immenstedt,25767,04835
5554,Immenstedt,25885,04847
5555,Immerath,54552,06592
5556,Immert,54426,06504
5557,Immesheim,67308,06355
5558,Impflingen,76831,06349
5559,Imsbach,67725,06357
5560,Imsbach,67808,06357
5561,Imsbach,67817,06357
5562,Imsweiler,67806,06361
5563,Imsweiler,67808,06357
5564,Inchenhofen,86570,08257
5565,Inden,52459,02465
5566,Ingelbach,57610,02681
5567,Ingelfingen,74653,07940
5568,Ingelheim am Rhein,55218,06132
5569,Ingelheim am Rhein,55262,06132
5570,Ingelheim am Rhein,55263,06132
5571,Ingendorf,54636,06561
5572,Ingenried,86980,08868
5573,Ingersheim,74379,07143
5574,Ingersleben,39343,039202
5575,Ingoldingen,88456,07355
5576,Ingolstadt,85049,0841
5577,Ingolstadt,85051,0841
5578,Ingolstadt,85053,0841
5579,Ingolstadt,85055,0841
5580,Ingolstadt,85057,0841
5581,Innernzell,94548,08554
5582,Inning am Ammersee,82266,08143
5583,Inning am Holz,84416,08084
5584,Insel Hiddensee,18565,038300
5585,Insel Poel,23999,038425
5586,Insheim,76865,06341
5587,Insingen,91610,09868
5588,Insul,53520,02695
5589,Inzell,83334,08665
5590,Inzigkofen,72514,07571
5591,Inzlingen,79594,07621
5592,Iphofen,97346,09326
5593,Ippenschied,55566,06751
5594,Ippesheim,97258,09339
5595,Ipsheim,91472,09846
5596,Irchenrieth,92699,09659
5597,Irlbach,94342,09424
5598,Irmenach,56843,06541
5599,Irmtraut,56479,02664
5600,Irndorf,78597,07466
5601,Irrel,54666,06525
5602,Irrhausen,54689,06550
5603,Irsch,54451,06581
5604,Irschenberg,83737,08025
5605,Irsee,87660,08341
5606,Isen,84424,08124
5607,Isenburg,56271,02601
5608,Isenbüttel,38550,05374
5609,Iserlohn,58636,02371
5610,Iserlohn,58638,02371
5611,Iserlohn,58640,02371
5612,Iserlohn,58642,02371
5613,Iserlohn,58644,02371
5614,Isernhagen,30916,0511
5615,Isert,57612,02681
5616,Ismaning,85737,08123
5617,Isny im Allgäu,88316,07562
5618,Ispringen,75228,07231
5619,Isselbach,65558,06432
5620,Isselburg,46419,02874
5621,Issigau,95188,09288
5622,Issum,47661,02835
5623,Isterberg,48465,05923
5624,Itterbeck,49847,05948
5625,Ittlingen,74930,07266
5626,Itzehoe,25524,04821
5627,Itzgrund,96274,09533
5628,Itzstedt,23845,04535
5629,Iven,17391,039721
5630,Ivenack,17153,039954
5631,Jabel,17194,039926
5632,Jachenau,83676,08043
5633,Jacobsdorf,15236,0335
5634,Jade,26349,04455
5635,Jagel,24878,04624
5636,Jagsthausen,74249,07943
5637,Jagstzell,73489,07967
5638,Jahnatal,4749,02843
5639,Jahnsdorf/Erzgebirge,9387,Error
5640,Jahrsdorf,24594,04871
5641,Jakobsdorf,18442,038327
5642,Jakobsweiler,67814,06357
5643,Jameln,29479,05864
5644,Jamlitz,15868,033671
5645,Jämlitz-Klein Düben,3130,05136
5646,Jandelsbrunn,94118,08583
5647,Janneby,24992,04607
5648,Jänschwalde,3172,Error
5649,Jänschwalde,3197,Error
5650,Jardelund,24994,04605
5651,Jarmen,17126,039997
5652,Jatznick,17309,03973
5653,Jeckenbach,55592,06753
5654,Jelmstorf,29585,05821
5655,Jembke,38477,05366
5656,Jemgum,26844,04958
5657,Jena,7743,Error
5658,Jena,7745,Error
5659,Jena,7747,Error
5660,Jena,7749,Error
5661,Jena,7751,Error
5662,Jenalöbnitz,7751,Error
5663,Jengen,86860,08241
5664,Jerichow,39307,039342
5665,Jerichow,39319,039348
5666,Jerrishoe,24963,04609
5667,Jersbek,22941,04532
5668,Jerxheim,38381,05354
5669,Jesberg,34632,06695
5670,Jesendorf,19417,038482
5671,Jesenwang,82287,08146
5672,Jesewitz,4838,Error
5673,Jessen (Elster),6917,Error
5674,Jesteburg,21266,04183
5675,Jestetten,79798,07745
5676,Jettenbach,84555,08638
5677,Jettenbach,66887,06381
5678,Jettingen,71131,07452
5679,Jettingen-Scheppach,89343,08225
5680,Jetzendorf,85305,08250
5681,Jevenstedt,24808,04337
5682,Jever,26441,04468
5683,Joachimsthal,16247,033361
5684,Jockgrim,76751,07271
5685,Johannesberg,63867,06029
5686,Johanngeorgenstadt,8349,Error
5687,Johanniskirchen,84381,08564
5688,Jöhstadt,9477,Error
5689,Joldelund,25862,04673
5690,Jonaswalde,4626,Error
5691,Jonsdorf,2796,Error
5692,Jördenstorf,17168,039977
5693,Jork,21635,04162
5694,Jörl,24992,04607
5695,Jossgrund,63637,06059
5696,Jübar,38489,039000
5697,Jübek,24855,04625
5698,Jüchen,41363,02165
5699,Jucken,54689,06550
5700,Jugenheim in Rheinhessen,55270,06131
5701,Jühnde,37127,05502
5702,Juist,26571,04935
5703,Julbach,84387,08678
5704,Jülich,52428,02461
5705,Juliusburg,21483,04151
5706,Jungingen,72417,07477
5707,Jünkerath,54584,06597
5708,Jürgenshagen,18246,038461
5709,Jürgenstorf,17153,039954
5710,Jüterbog,14913,03372
5711,Kaaks,25582,04893
5712,Kaarst,41564,02131
5713,Kabelhorst,23738,04363
5714,Kabelsketal,6184,Error
5715,Käbschütztal,1665,Error
5716,Kaden,56459,02663
5717,Kadenbach,56337,02620
5718,Kahla,7768,Error
5719,Kahl am Main,63796,06023
5720,Kaifenheim,56761,02653
5721,Kail,56829,02672
5722,Kaisborstel,25560,04825
5723,Kaiserpfalz,6642,06841
5724,Kaisersbach,73553,07171
5725,Kaisersbach,73642,07182
5726,Kaisersbach,73667,07184
5727,Kaisersesch,56759,02653
5728,Kaiserslautern,67655,0631
5729,Kaiserslautern,67657,0631
5730,Kaiserslautern,67659,0631
5731,Kaiserslautern,67661,0631
5732,Kaiserslautern,67663,0631
5733,Kaiser-Wilhelm-Koog,25709,04851
5734,Kaisheim,86687,09097
5735,Kakenstorf,21255,04180
5736,Kalbach,36148,09742
5737,Kalbe,27419,04282
5738,Kalbe (Milde),39624,039080
5739,Kalbsrieth,6556,Error
5740,Kalchreuth,90562,09126
5741,Kalefeld,37589,05553
5742,Kalenborn,56759,02653
5743,Kalenborn,53505,02643
5744,Kalenborn-Scheuern,54570,06591
5745,Kalkar,47546,02824
5746,Kalkhorst,23942,038826
5747,Kalkhorst,23948,038825
5748,Kalkofen,67822,06362
5749,Kall,53925,02441
5750,Kalletal,32689,05264
5751,Kallmünz,93183,09473
5752,Kallstadt,67169,06329
5753,Kalt,56294,02605
5754,Kaltenborn,53520,02695
5755,Kaltenengers,56220,02630
5756,Kaltenholzhausen,65558,06432
5757,Kaltenkirchen,24568,04191
5758,Kaltennordheim,36452,036964
5759,Kaltental,87662,08345
5760,Kalübbe,24326,04526
5761,Kamen,59174,02307
5762,Kamenz - Kamjenc,1917,Error
5763,Kamern,39524,039323
5764,Kammeltal,89358,08283
5765,Kammerforst,56206,02624
5766,Kammerforst,99986,03601
5767,Kammerstein,91126,09122
5768,Kamminke,17419,038378
5769,Kammlach,87754,08336
5770,Kamp-Bornhofen,56341,06773
5771,Kampen (Sylt),25999,04651
5772,Kämpfelbach,75236,07232
5773,Kamp-Lintfort,47475,02842
5774,Kandel,76870,07275
5775,Kandern,79400,07626
5776,Kankelau,21514,04155
5777,Kanzach,88422,07582
5778,Kanzem,54441,06581
5779,Kapellendorf,99510,03644
5780,Kapellen-Drusweiler,76889,06349
5781,Kaperich,56767,02657
5782,Kappel,55483,06763
5783,Kappel-Grafenhausen,77966,07822
5784,Kappeln,24376,04642
5785,Kappeln,24404,04642
5786,Kappeln,67744,06382
5787,Kappelrodeck,77876,07842
5788,Kapsweyer,76889,06349
5789,Karbach,97842,09391
5790,Karbach,56281,06747
5791,Karben,61184,06039
5792,Karby,24398,04352
5793,Karenz,19294,038758
5794,Kargow,17192,03991
5795,Karl,54534,06575
5796,Karlsbad,76307,07202
5797,Karlsburg,17495,038355
5798,Karlsdorf,7646,07245
5799,Karlsdorf-Neuthard,76689,07251
5800,Karlsfeld,85757,08131
5801,Karlshagen,17449,038371
5802,Karlshausen,54673,06564
5803,Karlshuld,86668,08454
5804,Karlskron,85123,08453
5805,Karlsruhe,76131,0721
5806,Karlsruhe,76133,0721
5807,Karlsruhe,76135,0721
5808,Karlsruhe,76137,0721
5809,Karlsruhe,76139,0721
5810,Karlsruhe,76149,0721
5811,Karlsruhe,76185,0721
5812,Karlsruhe,76187,0721
5813,Karlsruhe,76189,0721
5814,Karlsruhe,76199,0721
5815,Karlsruhe,76227,0721
5816,Karlsruhe,76228,0721
5817,Karlsruhe,76229,0721
5818,Karlstadt,97753,09352
5819,Karlstein am Main,63791,06188
5820,Karlum,25926,04666
5821,Karnin,18469,038324
5822,Karolinenkoog,25774,04882
5823,Karrenzin,19372,038728
5824,Karsbach,97783,09358
5825,Karsdorf,6638,06894
5826,Karstädt,19357,038780
5827,Karstädt,19294,038758
5828,Karwitz,29481,05861
5829,Kasbach-Ohlenberg,53547,02638
5830,Kaschenbach,54668,06523
5831,Kasdorf,56357,06772
5832,Kasel,54317,06500
5833,Kasel-Golzig,15938,035452
5834,Kasendorf,95359,09220
5835,Käshofen,66894,06372
5836,Kasseburg,22929,04534
5837,Kasseedorf,23717,04528
5838,Kassel,34117,0561
5839,Kassel,34119,0561
5840,Kassel,34121,0561
5841,Kassel,34123,0561
5842,Kassel,34125,0561
5843,Kassel,34127,0561
5844,Kassel,34128,0561
5845,Kassel,34130,0561
5846,Kassel,34131,0561
5847,Kassel,34132,0561
5848,Kassel,34134,0561
5849,Kassel,34233,05607
5850,Kassel,34355,05605
5851,Kassow,18258,03844
5852,Kastellaun,56288,06762
5853,Kastel-Staadt,54441,06581
5854,Kastl,84556,08679
5855,Kastl,95506,09642
5856,Kastl,92280,09625
5857,Kastorf,23847,04534
5858,Katharinenheerd,25836,04862
5859,Katlenburg-Lindau,37191,05552
5860,Kattendorf,24568,04191
5861,Katzenbach,67806,06361
5862,Katzenelnbogen,56368,06486
5863,Katzhütte,98746,036870
5864,Katzow,17509,038354
5865,Katzweiler,67734,06308
5866,Katzwinkel,54552,06592
5867,Katzwinkel (Sieg),57581,02742
5868,Kaub,56349,06774
5869,Kauern,7554,Error
5870,Kaufbeuren,87600,08341
5871,Kaufering,86916,08191
5872,Kaufungen,34260,05605
5873,Kaulsdorf,7338,Error
5874,Kausen,57520,02747
5875,Kayhude,23863,04535
5876,Kefenrod,63699,06049
5877,Kehl,77694,07853
5878,Kehlbach,56355,06772
5879,Kehmstedt,99752,036338
5880,Kehrig,56729,02651
5881,Keidelheim,55471,06761
5882,Keila,7389,Error
5883,Kelberg,53539,02692
5884,Kelbra (Kyffhäuser),6537,06723
5885,Kelheim,93309,09441
5886,Kelkheim,65779,06195
5887,Kella,37308,036082
5888,Kell am See,54427,06589
5889,Kellenbach,55606,06752
5890,Kellenhusen,23746,04364
5891,Kellinghusen,25548,04822
5892,Kellmünz a.d.Iller,89293,07354
5893,Kelsterbach,65451,06107
5894,Keltern,75210,07236
5895,Kemberg,6901,Error
5896,Kemmenau,56132,02603
5897,Kemmern,96164,09544
5898,Kemnath,95478,09642
5899,Kemnitz,17509,038354
5900,Kempen,47906,02152
5901,Kempenich,56746,02655
5902,Kempfeld,55758,06785
5903,Kempten (Allgäu),87435,0831
5904,Kempten (Allgäu),87437,0831
5905,Kempten (Allgäu),87439,0831
5906,Kenn,54344,06502
5907,Kentzlin,17111,039994
5908,Kenzingen,79341,07644
5909,Kenz-Küstrow,18314,038324
5910,Keppeshausen,54673,06564
5911,Kerben,56295,02654
5912,Kerken,47647,02833
5913,Kernen im Remstal,71394,0711
5914,Kerpen,50169,02237
5915,Kerpen,50170,02237
5916,Kerpen,50171,02237
5917,Kerpen (Eifel),54578,06593
5918,Kerschenbach,54589,06597
5919,Kerzenheim,67304,06351
5920,Kescheid,57632,02685
5921,Kesfeld,54619,06559
5922,Kesseling,53506,02643
5923,Kesten,54518,06535
5924,Kestert,56348,06774
5925,Ketsch,68775,06202
5926,Kettenhausen,57612,02681
5927,Kettenheim,55234,06737
5928,Kettenkamp,49577,05462
5929,Kettershausen,86498,08333
5930,Kettig,56220,02630
5931,Ketzin/Havel,14669,033233
5932,Kevelaer,47623,02832
5933,Kevelaer,47624,02832
5934,Kevelaer,47625,02832
5935,Kevelaer,47626,02832
5936,Kevelaer,47627,02832
5937,Kickeshausen,54689,06550
5938,Kiebitzreihe,25368,04126
5939,Kiedrich,65399,06123
5940,Kiefersfelden,83088,08033
5941,Kiel,24103,0431
5942,Kiel,24105,0431
5943,Kiel,24106,0431
5944,Kiel,24107,0431
5945,Kiel,24109,0431
5946,Kiel,24111,0431
5947,Kiel,24113,0431
5948,Kiel,24114,0431
5949,Kiel,24116,0431
5950,Kiel,24118,0431
5951,Kiel,24143,0431
5952,Kiel,24145,0431
5953,Kiel,24146,0431
5954,Kiel,24147,0431
5955,Kiel,24148,0431
5956,Kiel,24149,0431
5957,Kiel,24159,0431
5958,Kienberg,83361,08628
5959,Kierspe,58566,02359
5960,Kieselbronn,75249,07231
5961,Kieve,17209,Error
5962,Kiliansroda,99441,036454
5963,Kindelbrück,99638,036375
5964,Kindenheim,67271,06359
5965,Kinderbeuern,54538,06532
5966,Kinding,85125,08461
5967,Kindsbach,66862,06371
5968,Kinheim,54538,06532
5969,Kinsau,86981,08869
5970,Kinzenburg,54597,06556
5971,Kipfenberg,85110,08465
5972,Kippenheim,77971,07825
5973,Kirburg,57629,02747
5974,Kirchanschöring,83329,08681
5975,Kirchanschöring,83417,08685
5976,Kirchardt,74912,07266
5977,Kirchbarkau,24245,04302
5978,Kirchberg,8107,Error
5979,Kirchberg,55481,06763
5980,Kirchberg,84434,08762
5981,Kirchberg an der Iller,88486,07354
5982,Kirchberg an der Jagst,74592,07954
5983,Kirchberg an der Murr,71737,07191
5984,Kirchberg i.Wald,94259,09908
5985,Kirchbrak,37619,05533
5986,Kirchdorf,83527,08072
5987,Kirchdorf,93348,08783
5988,Kirchdorf,27245,04273
5989,Kirchdorf am Inn,84375,08571
5990,Kirchdorf an der Amper,85414,08166
5991,Kirchdorf an der Iller,88457,07354
5992,Kirchdorf im Wald,94261,09928
5993,Kirchehrenbach,91356,09191
5994,Kircheib,57635,02686
5995,Kirchendemenreuth,92665,09602
5996,Kirchenlamitz,95158,09285
5997,Kirchenpingarten,95466,09278
5998,Kirchen (Sieg),57548,02734
5999,Kirchensittenbach,91241,09151
6000,Kirchentellinsfurt,72138,07121
6001,Kirchenthumbach,91281,09647
6002,Kirchgandern,37318,036083
6003,Kirchgellersen,21394,04135
6004,Kirchhain,35274,06422
6005,Kirchham,94148,08537
6006,Kirchhaslach,87755,08333
6007,Kirchheilingen,99947,03603
6008,Kirchheim,97268,09366
6009,Kirchheim,36275,06628
6010,Kirchheim am Neckar,74366,07143
6011,Kirchheim am Ries,73467,09081
6012,Kirchheim an der Weinstraße,67281,06359
6013,Kirchheim bei München,85551,089
6014,Kirchheimbolanden,67292,06352
6015,Kirchheim in Schwaben,87757,08266
6016,Kirchheim unter Teck,73230,07021
6017,Kirchhundem,57399,02723
6018,Kirch Jesar,19230,Error
6019,Kirchlauter,96166,09536
6020,Kirchlengern,32278,05223
6021,Kirchlinteln,27308,04236
6022,Kirchnüchel,23714,04523
6023,Kirchroth,94356,09428
6024,Kirchsahr,53505,02643
6025,Kirchseelte,27243,04244
6026,Kirchseeon,85614,08091
6027,Kirchspiel Garding,25836,04862
6028,Kirchtimke,27412,04283
6029,Kirchwald,56729,02651
6030,Kirchwalsede,27386,04260
6031,Kirchweidach,84558,08634
6032,Kirchweiler,54570,06591
6033,Kirchworbis,37339,03605
6034,Kirchzarten,79199,07661
6035,Kirchzell,63931,09373
6036,Kirf,54441,06581
6037,Kirkel,66459,06849
6038,Kirn,55606,06752
6039,Kirrweiler,67744,06382
6040,Kirrweiler,67489,06321
6041,Kirsbach,53539,02692
6042,Kirschkau,7919,07661
6043,Kirschroth,55566,06751
6044,Kirschweiler,55743,06781
6045,Kirtorf,36320,06692
6046,Kisdorf,24629,04193
6047,Kisselbach,56291,06746
6048,Kissenbrück,38324,05337
6049,Kissing,86438,08233
6050,Kißlegg,88353,07563
6051,Kist,97270,09306
6052,Kittendorf,17153,039954
6053,Kittlitz,23911,04541
6054,Kitzingen,97318,09321
6055,Kitzscher,4567,Error
6056,Klamp,24321,04381
6057,Klanxbüll,25924,04668
6058,Klappholz,24860,04623
6059,Klausdorf,18445,038323
6060,Klausen,54524,06578
6061,Kleinaitingen,86507,08231
6062,Klein Barkau,24245,04302
6063,Klein Belitz,18246,038461
6064,Klein Bennebek,24848,04624
6065,Klein Bennebek,24863,04627
6066,Klein Berßen,49777,05965
6067,Kleinblittersdorf,66271,06805
6068,Kleinbockedra,7646,07245
6069,Kleinbundenbach,66501,06337
6070,Klein Bünzow,17390,038374
6071,Kleinebersdorf,7646,07245
6072,Kleines Wiesental,79692,07629
6073,Kleineutersdorf,7768,Error
6074,Kleinfischlingen,67483,06323
6075,Kleinfurra,99735,036335
6076,Klein Gladebrügge,23795,04551
6077,Kleinheubach,63924,09371
6078,Kleinich,54483,06536
6079,Kleinkahl,63828,06096
6080,Kleinkarlbach,67271,06359
6081,Kleinlangenfeld,54597,06556
6082,Kleinlangheim,97355,09325
6083,Kleinmachnow,14532,033203
6084,Kleinmaischeid,56271,02601
6085,Klein Meckelsen,27419,04282
6086,Kleinmölsen,99198,0361
6087,Kleinneuhausen,99625,03635
6088,Kleinniedesheim,67259,06233
6089,Klein Nordende,25336,04121
6090,Klein Offenseth-Sparrieshoop,25365,04126
6091,Kleinostheim,63801,06027
6092,Klein Pampau,21514,04155
6093,Klein Rheide,24848,04624
6094,Kleinrinderfeld,97271,09366
6095,Klein Rogahn,19073,0385
6096,Klein Rönnau,23795,04551
6097,Kleinschwabhausen,99441,036454
6098,Kleinsendelbach,91077,09134
6099,Kleinsteinhausen,66484,06339
6100,Klein Trebbow,19069,03867
6101,Klein Upahl,18276,03843
6102,Klein Vielen,17237,039826
6103,Kleinwallstadt,63839,06022
6104,Klein Wesenberg,23860,04533
6105,Klein-Winternheim,55270,06131
6106,Klein Wittensee,24361,04356
6107,Klein Zecher,23883,04545
6108,Klempau,23628,04508
6109,Kleßen-Görne,14728,033875
6110,Kletkamp,24327,04382
6111,Klettbach,99102,0361
6112,Klettgau,79771,07742
6113,Kletzin,17111,039994
6114,Kleve,47533,02821
6115,Kleve,25554,04823
6116,Kleve,25776,04837
6117,Kleve,25779,04836
6118,Kliding,56825,02678
6119,Klietz,39524,039323
6120,Klingelbach,56368,06486
6121,Klingenberg,1774,Error
6122,Klingenberg am Main,63911,09372
6123,Klingenmünster,76889,06349
6124,Klingenthal,8248,08823
6125,Klingenthal,8267,Error
6126,Klink,17192,03991
6127,Klinkrade,23898,04536
6128,Klipphausen,1665,Error
6129,Klixbüll,25899,04661
6130,Klocksin,17194,039926
6131,Klosterkumbd,55469,06761
6132,Klosterlechfeld,86836,08232
6133,Kloster Lehnin,14797,03382
6134,Klostermansfeld,6308,Error
6135,Kloster Tempzin,19412,038483
6136,Kloster Veßra,98660,036873
6137,Klotten,56818,02671
6138,Klötze,38486,039008
6139,Kludenbach,55481,06763
6140,Kluis,18569,038305
6141,Kluse,26892,04963
6142,Klüsserath,54340,06507
6143,Klütz,23946,038825
6144,Klütz,23948,038825
6145,Kneese,19205,03886
6146,Kneitlingen,38170,05332
6147,Knetzgau,97478,09527
6148,Knittelsheim,76879,06347
6149,Knittlingen,75438,07045
6150,Knopp-Labach,66917,06375
6151,Knöringen,76833,06345
6152,Knorrendorf,17091,039602
6153,Knüllwald,34593,05685
6154,Koberg,23881,04542
6155,Kobern-Gondorf,56330,02625
6156,Koblentz,17309,03973
6157,Koblenz,56068,0261
6158,Koblenz,56070,0261
6159,Koblenz,56072,0261
6160,Koblenz,56073,0261
6161,Koblenz,56075,0261
6162,Koblenz,56076,0261
6163,Koblenz,56077,0261
6164,Kobrow,19406,038485
6165,Kochel am See,82431,08851
6166,Kochel am See,82432,08825
6167,Kodersdorf,2923,Error
6168,Köditz,95189,09280
6169,Ködnitz,95361,09221
6170,Köfering,93096,09453
6171,Kogel,19246,038851
6172,Kohlberg,92702,09608
6173,Kohlberg,72664,07025
6174,Köhn,24257,04385
6175,Kolbermoor,83059,08061
6176,Kolbingen,78600,07463
6177,Kölbingen,56459,02663
6178,Koldenbüttel,25840,04881
6179,Kolitzheim,97509,09723
6180,Kolkerheide,25862,04673
6181,Kolkwitz,3099,Error
6182,Kölleda,99625,03635
6183,Kollig,56751,02654
6184,Kollmar,25377,04128
6185,Kollmoor,25524,04821
6186,Kollnburg,94262,09929
6187,Kölln-Reisiek,25337,04121
6188,Kollow,21527,04151
6189,Kollweiler,66879,06371
6190,Köln,50667,0221
6191,Köln,50668,0221
6192,Köln,50670,0221
6193,Köln,50672,0221
6194,Köln,50674,0221
6195,Köln,50676,0221
6196,Köln,50677,0221
6197,Köln,50678,0221
6198,Köln,50679,0221
6199,Köln,50733,0221
6200,Köln,50735,0221
6201,Köln,50737,0221
6202,Köln,50739,0221
6203,Köln,50765,0221
6204,Köln,50767,0221
6205,Köln,50769,0221
6206,Köln,50823,0221
6207,Köln,50825,0221
6208,Köln,50827,0221
6209,Köln,50829,0221
6210,Köln,50858,0221
6211,Köln,50859,0221
6212,Köln,50931,0221
6213,Köln,50933,0221
6214,Köln,50935,0221
6215,Köln,50937,0221
6216,Köln,50939,0221
6217,Köln,50968,0221
6218,Köln,50969,0221
6219,Köln,50996,0221
6220,Köln,50997,0221
6221,Köln,50999,0221
6222,Köln,51061,0221
6223,Köln,51063,0221
6224,Köln,51065,0221
6225,Köln,51067,0221
6226,Köln,51069,0221
6227,Köln,51103,0221
6228,Köln,51105,0221
6229,Köln,51107,0221
6230,Köln,51109,0221
6231,Köln,51143,0221
6232,Köln,51145,0221
6233,Köln,51147,0221
6234,Köln,51149,0221
6235,Köln,51467,02202
6236,Kolverath,56767,02657
6237,Kommen,54472,06531
6238,Köngen,73257,07024
6239,Köngernheim,55278,06138
6240,Königheim,97953,09340
6241,Königsau,55606,06752
6242,Königsbach-Stein,75203,07232
6243,Königsberg in Bayern,97486,09525
6244,Königsbronn,89551,07328
6245,Königsbrück,1936,Error
6246,Königsbrunn,86343,08231
6247,Königsdorf,82549,08046
6248,Königsee,7426,Error
6249,Königseggwald,88376,07587
6250,Königsfeld,9306,Error
6251,Königsfeld,53426,02646
6252,Königsfeld,96167,09207
6253,Königsfeld,19217,038872
6254,Königsfeld im Schwarzwald,78126,07725
6255,Königshain,2829,Error
6256,Königshain-Wiederau,9306,Error
6257,Königsheim,78598,07429
6258,Königshügel,24799,04624
6259,Königslutter am Elm,38154,05353
6260,Königsmoor,21255,04180
6261,Königsmoos,86669,08433
6262,Königstein,1824,038462
6263,Königstein,92281,09665
6264,Königstein im Taunus,61462,06174
6265,Königswalde,9471,Error
6266,Königswartha - Rakecy,2699,Error
6267,Königswinter,53639,02223
6268,Königs Wusterhausen,15711,03375
6269,Königs Wusterhausen,15712,03375
6270,Königs Wusterhausen,15713,03375
6271,Konken,66871,06384
6272,Könnern,6420,Error
6273,Konnersreuth,95692,09233
6274,Konradsreuth,95176,09292
6275,Konstanz,78462,07531
6276,Konstanz,78464,07531
6277,Konstanz,78465,07531
6278,Konstanz,78467,07531
6279,Konz,54329,06501
6280,Konzell,94357,09963
6281,Kopp,54574,06594
6282,Korb,71404,Error
6283,Korbach,34497,05631
6284,Korbach,34513,05634
6285,Körborn,66871,06384
6286,Korbußen,7554,Error
6287,Kordel,54306,06505
6288,Kördorf,56370,06486
6289,Körle,34327,05665
6290,Korlingen,54317,06500
6291,Körner,99998,03601
6292,Korntal-Münchingen,70825,0711
6293,Kornwestheim,70806,07141
6294,Körperich,54675,06522
6295,Korschenbroich,41352,02161
6296,Korswandt,17419,038378
6297,Korweiler,56288,06762
6298,Kösching,85092,09446
6299,Kosel,24354,04355
6300,Koserow,17459,038375
6301,Kospoda,7806,Error
6302,Kößlarn,94149,08536
6303,Köthel,22929,04534
6304,Köthel,22929,04534
6305,Köthen (Anhalt),6366,06043
6306,Köthen (Anhalt),6369,06041
6307,Köthen (Anhalt),6388,Error
6308,Kottenborn,53518,02691
6309,Kottenheim,56736,02651
6310,Kötterichen,56767,02657
6311,Kottgeisering,82288,08144
6312,Kottmar,2708,Error
6313,Kottmar,2739,Error
6314,Kottweiler-Schwanden,66879,06371
6315,Kötz,89359,08223
6316,Kotzen,14715,033877
6317,Kotzenbüll,25832,04833
6318,Köwerich,54340,06507
6319,Koxhausen,54673,06564
6320,Kraam,57635,02686
6321,Krackow,17329,039746
6322,Kradenbach,54552,06592
6323,Kraftisried,87647,08377
6324,Kraftsdorf,7586,Error
6325,Krähenberg,66894,06372
6326,Kraiburg,84559,08638
6327,Kraichtal,76703,07250
6328,Krailling,82152,089
6329,Krailling,82349,089
6330,Krakow am See,18292,038457
6331,Kramerhof,18445,038323
6332,Kranenburg,47559,02826
6333,Kranenburg,21726,04144
6334,Kranichfeld,99448,036450
6335,Kranzberg,85402,08166
6336,Kratzeburg,17237,039826
6337,Kratzenburg,56283,06742
6338,Krauchenwies,72505,07576
6339,Krauschwitz - Krušwica,2957,05807
6340,Krausnick-Groß Wasserburg,15910,035474
6341,Krauthausen,99819,03691
6342,Krautheim,74238,06294
6343,Krautscheid,54673,06564
6344,Krayenberggemeinde,36460,036963
6345,Kreba-Neudorf - Chrjebja-Nowa Wjes,2906,Error
6346,Krebeck,37434,05528
6347,Krefeld,47798,02151
6348,Krefeld,47799,02151
6349,Krefeld,47800,02151
6350,Krefeld,47802,02151
6351,Krefeld,47803,02151
6352,Krefeld,47804,02151
6353,Krefeld,47805,02151
6354,Krefeld,47807,02151
6355,Krefeld,47809,02151
6356,Krefeld,47829,02151
6357,Krefeld,47839,02151
6358,Kreien,19386,038731
6359,Kreimbach-Kaulbach,67757,06304
6360,Kreischa,1731,Error
6361,Krembz,19205,03886
6362,Kremitzaue,4916,05471
6363,Kremitzaue,4936,Error
6364,Kremmen,16766,Error
6365,Kremmin,19300,038792
6366,Krempdorf,25361,04824
6367,Krempdorf,25376,04124
6368,Krempe,25361,04824
6369,Krempel,25774,04882
6370,Kremperheide,25569,04824
6371,Krempermoor,25569,04824
6372,Krems II,23827,04559
6373,Kreßberg,74594,07957
6374,Kressbronn am Bodensee,88079,07543
6375,Kretz,56630,02652
6376,Kretzschau,6712,06231
6377,Kreuth,83708,08029
6378,Kreuzau,52372,02422
6379,Kreuztal,57223,02732
6380,Kreuzwertheim,97892,09342
6381,Krickenbach,67706,06307
6382,Kriebitzsch,4617,Error
6383,Kriebstein,9648,09564
6384,Kriegsfeld,67819,06358
6385,Krien,17391,039721
6386,Kriesow,17091,039602
6387,Kriftel,65830,06192
6388,Kritzmow,18198,038207
6389,Kritzow,19386,038731
6390,Krogaspe,24644,04392
6391,Krokau,24217,04344
6392,Krölpa,7387,Error
6393,Krombach,63829,06029
6394,Krombach,37308,036082
6395,Kronach,96317,09261
6396,Kronau,76709,07253
6397,Kronberg im Taunus,61476,06173
6398,Kronburg,87758,08394
6399,Kröning,84178,08707
6400,Kronprinzenkoog,25709,04851
6401,Kronsgaard,24395,04643
6402,Kronshagen,24119,0431
6403,Kronsmoor,25597,04828
6404,Kronweiler,55767,06782
6405,Kröpelin,18236,038292
6406,Kropp,24848,04624
6407,Kroppach,57612,02681
6408,Kröppelshagen-Fahrendorf,21039,040
6409,Kröppelshagen-Fahrendorf,21529,04104
6410,Kroppen,1945,Error
6411,Kröppen,66957,06331
6412,Kroppenstedt,39397,039403
6413,Kröslin,17440,038370
6414,Krostitz,4509,Error
6415,Krottelbach,66909,06384
6416,Kröv,54536,06541
6417,Kruchten,54675,06522
6418,Kruckow,17129,039999
6419,Kruft,56642,02652
6420,Krugsdorf,17309,03973
6421,Krukow,21483,04151
6422,Krumbach (Schwaben),86381,08282
6423,Krummbek,24217,04344
6424,Krümmel,56244,02666
6425,Krummenau,55483,06763
6426,Krummendeich,21732,04753
6427,Krummendiek,25554,04823
6428,Krummennaab,92703,09682
6429,Krummesse,23628,04508
6430,Krummhörn,26736,04923
6431,Krummin,17440,038370
6432,Krummwisch,24796,04334
6433,Krumstedt,25727,04830
6434,Krün,82467,08821
6435,Krün,82493,08823
6436,Krün,82494,08825
6437,Krunkel,56593,02687
6438,Krusenfelde,17391,039721
6439,Krusenhagen,23974,038426
6440,Krüzen,21483,04151
6441,Kublank,17349,03966
6442,Kubschütz - Kubšicy,2627,Error
6443,Kuchelmiß,18292,038457
6444,Kuchen,73329,07331
6445,Kuckssee,17217,03962
6446,Kuddewörde,22958,04154
6447,Kuden,25712,04825
6448,Kudensee,25572,04858
6449,Kuhardt,76773,07272
6450,Kühbach,86556,08251
6451,Kuhfelde,29416,039035
6452,Kühlenthal,86707,08273
6453,Kuhlen-Wendorf,19412,038483
6454,Kühlungsborn,18225,038293
6455,Kühndorf,98547,036843
6456,Kuhnhöfen,56244,02666
6457,Kühren,24211,04342
6458,Kuhs,18276,03843
6459,Kühsen,23898,04536
6460,Kuhstorf,19230,038852
6461,Kükels,23829,04554
6462,Küllstedt,37359,036075
6463,Kulmain,95508,09642
6464,Kulmbach,95326,09221
6465,Kulmbach,96369,09261
6466,Kulpin,23911,04541
6467,Külsheim,97900,09345
6468,Külz (Hunsrück),55471,06761
6469,Kümbdchen,55471,06761
6470,Kumhausen,84036,0871
6471,Kummerfeld,25495,04101
6472,Kümmernitztal,16945,033968
6473,Kummerow,17139,03994
6474,Kümmersbruck,92245,09621
6475,Kundert,57629,02747
6476,Kunreuth,91358,09199
6477,Künzell,36093,0661
6478,Künzelsau,74653,07940
6479,Künzing,94550,09932
6480,Kupferberg,95362,09227
6481,Kupferzell,74635,07944
6482,Kuppenheim,76456,07222
6483,Küps,96328,09264
6484,Kürnach,97273,09367
6485,Kürnbach,75057,07258
6486,Kürten,51515,02268
6487,Kurtscheid,56581,02634
6488,Kusel,66869,06381
6489,Küssaberg,79790,07742
6490,Küsten,29482,05841
6491,Kusterdingen,72127,07071
6492,Kusterdingen,72138,07121
6493,Küstriner Vorland,15328,033472
6494,Kutenholz,27449,04762
6495,Kutzenhausen,86500,08294
6496,Kutzleben,99955,036041
6497,Kyffhäuserland,99707,034651
6498,Kyllburg,54655,06563
6499,Kyllburgweiler,54655,06563
6500,Kyritz,16866,033971
6501,Laaber,93164,09498
6502,Laage,18299,038459
6503,Laar,49824,05944
6504,Laasdorf,7646,07245
6505,Laatzen,30880,05102
6506,Labenz,23898,04536
6507,Laberweinting,84082,09454
6508,Laboe,24235,04343
6509,Lachen,87760,08331
6510,Lachendorf,29331,05145
6511,Ladbergen,49549,05485
6512,Ladelund,25926,04666
6513,Ladenburg,68526,06203
6514,Laer,48366,02554
6515,Lage,32791,05232
6516,Lage,49828,05946
6517,Lägerdorf,25566,04828
6518,Lähden,49774,05964
6519,Lahn,49757,05956
6520,Lahnau,35633,06441
6521,Lahnstein,56112,02621
6522,Lahnstein,56130,02603
6523,Lahntal,35094,06420
6524,Lahr,54675,06522
6525,Lahr,56288,06762
6526,Lahr/Schwarzwald,77933,07821
6527,Laichingen,89150,07333
6528,Lalendorf,18279,038452
6529,Lalling,94551,09904
6530,Lam,93462,09943
6531,Lambertsberg,54649,06554
6532,Lambrecht,67466,06325
6533,Lambrechtshagen,18069,0381
6534,Lambsborn,66894,06372
6535,Lambsheim,67245,06233
6536,Lamerdingen,86862,08241
6537,Lammershagen,24238,04384
6538,Lampaden,54316,06588
6539,Lampertheim,68623,06206
6540,Lampertswalde,1561,Error
6541,Lamspringe,31195,05183
6542,Lamstedt,21769,04773
6543,Lancken-Granitz,18586,038303
6544,Landau an der Isar,94405,09956
6545,Landau in der Pfalz,76829,06341
6546,Landensberg,89361,08222
6547,Landesbergen,31628,05027
6548,Landkern,56814,02671
6549,Landolfshausen,37136,05507
6550,Landrecht,25554,04823
6551,Landsberg,6188,Error
6552,Landsberg am Lech,86899,08191
6553,Landsberg am Lech,86932,08196
6554,Landsberied,82290,08141
6555,Landscheid,54526,06575
6556,Landscheide,25572,04858
6557,Landshut,84028,0871
6558,Landshut,84030,0871
6559,Landshut,84032,0871
6560,Landshut,84034,0871
6561,Landshut,84036,0871
6562,Landstuhl,66849,06371
6563,Langballig,24977,04636
6564,Langdorf,94264,09922
6565,Langeln,25485,04120
6566,Langelsheim,38685,05326
6567,Langelsheim,38729,05341
6568,Langen,63225,06104
6569,Langen,49838,05904
6570,Langenaltheim,91799,09145
6571,Langenargen,88085,07543
6572,Langenau,89129,07345
6573,Langenbach,85416,08761
6574,Langenbach,66909,06384
6575,Langenbach bei Kirburg,57520,02747
6576,Langenberg,33449,05248
6577,Langenbernsdorf,8428,Error
6578,Langenbrettach,74243,07139
6579,Langen Brütz,19067,0385
6580,Langenburg,74595,07905
6581,Langendorf,29484,05865
6582,Langenenslingen,88515,07371
6583,Langeneß,25863,04684
6584,Langeneß,25867,04667
6585,Langenfeld,91474,09164
6586,Langenfeld,56729,02651
6587,Langenfeld (Rheinland),40764,02173
6588,Langenhagen,30669,0511
6589,Langenhagen,30851,0511
6590,Langenhagen,30853,0511
6591,Langenhagen,30855,0511
6592,Langenhahn,56459,02663
6593,Langenhorn,25842,04674
6594,Langenlehsten,21514,04155
6595,Langenleuba-Niederhain,4618,Error
6596,Langenlonsheim,55450,06704
6597,Langenmosen,86571,08433
6598,Langenneufnach,86863,08204
6599,Langenorla,7381,Error
6600,Langenpreising,85465,08762
6601,Langenscheid,65558,06432
6602,Langenselbold,63505,06184
6603,Langensendelbach,91094,09133
6604,Langenthal,55569,06751
6605,Langenweißbach,8134,Error
6606,Langenwetzendorf,7957,07621
6607,Langenwetzendorf,7980,07755
6608,Langenwolschendorf,7937,07635
6609,Langenzenn,90579,09101
6610,Langeoog,26465,04972
6611,Langerringen,86853,08232
6612,Langerwehe,52379,02423
6613,Langewahl,15518,033635
6614,Langfurth,91731,09854
6615,Langgöns,35428,06085
6616,Langlingen,29364,05082
6617,Langquaid,84085,09452
6618,Langscheid,56729,02651
6619,Langstedt,24852,04609
6620,Langsur,54308,06501
6621,Langwedel,24631,04329
6622,Langwedel,27299,04235
6623,Langweid am Lech,86462,08271
6624,Langweiler,55758,06785
6625,Langweiler,67746,06788
6626,Langwieden,66894,06372
6627,Lanitz-Hassel-Tal,6628,06897
6628,Lankau,23881,04542
6629,Lanz,19309,038792
6630,Lanze,21483,04151
6631,Lappersdorf,93138,09498
6632,Lärz,17248,039823
6633,Lasbek,23847,04534
6634,Lascheid,54597,06556
6635,Lasel,54612,06553
6636,Lassan,17440,038370
6637,Lastrup,49688,04472
6638,Latendorf,24598,04393
6639,Lathen,49762,05933
6640,Laubach,35321,06044
6641,Laubach,56288,06762
6642,Laubach,56759,02653
6643,Lauben,87493,08374
6644,Lauben,87761,08336
6645,Laubenheim,55452,06707
6646,Laucha an der Unstrut,6636,Error
6647,Lauchhammer,1979,Error
6648,Lauchheim,73466,07363
6649,Lauchringen,79787,07741
6650,Lauda-Königshofen,97922,09346
6651,Laudenbach,69514,06201
6652,Laudenbach,63925,09372
6653,Laudert,56291,06746
6654,Lauenau,31867,05043
6655,Lauenbrück,27389,04265
6656,Lauenburg/Elbe,21481,04153
6657,Lauenförde,37697,05273
6658,Lauenhagen,31714,05721
6659,Lauf,77886,07841
6660,Laufach,63846,06093
6661,Lauf an der Pegnitz,91207,09123
6662,Laufeld,54533,06572
6663,Laufen,83410,08682
6664,Laufenburg (Baden),79725,07763
6665,Laufersweiler,55487,06543
6666,Lauffen am Neckar,74348,07133
6667,Laugna,86502,08272
6668,Lauingen (Donau),89415,09072
6669,Laumersheim,67229,06238
6670,Lauperath,54649,06554
6671,Laupheim,88471,07392
6672,Laurenburg,56379,02604
6673,Lauscha,98724,036701
6674,Lauschied,55568,06755
6675,Lausnitz,7806,Error
6676,Laußig,4838,Error
6677,Laußig,4849,02557
6678,Laußnitz,1936,Error
6679,Lauta,2991,Error
6680,Lautenbach,77794,07802
6681,Lauter,96169,09544
6682,Lauterach,89584,07391
6683,Lauterbach,36341,06641
6684,Lauterbach,78730,07422
6685,Lauterbach,99826,036924
6686,Lauter-Bernsbach,8315,Error
6687,Lauterecken,67742,06382
6688,Lauterhofen,92283,09189
6689,Lautersheim,67308,06355
6690,Lauterstein,73111,07332
6691,Lautert,56355,06772
6692,Lautertal,36369,06643
6693,Lautertal,64686,06254
6694,Lautertal,96486,09561
6695,Lautrach,87763,08330
6696,Lautzenbrücken,56472,02661
6697,Lautzenhausen,55483,06763
6698,Lawalde,2708,Error
6699,Lawitz,15898,033656
6700,Lebach,66822,06881
6701,Lebrade,24306,04522
6702,Lebus,15326,033604
6703,Lebusa,4936,Error
6704,Lechbruck a.See,86983,08862
6705,Leck,25917,04662
6706,Lederhose,7589,Error
6707,Leegebruch,16767,03304
6708,Leer,26789,0491
6709,Leese,31633,05761
6710,Leezdorf,26529,04934
6711,Leezen,23816,04552
6712,Leezen,19067,0385
6713,Legau,87764,08330
6714,Legden,48739,02566
6715,Legde/Quitzöbel,19336,038791
6716,Lehe,25774,04882
6717,Lehe,25776,04837
6718,Lehe,26892,04963
6719,Lehesten,7349,07962
6720,Lehesten,7778,07835
6721,Lehmen,56332,02607
6722,Lehmkuhlen,24211,04342
6723,Lehmrade,23883,04545
6724,Lehnstedt,99441,036454
6725,Lehrberg,91611,09820
6726,Lehre,38165,05308
6727,Lehrensteinsfeld,74251,07134
6728,Lehrte,31275,05175
6729,Leibertingen,88637,07777
6730,Leiblfing,94339,09426
6731,Leichlingen,42799,02175
6732,Leidenborn,54619,06559
6733,Leidersbach,63849,06028
6734,Leienkaul,56759,02653
6735,Leiferde,38542,05373
6736,Leimbach,53518,02691
6737,Leimbach,54673,06564
6738,Leimbach,36433,03695
6739,Leimen,69181,06397
6740,Leimen,66978,06333
6741,Leimersheim,76774,07272
6742,Leinach,97274,0931
6743,Leinburg,91227,09120
6744,Leinefelde-Worbis,37327,03605
6745,Leinefelde-Worbis,37339,03605
6746,Leinfelden-Echterdingen,70771,0711
6747,Leingarten,74211,07131
6748,Leiningen,56291,06746
6749,Leinsweiler,76829,06341
6750,Leinzell,73575,07175
6751,Leipheim,89340,08221
6752,Leipzig,4103,Error
6753,Leipzig,4105,Error
6754,Leipzig,4107,Error
6755,Leipzig,4109,Error
6756,Leipzig,4129,Error
6757,Leipzig,4155,Error
6758,Leipzig,4157,Error
6759,Leipzig,4158,Error
6760,Leipzig,4159,Error
6761,Leipzig,4177,Error
6762,Leipzig,4178,Error
6763,Leipzig,4179,Error
6764,Leipzig,4205,Error
6765,Leipzig,4207,Error
6766,Leipzig,4209,Error
6767,Leipzig,4229,Error
6768,Leipzig,4249,02192
6769,Leipzig,4275,Error
6770,Leipzig,4277,Error
6771,Leipzig,4279,02175
6772,Leipzig,4288,Error
6773,Leipzig,4289,02191
6774,Leipzig,4299,Error
6775,Leipzig,4315,Error
6776,Leipzig,4316,Error
6777,Leipzig,4317,Error
6778,Leipzig,4318,Error
6779,Leipzig,4319,Error
6780,Leipzig,4328,Error
6781,Leipzig,4329,Error
6782,Leipzig,4347,Error
6783,Leipzig,4349,Error
6784,Leipzig,4356,Error
6785,Leipzig,4357,Error
6786,Leisel,55767,06782
6787,Leisnig,4703,Error
6788,Leitzweiler,55779,06789
6789,Leiwen,54340,06507
6790,Leizen,17209,Error
6791,Lelkendorf,17168,039977
6792,Lemberg,66969,06331
6793,Lembruch,49459,05447
6794,Lemförde,49448,05443
6795,Lemgo,32657,05261
6796,Lemgow,29485,05883
6797,Lemnitz,7819,07462
6798,Lemwerder,27809,0421
6799,Lengdorf,84435,08083
6800,Lengede,38268,05344
6801,Lengenbostel,27419,04282
6802,Lengenfeld,8485,Error
6803,Lengenwang,87663,08364
6804,Lengerich,49525,05481
6805,Lengerich,49838,05904
6806,Lengfeld,98660,036873
6807,Lenggries,83661,08042
6808,Lenne,37627,05532
6809,Lennestadt,57368,02721
6810,Lenningen,73252,07026
6811,Lenningen,73266,07023
6812,Lensahn,23738,04363
6813,Lenterode,37318,036083
6814,Lentföhrden,24632,04192
6815,Lentföhrden,24640,04191
6816,Lenting,85101,08456
6817,Lenzen (Elbe),19309,038792
6818,Lenzerwische,19309,Error
6819,Lenzkirch,79853,07653
6820,Leonberg,71229,09633
6821,Leonberg,95666,09633
6822,Leopoldshagen,17375,039771
6823,Leopoldshöhe,33818,05202
6824,Letschin,15324,033478
6825,Lettweiler,67823,06362
6826,Leubsdorf,9573,Error
6827,Leubsdorf,53547,02638
6828,Leuchtenberg,92705,09659
6829,Leun,35638,06473
6830,Leuna,6237,Error
6831,Leupoldsgrün,95191,09292
6832,Leutenbach,71397,07195
6833,Leutenbach,91359,09199
6834,Leutenberg,7338,Error
6835,Leuterod,56244,02666
6836,Leutersdorf,2794,Error
6837,Leutersdorf,98617,03693
6838,Leutershausen,91578,09804
6839,Leutesdorf,56599,02631
6840,Leutkirch im Allgäu,88299,07561
6841,Levenhagen,17498,03834
6842,Leverkusen,51371,0214
6843,Leverkusen,51373,0214
6844,Leverkusen,51375,0214
6845,Leverkusen,51377,0214
6846,Leverkusen,51379,0214
6847,Leverkusen,51381,0214
6848,Lewitzrand,19372,038728
6849,Lewitzrand,19374,038728
6850,Lexgaard,25923,04663
6851,Lich,35423,06404
6852,Lichtenau,33165,05295
6853,Lichtenau,9244,09465
6854,Lichtenau,91586,09874
6855,Lichtenau,77839,07227
6856,Lichtenberg,95192,09288
6857,Lichtenberg,1896,Error
6858,Lichtenberg/Erzgebirge,9638,Error
6859,Lichtenborn,54619,06559
6860,Lichtenfels,35104,06454
6861,Lichtenfels,96215,09571
6862,Lichtenstein,72805,07122
6863,Lichtenstein/Sachsen,9350,Error
6864,Lichtentanne,8115,Error
6865,Lichtenwald,73669,07153
6866,Lichterfeld-Schacksdorf,3238,Error
6867,Liebenau,34396,05676
6868,Liebenau,31618,05023
6869,Liebenburg,38704,05346
6870,Liebenscheid,56479,02664
6871,Liebenwalde,16559,033054
6872,Lieberose,15868,033671
6873,Liebschützberg,4758,02824
6874,Liebshausen,55494,06764
6875,Liebstadt,1825,03844
6876,Liederbach am Taunus,65835,Error
6877,Lieg,56290,06746
6878,Lienen,49536,05484
6879,Liepe,16248,033369
6880,Liepgarten,17375,039771
6881,Lierfeld,54597,06556
6882,Lierschied,56357,Error
6883,Liesenich,56858,Error
6884,Lieser,54470,06531
6885,Ließem,54636,06561
6886,Lieth,25770,0481
6887,Lietzen,15306,03346
6888,Lietzow,18528,03838
6889,Lilienthal,28865,04208
6890,Limbach,74838,06287
6891,Limbach,8468,Error
6892,Limbach,8491,Error
6893,Limbach,57629,02747
6894,Limbach,55606,06752
6895,Limbach-Oberfrohna,9212,Error
6896,Limburg an der Lahn,65549,06431
6897,Limburg an der Lahn,65550,06431
6898,Limburg an der Lahn,65551,06431
6899,Limburg an der Lahn,65552,06431
6900,Limburg an der Lahn,65553,06431
6901,Limburg an der Lahn,65554,06431
6902,Limburg an der Lahn,65555,06431
6903,Limburg an der Lahn,65556,06431
6904,Limburgerhof,67117,06236
6905,Limeshain,63694,06047
6906,Linau,22959,04154
6907,Lind,56729,02651
6908,Lind,53506,02643
6909,Linda b. Weida,7580,Error
6910,Lindau,24214,04346
6911,Lindau (Bodensee),88131,08382
6912,Lindberg,94227,09922
6913,Linden,35440,06403
6914,Linden,57629,02747
6915,Linden,25791,04836
6916,Linden,66851,06307
6917,Linden,67706,06307
6918,Lindenau,1945,Error
6919,Lindenberg,67473,06325
6920,Lindenberg,17111,039994
6921,Lindenberg im Allgäu,88161,08381
6922,Lindendorf,15306,03346
6923,Lindenfels,64678,06255
6924,Lindenkreuz,7589,Error
6925,Lindenschied,55481,06763
6926,Lindern (Oldenburg),49699,05957
6927,Lindetal,17349,03966
6928,Lindewerra,37318,036083
6929,Lindewitt,24969,04604
6930,Lindholz,18334,038229
6931,Lindhorst,31698,05725
6932,Lindig,7768,Error
6933,Lindlar,51789,02266
6934,Lindow (Mark),16835,033083
6935,Lindwedel,29690,05071
6936,Lingen (Ems),49808,0591
6937,Lingen (Ems),49809,0591
6938,Lingen (Ems),49811,0591
6939,Lingenfeld,67360,07274
6940,Lingerhahn,56291,06746
6941,Linkenbach,56317,02689
6942,Linkenheim-Hochstetten,76351,07247
6943,Linnich,52441,02462
6944,Linsburg,31636,05027
6945,Linsengericht,63589,06051
6946,Linthe,14822,033841
6947,Linz am Rhein,53545,02644
6948,Linz am Rhein,53560,02645
6949,Lippersdorf-Erdmannsdorf,7646,07245
6950,Lippetal,59510,02921
6951,Lipporn,56357,06772
6952,Lipprechterode,99752,036338
6953,Lippstadt,59555,02941
6954,Lippstadt,59556,02941
6955,Lippstadt,59557,02941
6956,Lippstadt,59558,02941
6957,Lirstal,56767,02657
6958,Lisberg,96170,09549
6959,Lissendorf,54587,06597
6960,List auf Sylt,25992,Error
6961,Litzendorf,96123,0951
6962,Löbau,2708,Error
6963,Lobbach,74931,06226
6964,Löberschütz,7751,Error
6965,Löbichau,4626,Error
6966,Löbnitz,18314,038324
6967,Löbnitz,4509,Error
6968,Löchgau,74369,07143
6969,Lochum,57629,02747
6970,Löcknitz,17321,039754
6971,Lockstedt,25551,04826
6972,Loddin,17459,038375
6973,Lödla,4617,Error
6974,Löf,56332,02607
6975,Loffenau,76597,07083
6976,Löffingen,79843,07654
6977,Lohbarbek,25551,04826
6978,Lohberg,93470,09943
6979,Lohe-Föhrden,24806,04335
6980,Lohe-Rickelshof,25746,0481
6981,Lohfelden,34253,05605
6982,Lohheide,29303,05054
6983,Lohkirchen,84494,08639
6984,Löhma,7907,Error
6985,Lohmar,53797,02246
6986,Lohme,18551,038302
6987,Lohmen,1847,Error
6988,Lohmen,18276,03843
6989,Löhnberg,35792,06477
6990,Lohne,49393,04442
6991,Löhne,32584,05732
6992,Lohnsfeld,67727,06302
6993,Lohnweiler,67744,06382
6994,Lohra,35102,06426
6995,Lohr am Main,97816,09355
6996,Lohrheim,65558,06432
6997,Lohsa - Łaz,2999,Error
6998,Loiching,84180,08744
6999,Loissin,17509,038354
7000,Loit,24888,04641
7001,Loitsche-Heinrichsberg,39326,039206
7002,Loitz,17121,039998
7003,Loitzendorf,94359,09974
7004,Lollar,35457,06406
7005,Löllbach,67744,06382
7006,Lollschied,56357,06772
7007,Lommatzsch,1623,03334
7008,Longen,54338,06502
7009,Longkamp,54472,06531
7010,Longuich,54340,06507
7011,Löningen,49624,05434
7012,Lonnerstadt,91475,09193
7013,Lonnig,56295,02654
7014,Lonsee,89173,07336
7015,Lonsheim,55237,06734
7016,Looft,25582,04893
7017,Loop,24644,04392
7018,Loose,24366,04358
7019,Löptin,24250,04302
7020,Lorch,65391,06726
7021,Lorch,73547,07172
7022,Lörrach,79539,07621
7023,Lörrach,79540,07621
7024,Lörrach,79541,07621
7025,Lorsch,64653,06251
7026,Lorscheid,54317,06500
7027,Lorup,26901,05954
7028,Lörzweiler,55296,06138
7029,Losheim am See,66679,06872
7030,Lösnich,54492,06532
7031,Lossatal,4808,Error
7032,Loßburg,72290,07455
7033,Lößnitz,8294,Error
7034,Lotte,49504,05404
7035,Lottorf,24878,04624
7036,Lottstetten,79807,07745
7037,Lötzbeuren,56843,06541
7038,Löwenberger Land,16775,033088
7039,Löwenstedt,25864,04673
7040,Löwenstein,74245,07130
7041,Loxstedt,27612,04703
7042,Lübbecke,32312,05741
7043,Lübbenau/Spreewald,3222,Error
7044,Lübben (Spreewald),15907,03546
7045,Lübberstedt,27729,04793
7046,Lübberstorf,23992,038422
7047,Lübbow,29488,05883
7048,Lübeck,23552,0451
7049,Lübeck,23554,0451
7050,Lübeck,23556,0451
7051,Lübeck,23558,0451
7052,Lübeck,23560,0451
7053,Lübeck,23562,0451
7054,Lübeck,23564,0451
7055,Lübeck,23566,0451
7056,Lübeck,23568,0451
7057,Lübeck,23569,0451
7058,Lübeck,23570,0451
7059,Lübesse,19077,038753
7060,Lüblow,19288,038754
7061,Lubmin,17509,038354
7062,Lübow,23972,03841
7063,Lübs,17379,039778
7064,Lübstorf,19069,03867
7065,Lübtheen,19249,038855
7066,Lübz,19386,038731
7067,Lüchow,23898,04536
7068,Lüchow,29439,05843
7069,Lucka,4613,Error
7070,Luckaitztal,3229,Error
7071,Luckau,15926,035456
7072,Luckau (Wendland),29487,05844
7073,Luckenbach,57629,02747
7074,Lückenburg,54424,06504
7075,Luckenwalde,14943,03371
7076,Luckow,17375,039771
7077,Lüdenscheid,58507,02351
7078,Lüdenscheid,58509,02351
7079,Lüdenscheid,58511,02351
7080,Lüdenscheid,58513,02351
7081,Lüdenscheid,58515,02351
7082,Lüder,29394,05824
7083,Lüdersburg,21379,04136
7084,Lüdersdorf,23923,038821
7085,Lüdersfeld,31702,05721
7086,Lüdershagen,18314,038324
7087,Lüdinghausen,59348,02591
7088,Ludwigsau,36251,06621
7089,Ludwigsburg,71634,07141
7090,Ludwigsburg,71636,07141
7091,Ludwigsburg,71638,07141
7092,Ludwigsburg,71640,07141
7093,Ludwigsburg,71642,07141
7094,Ludwigsburg,71672,07144
7095,Ludwigschorgast,95364,09227
7096,Ludwigsfelde,14974,03378
7097,Ludwigshafen am Rhein,67059,0621
7098,Ludwigshafen am Rhein,67061,0621
7099,Ludwigshafen am Rhein,67063,0621
7100,Ludwigshafen am Rhein,67065,0621
7101,Ludwigshafen am Rhein,67067,0621
7102,Ludwigshafen am Rhein,67069,0621
7103,Ludwigshafen am Rhein,67071,0621
7104,Ludwigshöhe,55278,06138
7105,Ludwigslust,19288,038754
7106,Ludwigsstadt,96337,09263
7107,Ludwigswinkel,66996,06393
7108,Lüerdissen,37635,05534
7109,Lug,76848,06392
7110,Lugau,9385,Error
7111,Lügde,32676,05283
7112,Luhden,31711,05722
7113,Luhe-Wildenau,92706,09607
7114,Luhnstedt,24816,04875
7115,Luisenthal,99885,03624
7116,Lülsfeld,97511,09382
7117,Lunden,25774,04882
7118,Lünebach,54597,06556
7119,Lüneburg,21335,04131
7120,Lüneburg,21337,04131
7121,Lüneburg,21339,04131
7122,Lüneburg,21391,04131
7123,Lünen,44532,02306
7124,Lünen,44534,02306
7125,Lünen,44536,02306
7126,Lünne,48480,05977
7127,Lunow-Stolzenhagen,16248,033369
7128,Lunzenau,9328,Error
7129,Lupburg,92331,09492
7130,Lürschau,24850,04621
7131,Lüssow,18442,038327
7132,Lüssow,18276,03843
7133,Lustadt,67363,06347
7134,Lütau,21483,04151
7135,Lütetsburg,26524,04936
7136,Lutherstadt Eisleben,6295,Error
7137,Lütjenburg,24321,04381
7138,Lütjenholm,25842,04674
7139,Lütjensee,22952,04107
7140,Lütjenwestedt,25585,04872
7141,Lütow,17440,038370
7142,Lutter,37318,036083
7143,Lutterbek,24235,04343
7144,Lüttow-Valluhn,19246,038851
7145,Lütz,56290,06746
7146,Lützelbach,64750,06165
7147,Lützen,6686,06381
7148,Lutzerath,56826,02677
7149,Lutzhorn,25355,04123
7150,Lutzingen,89440,09074
7151,Lützkampen,54617,06559
7152,Lützow,19209,038874
7153,Luxem,56729,02651
7154,Lychen,17279,039888
7155,Lykershausen,56346,06771
7156,Maasen,27249,04272
7157,Maasholm,24404,04642
7158,Machern,4827,Error
7159,Macken,56290,06746
7160,Mackenbach,67686,06374
7161,Mackenrode,37318,036083
7162,Mackenrodt,55758,06785
7163,Magdala,99441,036454
7164,Magdeburg,39104,0391
7165,Magdeburg,39106,0391
7166,Magdeburg,39108,0391
7167,Magdeburg,39110,0391
7168,Magdeburg,39112,0391
7169,Magdeburg,39114,0391
7170,Magdeburg,39116,0391
7171,Magdeburg,39118,0391
7172,Magdeburg,39120,0391
7173,Magdeburg,39122,0391
7174,Magdeburg,39124,0391
7175,Magdeburg,39126,0391
7176,Magdeburg,39128,0391
7177,Magdeburg,39130,0391
7178,Magstadt,71106,07159
7179,Mahlberg,77972,07822
7180,Mahlstetten,78601,07429
7181,Mähren,56459,02663
7182,Mähring,95695,09639
7183,Maierhöfen,88167,08384
7184,Maihingen,86747,09087
7185,Maikammer,67487,06321
7186,Mainaschaff,63814,06021
7187,Mainbernheim,97350,09323
7188,Mainburg,84048,08751
7189,Mainhardt,74535,07903
7190,Mainhausen,63533,06182
7191,Mainleus,95336,09229
7192,Mainstockheim,97320,09321
7193,Maintal,63477,06181
7194,Mainz,55116,06131
7195,Mainz,55118,06131
7196,Mainz,55120,06131
7197,Mainz,55122,06131
7198,Mainz,55124,06131
7199,Mainz,55126,06131
7200,Mainz,55127,06131
7201,Mainz,55128,06131
7202,Mainz,55129,06131
7203,Mainz,55130,06131
7204,Mainz,55131,06131
7205,Maisach,82216,08141
7206,Maisborn,56291,06746
7207,Maitenbeth,83558,08072
7208,Maitzborn,55481,06763
7209,Malberg,57629,02747
7210,Malberg,54655,06563
7211,Malbergweich,54655,06563
7212,Malborn,54426,06504
7213,Malchin,17139,03994
7214,Malching,94094,08533
7215,Malchow,17213,039932
7216,Malente,23714,04523
7217,Malgersdorf,84333,09954
7218,Malk Göhren,19294,038758
7219,Mallersdorf-Pfaffenberg,84066,08772
7220,Malliß,19294,038758
7221,Malsburg-Marzell,79429,07626
7222,Malsch,69254,07253
7223,Malsch,76316,07204
7224,Malschwitz - Malešecy,2694,Error
7225,Malsfeld,34323,05664
7226,Malterdingen,79364,07645
7227,Mammelzen,57636,02681
7228,Mammendorf,82291,08145
7229,Mamming,94437,09955
7230,Manching,85077,08459
7231,Mandel,55595,0671
7232,Mandelbachtal,66399,06804
7233,Mandern,54429,06589
7234,Manderscheid,54649,06554
7235,Manderscheid,54531,06572
7236,Manhagen,23738,04363
7237,Mannebach,56769,02657
7238,Mannebach,54441,06581
7239,Mannheim,68159,0621
7240,Mannheim,68161,0621
7241,Mannheim,68163,0621
7242,Mannheim,68165,0621
7243,Mannheim,68167,0621
7244,Mannheim,68169,0621
7245,Mannheim,68199,0621
7246,Mannheim,68219,0621
7247,Mannheim,68229,0621
7248,Mannheim,68239,0621
7249,Mannheim,68259,0621
7250,Mannheim,68305,0621
7251,Mannheim,68307,0621
7252,Mannheim,68309,0621
7253,Mannweiler-Cölln,67822,06362
7254,Mansfeld,6343,Error
7255,Mantel,92708,09605
7256,Manubach,55413,Error
7257,Marbach am Neckar,71672,07144
7258,Marbach am Neckar,71711,07148
7259,Marburg,35037,06421
7260,Marburg,35039,06421
7261,Marburg,35041,06421
7262,Marburg,35043,06421
7263,Marburg,35094,06420
7264,March,79232,07665
7265,Margetshöchheim,97276,0931
7266,Mariaposching,94553,09962
7267,Marienberg,9496,Error
7268,Marienfels,56357,06772
7269,Marienfließ,16945,033968
7270,Marienhafe,26529,04934
7271,Marienhausen,56269,02689
7272,Marienheide,51709,02261
7273,Marienmünster,37696,05276
7274,Marienrachdorf,56242,02626
7275,Mariental,38368,05357
7276,Marienwerder,16348,033397
7277,Maring-Noviand,54484,06535
7278,Marisfeld,98530,036844
7279,Markdorf,88677,07544
7280,Markersdorf,2829,Error
7281,Markgröningen,71706,07145
7282,Märkisch Buchholz,15748,033765
7283,Märkische Heide,15913,035473
7284,Märkische Höhe,15377,033433
7285,Märkisch Linden,16818,033920
7286,Märkisch Luch,14715,033877
7287,Markkleeberg,4416,Error
7288,Marklkofen,84163,08732
7289,Marklohe,31608,05021
7290,Markneukirchen,8258,Error
7291,Markranstädt,4420,Error
7292,Marktbergel,91613,09845
7293,Markt Berolzheim,91801,09146
7294,Markt Bibart,91477,09162
7295,Marktbreit,97340,Error
7296,Markt Einersheim,97348,09323
7297,Markt Erlbach,91459,09107
7298,Marktgraitz,96257,09264
7299,Marktheidenfeld,97828,09391
7300,Markt Indersdorf,85229,08136
7301,Marktl,84533,08678
7302,Marktleugast,95352,09255
7303,Marktleuthen,95168,09285
7304,Markt Nordheim,91478,09842
7305,Marktoberdorf,87616,08342
7306,Marktoffingen,86748,09087
7307,Marktredwitz,95615,09231
7308,Markt Rettenbach,87733,08392
7309,Marktrodach,96364,09261
7310,Marktschellenberg,83487,08650
7311,Marktschorgast,95509,09227
7312,Markt Schwaben,85570,08121
7313,Marktsteft,97342,09332
7314,Markt Taschendorf,91480,Error
7315,Markt Wald,86865,08262
7316,Marktzeuln,96275,09574
7317,Markvippach,99195,036204
7318,Marl,45768,02365
7319,Marl,45770,02365
7320,Marl,45772,02365
7321,Marl,49448,05443
7322,Marloffstein,91080,09131
7323,Marlow,18337,038221
7324,Marne,25709,04851
7325,Marnerdeich,25709,04851
7326,Marnheim,67297,06352
7327,Maroldsweisach,96126,09532
7328,Marolterode,99994,Error
7329,Maroth,56271,02601
7330,Marpingen,66646,06851
7331,Marquartstein,83250,08641
7332,Marsberg,34431,02992
7333,Marschacht,21436,04176
7334,Martensrade,24238,04384
7335,Martfeld,27327,04255
7336,Marth,37318,036083
7337,Martinroda,98693,03677
7338,Martinsheim,97340,09332
7339,Martinshöhe,66894,06372
7340,Martinstein,55627,06754
7341,Marxen,21439,04185
7342,Marxheim,86688,09094
7343,Marxzell,76359,07248
7344,Marzhausen,57627,02662
7345,Marzling,85417,08161
7346,Masburg,56761,02653
7347,Maselheim,88437,07356
7348,Maßbach,97711,09733
7349,Massenbachhausen,74252,07138
7350,Massen-Niederlausitz,3238,Error
7351,Massen-Niederlausitz,3246,05702
7352,Masserberg,98666,036870
7353,Massing,84323,08724
7354,Maßweiler,66506,06334
7355,Mastershausen,56869,06545
7356,Masthorn,54597,06556
7357,Matzenbach,66909,06384
7358,Matzerath,54597,06556
7359,Mauchenheim,67294,06352
7360,Mauden,57520,02747
7361,Mauel,54649,06554
7362,Mauer,69256,06226
7363,Mauern,85419,08764
7364,Mauerstetten,87665,08341
7365,Maulbronn,75433,07043
7366,Maulburg,79689,07622
7367,Mauschbach,66500,06338
7368,Mauth,94151,08557
7369,Maxdorf,67133,Error
7370,Maxhütte-Haidhof,93142,09471
7371,Maxsain,56244,02666
7372,Mayen,56727,02651
7373,Mayen,56729,02651
7374,Mayschoß,53508,02643
7375,Mechelroda,99441,036454
7376,Mechernich,53894,02443
7377,Mechow,23909,04541
7378,Mechtersen,21358,04178
7379,Meckel,54636,06561
7380,Meckenbach,55606,06752
7381,Meckenbach,55767,06782
7382,Meckenbeuren,88074,07542
7383,Meckenheim,53340,02225
7384,Meckenheim,67149,06326
7385,Meckesheim,74909,06226
7386,Medard,67744,06382
7387,Meddersheim,55566,06751
7388,Meddewade,23847,04534
7389,Medebach,59964,02982
7390,Medelby,24994,04605
7391,Medlingen,89441,09073
7392,Medow,17391,039721
7393,Meeder,96484,09564
7394,Meerane,8393,Error
7395,Meerbeck,31715,05721
7396,Meerbusch,40667,02132
7397,Meerbusch,40668,02151
7398,Meerbusch,40670,02132
7399,Meerfeld,54531,06572
7400,Meersburg,88709,07532
7401,Meesiger,17111,039994
7402,Meezen,24594,04871
7403,Megesheim,86750,09093
7404,Meggerdorf,24799,04624
7405,Meggerdorf,24861,04885
7406,Mehlbach,67735,06301
7407,Mehlbek,25588,04821
7408,Mehlingen,67678,06303
7409,Mehlmeisel,95694,09272
7410,Mehmels,98634,036941
7411,Mehna,4626,Error
7412,Mehren,57635,02686
7413,Mehren,54552,06592
7414,Mehring,84561,08677
7415,Mehring,54346,06502
7416,Mehrstetten,72537,07381
7417,Meiersberg,17375,039771
7418,Meinborn,56584,02639
7419,Meine,38527,05304
7420,Meinersen,38536,05372
7421,Meinerzhagen,58540,02354
7422,Meineweh,6721,Error
7423,Meinhard,37276,05651
7424,Meinheim,91802,09146
7425,Meiningen,98617,03693
7426,Meisburg,54570,06591
7427,Meisenheim,55590,06753
7428,Meißen,1662,Error
7429,Meißenheim,77974,07824
7430,Meißner,37290,05657
7431,Meitingen,86405,08271
7432,Melbeck,21406,04134
7433,Melchow,16230,033362
7434,Meldorf,25704,04832
7435,Melle,49324,05422
7436,Melle,49326,05422
7437,Melle,49328,05422
7438,Mellenthin,17429,038379
7439,Mellingen,99441,036454
7440,Mellinghausen,27249,04272
7441,Mellrichstadt,97638,09776
7442,Melsbach,56581,02634
7443,Melsdorf,24109,0431
7444,Melsungen,34212,05661
7445,Melz,17209,Error
7446,Memmelsdorf,96117,09505
7447,Memmingen,87700,08331
7448,Memmingerberg,87766,08331
7449,Menden,58706,02373
7450,Menden,58708,02373
7451,Menden,58710,02373
7452,Mendig,56743,02652
7453,Mengen,88512,07572
7454,Mengerschied,55490,06765
7455,Mengerskirchen,35794,06476
7456,Mengkofen,84152,08733
7457,Menningen,54310,06585
7458,Menslage,49637,05437
7459,Menzendorf,23923,038821
7460,Meppen,49716,05931
7461,Merching,86504,08233
7462,Merchweiler,66589,06825
7463,Merdingen,79291,07668
7464,Merenberg,35799,06471
7465,Mering,86415,08233
7466,Merkelbach,57629,02747
7467,Merkendorf,91732,09875
7468,Merklingen,89188,07337
7469,Merlscheid,54597,06556
7470,Mermuth,56283,06742
7471,Merschbach,54426,06504
7472,Merseburg,6217,Error
7473,Mertendorf,6618,Error
7474,Mertendorf,7619,0721
7475,Mertesdorf,54318,0651
7476,Mertesheim,67271,06359
7477,Mertingen,86690,09078
7478,Mertloch,56753,02654
7479,Merxheim,55627,06754
7480,Merzalben,66978,06333
7481,Merzdorf,4932,05422
7482,Merzen,49586,05465
7483,Merzenich,52399,02421
7484,Merzhausen,79249,0761
7485,Merzig,66663,06861
7486,Merzkirchen,54439,06581
7487,Merzweiler,67746,06788
7488,Meschede,59872,0291
7489,Mescherin,16307,033332
7490,Mesekenhagen,17498,03834
7491,Mesenich,56820,02673
7492,Mespelbrunn,63875,06092
7493,Messel,64409,06159
7494,Messenkamp,31867,05043
7495,Messerich,54636,06561
7496,Messingen,49832,05902
7497,Meßkirch,88605,07570
7498,Meßstetten,72469,07579
7499,Mestlin,19374,038728
7500,Metelen,48629,02556
7501,Metelsdorf,23972,03841
7502,Metten,94526,0991
7503,Mettendorf,54675,06522
7504,Mettenheim,84562,08637
7505,Mettenheim,67582,06246
7506,Metterich,54634,06561
7507,Mettingen,49497,05452
7508,Mettlach,66693,06868
7509,Mettmann,40822,02104
7510,Mettweiler,55777,Error
7511,Metzenhausen,55481,06763
7512,Metzingen,72555,07123
7513,Meudt,56414,06435
7514,Meura,98744,Error
7515,Meusebach,7646,07245
7516,Meuselwitz,4610,Error
7517,Meuspath,53520,02695
7518,Meyenburg,16945,033968
7519,Meyn,24980,04639
7520,Michelau i.OFr.,96247,09574
7521,Michelau i.Steigerwald,97513,09528
7522,Michelbach,57610,02681
7523,Michelbach,56288,06762
7524,Michelbach an der Bilz,74544,0791
7525,Michelfeld,74545,0791
7526,Michelsneukirchen,93185,09467
7527,Michelstadt,64720,06061
7528,Michendorf,14552,033205
7529,Mickhausen,86866,08204
7530,Midlum,25938,04681
7531,Miehlen,56357,06772
7532,Mielkendorf,24247,0431
7533,Miellen,56132,02603
7534,Miesbach,83714,08025
7535,Miesitz,7819,07462
7536,Mietingen,88487,07356
7537,Milda,7751,Error
7538,Mildenau,9456,09937
7539,Mildstedt,25866,04848
7540,Millienhagen-Oebelitz,18461,038324
7541,Milmersdorf,17268,039886
7542,Milow,19294,038758
7543,Milow,19300,038792
7544,Milower Land,14715,033877
7545,Miltach,93468,09944
7546,Miltenberg,63897,09371
7547,Mindelheim,87719,08261
7548,Mindelstetten,93349,09446
7549,Minden,32423,0571
7550,Minden,32425,0571
7551,Minden,32427,0571
7552,Minden,32429,0571
7553,Minden,54310,06585
7554,Minderlittgen,54518,06535
7555,Minfeld,76872,06349
7556,Minheim,54518,06535
7557,Mintraching,93098,09406
7558,Mirow,17252,039829
7559,Misselberg,56377,02604
7560,Missen-Wilhams,87547,08320
7561,Mistelbach,95511,09201
7562,Mistelgau,95490,09206
7563,Mistorf,18276,03843
7564,Mittelangeln,24986,04633
7565,Mittelbiberach,88441,07351
7566,Mittelbrunn,66851,06307
7567,Mitteleschenbach,91734,09871
7568,Mittelfischbach,56370,06486
7569,Mittelherwigsdorf,2763,04742
7570,Mittelhof,57537,02742
7571,Mittelneufnach,86868,08262
7572,Mittelnkirchen,21720,04142
7573,Mittelpöllnitz,7819,07462
7574,Mittelreidenbach,55758,06785
7575,Mittelsinn,97785,09356
7576,Mittelsömmern,99955,036041
7577,Mittelstenahe,21770,04771
7578,Mittelstetten,82293,08145
7579,Mittelstrimmig,56858,Error
7580,Mittenaar,35756,02772
7581,Mittenwald,82481,08823
7582,Mittenwalde,15749,033764
7583,Mittenwalde,17268,039886
7584,Mitterfels,94360,09961
7585,Mitterskirchen,84335,08725
7586,Mitterteich,95666,09633
7587,Mittweida,9648,09564
7588,Mitwitz,96268,09266
7589,Mixdorf,15299,033606
7590,Möckern,39279,039245
7591,Möckern,39291,039225
7592,Möckern,7646,07245
7593,Möckmühl,74219,06298
7594,Mockrehna,4862,02545
7595,Modautal,64397,06167
7596,Mödingen,89426,09076
7597,Moers,47441,02841
7598,Moers,47443,02841
7599,Moers,47445,02841
7600,Moers,47447,02841
7601,Mogendorf,56424,02623
7602,Mögglingen,73563,07174
7603,Möglingen,71696,07141
7604,Mohlsdorf-Teichwolframsdorf,7987,07675
7605,Möhnesee,59519,02924
7606,Möhnsen,21493,04151
7607,Möhrendorf,91096,09133
7608,Mohrkirch,24392,04641
7609,Mohrkirch,24405,04646
7610,Mohrkirch,24891,Error
7611,Moisburg,21647,04165
7612,Molauer Land,6618,Error
7613,Molbergen,49696,04479
7614,Molfsee,24113,0431
7615,Möllenbeck,17237,039826
7616,Möllenbeck,19300,038792
7617,Möllenhagen,17219,039928
7618,Mölln,17091,039602
7619,Mölln,23879,04542
7620,Molsberg,56414,06435
7621,Molschleben,99869,036202
7622,Mölschow,17449,038371
7623,Mölsheim,67591,06243
7624,Moltzow,17194,039926
7625,Molzhain,57520,02747
7626,Mömbris,63776,06029
7627,Mömlingen,63853,06022
7628,Mommenheim,55278,06138
7629,Mönchberg,63933,09372
7630,Mönchengladbach,41061,02161
7631,Mönchengladbach,41063,02161
7632,Mönchengladbach,41065,02161
7633,Mönchengladbach,41066,02161
7634,Mönchengladbach,41068,02161
7635,Mönchengladbach,41069,02161
7636,Mönchengladbach,41169,02161
7637,Mönchengladbach,41179,02161
7638,Mönchengladbach,41189,02161
7639,Mönchengladbach,41199,02161
7640,Mönchengladbach,41236,02161
7641,Mönchengladbach,41238,02161
7642,Mönchengladbach,41239,02161
7643,Mönchgut,18586,038303
7644,Mönchhagen,18182,0381
7645,Mönchpfiffel-Nikolausrieth,6556,Error
7646,Mönchsdeggingen,86751,09088
7647,Mönchsroth,91614,09851
7648,Mönchweiler,78087,07721
7649,Monheim,86653,09091
7650,Monheim am Rhein,40789,02173
7651,Mönkeberg,24248,0431
7652,Mönkebude,17375,039771
7653,Mönkhagen,23619,0451
7654,Mönkloh,24576,04192
7655,Monreal,56729,02651
7656,Monschau,52156,02472
7657,Monsheim,67590,06243
7658,Mönsheim,71297,07044
7659,Monstab,4617,Error
7660,Montabaur,56410,02602
7661,Möntenich,56754,02672
7662,Monzelfeld,54472,06531
7663,Monzernheim,55234,06737
7664,Monzingen,55569,06751
7665,Moordiek,25597,04828
7666,Moorenweis,82272,08146
7667,Moorhusen,25554,04823
7668,Moormerland,26802,04954
7669,Moorrege,25436,04122
7670,Moorweg,26427,04971
7671,Moos,94554,09938
7672,Moos,78345,07732
7673,Moosach,85665,08091
7674,Moosbach,92709,09656
7675,Moosburg,85368,08761
7676,Moosburg,88422,07582
7677,Moosinning,85452,08123
7678,Moosthenning,84164,08731
7679,Moraas,19230,038852
7680,Morbach,54497,06533
7681,Mörel,24594,04871
7682,Mörfelden-Walldorf,64546,06105
7683,Moringen,37186,05503
7684,Moritzburg,1468,Error
7685,Moritzheim,56865,06545
7686,Mörlen,57583,02747
7687,Mörlenbach,69509,06209
7688,Mörnsheim,91804,09145
7689,Morsbach,51597,02294
7690,Mörsbach,57629,02747
7691,Mörschbach,55494,06764
7692,Morscheid,54317,06500
7693,Morschen,34326,05664
7694,Morschheim,67294,06352
7695,Mörschied,55758,06785
7696,Mörsdorf,56290,06746
7697,Mörsdorf,7646,07245
7698,Mörsfeld,67808,06357
7699,Morshausen,56283,06742
7700,Mörstadt,67591,06243
7701,Mosbach,74821,06261
7702,Mosbruch,56767,02657
7703,Moschheim,56424,02623
7704,Moselkern,56254,02672
7705,Möser,39175,039292
7706,Möser,39291,039225
7707,Mossautal,64756,06062
7708,Moßbach,7907,Error
7709,Mössingen,72116,07473
7710,Motten,97786,09748
7711,Möttingen,86753,09083
7712,Mötzing,93099,09480
7713,Mötzingen,71159,07452
7714,Moxa,7381,Error
7715,Mözen,23795,04551
7716,Much,53804,02245
7717,Mucheln,24238,04384
7718,Mücheln (Geiseltal),6249,Error
7719,Mücheln (Geiseltal),6255,Error
7720,Mücheln (Geiseltal),6268,Error
7721,Mücheln (Geiseltal),6632,Error
7722,Muchow,19300,038792
7723,Mücka - Mikow,2906,Error
7724,Mücke,35325,06401
7725,Mückeln,54558,06573
7726,Mudau,69427,06284
7727,Müden (Aller),38539,05375
7728,Mudenbach,57614,02684
7729,Müden (Mosel),56254,02672
7730,Mudersbach,57555,0271
7731,Mudershausen,65623,06430
7732,Mügeln,4769,Error
7733,Muggensturm,76461,07222
7734,Müglitztal,1809,Error
7735,Mühbrook,24582,04322
7736,Mühlacker,75417,07041
7737,Mühlau,9241,Error
7738,Mühlberg/Elbe,4895,Error
7739,Mühlberg/Elbe,4931,Error
7740,Mühldorf a. Inn,84453,08631
7741,Mühlenbach,77796,07832
7742,Mühlenbarbek,25548,04822
7743,Mühlenbecker Land,16515,03301
7744,Mühlenbecker Land,16552,033056
7745,Mühlenbecker Land,16567,033056
7746,Mühlenberge,14662,033235
7747,Mühlen Eichsen,19205,03886
7748,Mühlenfließ,14822,033841
7749,Mühlenfließ,14823,033843
7750,Mühlenrade,21493,04151
7751,Mühlental,8626,Error
7752,Mühlhausen,69242,06222
7753,Mühlhausen,96172,09548
7754,Mühlhausen,92360,09185
7755,Mühlhausen,99974,03601
7756,Mühlhausen,99998,03601
7757,Mühlhausen-Ehingen,78259,07733
7758,Mühlhausen im Täle,73347,07335
7759,Mühlheim am Main,63165,06108
7760,Mühlheim an der Donau,78570,07463
7761,Mühlingen,78357,07775
7762,Mühlpfad,56291,06746
7763,Mühl Rosin,18276,03843
7764,Mühltal,64367,Error
7765,Muhr am See,91735,09831
7766,Mülbach,54636,06561
7767,Mulda/Sachsen,9619,09504
7768,Muldenhammer,8262,Error
7769,Muldestausee,6774,06364
7770,Mulfingen,74673,07937
7771,Mülheim an der Mosel,54486,06534
7772,Mülheim an der Ruhr,45468,0208
7773,Mülheim an der Ruhr,45470,0208
7774,Mülheim an der Ruhr,45472,0208
7775,Mülheim an der Ruhr,45473,0208
7776,Mülheim an der Ruhr,45475,0208
7777,Mülheim an der Ruhr,45476,0208
7778,Mülheim an der Ruhr,45478,0208
7779,Mülheim an der Ruhr,45479,0208
7780,Mülheim an der Ruhr,45481,0208
7781,Mülheim-Kärlich,56218,02630
7782,Müllenbach,53520,02695
7783,Müllenbach,56761,Error
7784,Müllheim,79379,07635
7785,Müllrose,15299,033606
7786,Mülsen,8132,Error
7787,Münchberg,95213,09252
7788,Müncheberg,15374,033432
7789,Münchehofe,15748,033765
7790,München,80331,089
7791,München,80333,089
7792,München,80335,089
7793,München,80336,089
7794,München,80337,089
7795,München,80339,089
7796,München,80469,089
7797,München,80538,089
7798,München,80539,089
7799,München,80634,089
7800,München,80636,089
7801,München,80637,089
7802,München,80638,089
7803,München,80639,089
7804,München,80686,089
7805,München,80687,089
7806,München,80689,089
7807,München,80796,089
7808,München,80797,089
7809,München,80798,089
7810,München,80799,089
7811,München,80801,089
7812,München,80802,089
7813,München,80803,089
7814,München,80804,089
7815,München,80805,089
7816,München,80807,089
7817,München,80809,089
7818,München,80933,089
7819,München,80935,089
7820,München,80937,089
7821,München,80939,089
7822,München,80992,089
7823,München,80993,089
7824,München,80995,089
7825,München,80997,089
7826,München,80999,089
7827,München,81241,089
7828,München,81243,089
7829,München,81245,089
7830,München,81247,089
7831,München,81248,089
7832,München,81249,089
7833,München,81369,089
7834,München,81371,089
7835,München,81373,089
7836,München,81375,089
7837,München,81377,089
7838,München,81379,089
7839,München,81475,089
7840,München,81476,089
7841,München,81477,089
7842,München,81479,089
7843,München,81539,089
7844,München,81541,089
7845,München,81543,089
7846,München,81545,089
7847,München,81547,089
7848,München,81549,089
7849,München,81667,089
7850,München,81669,089
7851,München,81671,089
7852,München,81673,089
7853,München,81675,089
7854,München,81677,089
7855,München,81679,089
7856,München,81735,089
7857,München,81737,089
7858,München,81739,089
7859,München,81825,089
7860,München,81827,089
7861,München,81829,089
7862,München,81925,089
7863,München,81927,089
7864,München,81929,089
7865,München,85540,089
7866,Münchenbernsdorf,7589,Error
7867,Münchhausen,35117,06452
7868,Münchsmünster,85126,08402
7869,Münchsteinach,91481,09166
7870,Münchwald,55595,0671
7871,Münchweiler am Klingbach,76857,06345
7872,Münchweiler an der Alsenz,67728,06302
7873,Münchweiler an der Rodalb,66955,06331
7874,Münchweiler an der Rodalb,66981,06395
7875,Mundelsheim,74395,07143
7876,Munderkingen,89597,07393
7877,Mündersbach,56271,02601
7878,Münk,56729,02651
7879,Munkbrarup,24960,04631
7880,Münnerstadt,97702,09733
7881,Munningen,86754,09082
7882,Münsing,82541,08177
7883,Münsingen,72525,07389
7884,Munster,29633,05190
7885,Münster,48143,0251
7886,Münster,48145,0251
7887,Münster,48147,0251
7888,Münster,48149,0251
7889,Münster,48151,0251
7890,Münster,48153,0251
7891,Münster,48155,0251
7892,Münster,48157,0251
7893,Münster,48159,0251
7894,Münster,48161,0251
7895,Münster,48163,0251
7896,Münster,48165,0251
7897,Münster,48167,0251
7898,Münster,86692,08276
7899,Münsterappel,67822,06362
7900,Münsterdorf,25587,04828
7901,Münsterhausen,86505,08281
7902,Münster (Hessen),64839,06071
7903,Münstermaifeld,56294,02605
7904,Münster-Sarmsheim,55424,06721
7905,Münstertal,79244,07636
7906,Münzenberg,35516,06033
7907,Murchin,17390,038374
7908,Murg,79730,07763
7909,Mürlenbach,54570,06591
7910,Murnau am Staffelsee,82418,08841
7911,Murr,71711,07148
7912,Murrhardt,71540,07192
7913,Müsch,53533,02693
7914,Müschenbach,57629,02747
7915,Müssen,21516,04151
7916,Mustin,23911,04541
7917,Mustin,19406,038485
7918,Musweiler,54534,06575
7919,Mutlangen,73557,07171
7920,Mutterschied,55469,06761
7921,Mutterstadt,67112,06234
7922,Mützenich,54608,06555
7923,Muxerath,54673,06564
7924,Nabburg,92507,09433
7925,Nachrodt-Wiblingwerde,58769,02352
7926,Nachtsheim,56729,02651
7927,Nack,55234,06737
7928,Nackenheim,55299,06135
7929,Nadrensee,17329,039746
7930,Nagel,95697,09236
7931,Nagold,72202,07452
7932,Nahe,23866,04535
7933,Nahrendorf,21369,05855
7934,Naila,95119,09282
7935,Nalbach,66809,06838
7936,Namborn,66640,06851
7937,Nandlstadt,85395,08168
7938,Nandlstadt,85405,08764
7939,Nannhausen,55469,06761
7940,Nanzdietschweiler,66909,06384
7941,Nasingen,54673,06564
7942,Nassau,56377,02604
7943,Nassenfels,85128,08424
7944,Nastätten,56355,06772
7945,Natendorf,29587,05806
7946,Nattenheim,54636,06561
7947,Nattheim,89564,07326
7948,Nauen,14641,03321
7949,Nauendorf,99448,036450
7950,Nauheim,64569,06152
7951,Naumburg,34311,05625
7952,Naumburg (Saale),6618,Error
7953,Naumburg (Saale),6628,06897
7954,Naundorf,4769,Error
7955,Naunheim,56753,02654
7956,Naunhof,4683,Error
7957,Nauort,56237,02601
7958,Naurath (Eifel),54340,06507
7959,Naurath (Wald),54426,06504
7960,Nauroth,57583,02747
7961,Nausnitz,7616,Error
7962,Nazza,99826,036924
7963,Nebel,25946,04682
7964,Nebelschütz - Njebjelčicy,1920,038874
7965,Nebra (Unstrut),6642,06841
7966,Neckarbischofsheim,74924,07263
7967,Neckargemünd,69151,06223
7968,Neckargerach,69437,06263
7969,Neckarsteinach,69239,06229
7970,Neckarsulm,74172,07132
7971,Neckartailfingen,72666,Error
7972,Neckartenzlingen,72654,07127
7973,Neckarwestheim,74382,07133
7974,Neckarzimmern,74865,06261
7975,Neddemin,17039,0395
7976,Neef,56858,Error
7977,Neenstetten,89189,07340
7978,Neetze,21398,05850
7979,Neetzka,17349,03966
7980,Neetzow-Liepen,17391,039721
7981,Negenborn,37643,05532
7982,Negenharrie,24625,04394
7983,Negernbötel,23795,04551
7984,Nehms,23813,04555
7985,Nehmten,24326,04526
7986,Nehren,56820,02673
7987,Nehren,72147,07473
7988,Neichen,54552,06592
7989,Neidenbach,54657,06563
7990,Neidenfels,67468,06329
7991,Neidenstein,74933,07263
7992,Neidlingen,73272,07023
7993,Neißeaue,2829,Error
7994,Neiße-Malxetal,3159,05761
7995,Neißemünde,15898,033656
7996,Neitersen,57638,02681
7997,Nellingen,89191,07337
7998,Nemsdorf-Göhrendorf,6268,Error
7999,Nenndorf,26556,04975
8000,Nennhausen,14715,033877
8001,Nennslingen,91790,09147
8002,Nentershausen,36214,06627
8003,Nentershausen,56412,06485
8004,Nerdlen,54552,06592
8005,Nerenstetten,89129,07345
8006,Neresheim,73450,07362
8007,Neritz,23843,04531
8008,Neroth,54570,06591
8009,Nersingen,89278,07308
8010,Nerzweiler,67749,06382
8011,Neschwitz - Njeswačidło,2699,Error
8012,Nesse-Apfelstädt,99192,036202
8013,Nesselwang,87484,08361
8014,Nessetal,99869,036202
8015,Netphen,57250,02738
8016,Nettelsee,24250,04302
8017,Nettersheim,53947,02486
8018,Nettetal,41334,02153
8019,Netzbach,65623,06430
8020,Netzschkau,8491,Error
8021,Neu-Anspach,61267,06081
8022,Neu-Bamberg,55546,0671
8023,Neuberend,24879,04621
8024,Neuberg,63543,06184
8025,Neubeuern,83115,08035
8026,Neubiberg,85579,089
8027,Neu Boltenhagen,17509,038354
8028,Neubörger,26909,04966
8029,Neubrandenburg,17033,0395
8030,Neubrandenburg,17034,0395
8031,Neubrandenburg,17036,0395
8032,Neubrunn,97277,09349
8033,Neubrunn,98617,03693
8034,Neubukow,18233,038294
8035,Neubulach,75385,07051
8036,Neubulach,75387,07053
8037,Neuburg,23974,038426
8038,Neuburg am Inn,94036,0851
8039,Neuburg am Inn,94127,08502
8040,Neuburg am Rhein,76776,07273
8041,Neuburg an der Donau,86633,08431
8042,Neuburg an der Kammel,86476,08283
8043,Neuching,85467,08121
8044,Neu Darchau,29490,05853
8045,Neudenau,74861,06264
8046,Neudorf-Bornstein,24214,04346
8047,Neudrossenfeld,95512,09203
8048,Neu Duvenstedt,24791,04338
8049,Neu Duvenstedt,24794,04331
8050,Neu-Eichenberg,37249,05542
8051,Neuenbrook,25361,04824
8052,Neuenbrook,25578,04821
8053,Neuenbürg,75305,07082
8054,Neuenburg am Rhein,79395,07631
8055,Neuendeich,25436,04122
8056,Neuendettelsau,91564,09872
8057,Neuendorf,97788,09351
8058,Neuendorf,54597,06556
8059,Neuendorf bei Elmshorn,25335,04121
8060,Neuendorf-Sachsenbande,25554,04823
8061,Neuengönna,7778,07835
8062,Neuengörs,23818,04550
8063,Neuenhagen bei Berlin,15366,03342
8064,Neuenhaus,49828,05946
8065,Neuenkirchen,48485,05973
8066,Neuenkirchen,25792,04837
8067,Neuenkirchen,21640,04163
8068,Neuenkirchen,17498,03834
8069,Neuenkirchen,17039,0395
8070,Neuenkirchen,17392,039727
8071,Neuenkirchen,18569,038305
8072,Neuenkirchen,27251,04243
8073,Neuenkirchen,21763,04751
8074,Neuenkirchen,29643,05195
8075,Neuenkirchen,49586,05465
8076,Neuenkirchen-Vörden,49434,05493
8077,Neuenmarkt,95339,09227
8078,Neuenrade,58809,02394
8079,Neuensalz,8541,08764
8080,Neuenstadt am Kocher,74196,07139
8081,Neuenstein,36286,06677
8082,Neuenstein,74632,07942
8083,Neuental,34599,06693
8084,Neuerburg,54673,06564
8085,Neuerkirch,55471,06761
8086,Neufahrn bei Freising,85375,08165
8087,Neufahrn bei Freising,85376,08165
8088,Neufahrn in Niederbayern,84088,08785
8089,Neufeld,25724,04851
8090,Neufelderkoog,25724,04851
8091,Neuffen,72639,07123
8092,Neufra,72419,07577
8093,Neufraunhofen,84181,08742
8094,Neu Gülze,19258,038847
8095,Neuhardenberg,15320,033476
8096,Neuharlingersiel,26427,04971
8097,Neuhaus,21785,04752
8098,Neuhaus a.d.Pegnitz,91284,09156
8099,Neuhaus am Inn,94152,08538
8100,Neuhaus am Rennweg,98724,036701
8101,Neuhäusel,56335,02620
8102,Neuhausen,75242,07234
8103,Neuhausen auf den Fildern,73765,07158
8104,Neuhausen/Erzgebirge,9544,0921
8105,Neuhausen ob Eck,78579,07467
8106,Neuhausen/Spree,3058,Error
8107,Neuheilenbach,54597,06556
8108,Neuhemsbach,67680,06303
8109,Neuhof,36119,06655
8110,Neuhof a.d.Zenn,90616,09102
8111,Neuhofen,67141,06236
8112,Neuhütten,97843,09352
8113,Neuhütten,54422,06503
8114,Neu-Isenburg,63263,06102
8115,Neukalen,17154,039956
8116,Neu Kaliß,19294,038758
8117,Neukamperfehn,26835,04946
8118,Neukieritzsch,4575,Error
8119,Neukirch,1936,Error
8120,Neukirch,88099,07528
8121,Neukirchen,23779,04365
8122,Neukirchen,34626,06694
8123,Neukirchen,94362,09965
8124,Neukirchen,25927,04664
8125,Neukirchen-Balbini,92445,09465
8126,Neukirchen beim Heiligen Blut,93453,09947
8127,Neukirchen bei Sulzbach-Rosenberg,92259,09663
8128,Neukirchen/Erzgebirge,9221,Error
8129,Neukirchen/Pleiße,8459,Error
8130,Neukirchen-Vluyn,47506,02845
8131,Neukirchen vorm Wald,94154,08505
8132,Neukirch/Lausitz,1904,Error
8133,Neukloster,23992,038422
8134,Neu Kosenow,17398,039726
8135,Neulehe,26909,04966
8136,Neuleiningen,67271,06359
8137,Neuler,73491,07366
8138,Neulewin,16259,033368
8139,Neulingen,75245,07237
8140,Neulußheim,68809,06205
8141,Neumagen-Dhron,54347,06507
8142,Neumark,8496,Error
8143,Neumark,99439,Error
8144,Neumarkt in der Oberpfalz,92318,09181
8145,Neumarkt in der Oberpfalz,92348,09181
8146,Neumarkt-Sankt Veit,84494,08639
8147,Neumünster,24534,04321
8148,Neumünster,24536,04321
8149,Neumünster,24537,04321
8150,Neumünster,24539,04321
8151,Neunburg vorm Wald,92431,09672
8152,Neundorf,7924,07668
8153,Neunkhausen,57520,02747
8154,Neunkirchen,57290,Error
8155,Neunkirchen,63930,09378
8156,Neunkirchen,74867,06262
8157,Neunkirchen,56479,02664
8158,Neunkirchen,66538,06821
8159,Neunkirchen,66539,06821
8160,Neunkirchen,66540,06821
8161,Neunkirchen,54426,06504
8162,Neunkirchen a.Brand,91077,09134
8163,Neunkirchen am Potzberg,66887,06381
8164,Neunkirchen a. Sand,91233,09153
8165,Neunkirchen-Seelscheid,53819,02247
8166,Neuötting,84524,08678
8167,Neupetershain,3103,05182
8168,Neu Poserin,19399,038732
8169,Neupotz,76777,07272
8170,Neureichenau,94089,08583
8171,Neuried,82061,089
8172,Neuried,82131,089
8173,Neuried,77743,07807
8174,Neuruppin,16816,03391
8175,Neuruppin,16818,033920
8176,Neuruppin,16827,03391
8177,Neuruppin,16833,033922
8178,Neuruppin,16835,033083
8179,Neusalza-Spremberg,2742,Error
8180,Neusäß,86356,0821
8181,Neuschönau,94556,08552
8182,Neuschoo,26487,04977
8183,Neu-Seeland,3103,05182
8184,Neusitz,91616,09861
8185,Neusorg,95700,09234
8186,Neuss,41460,02131
8187,Neuss,41462,02131
8188,Neuss,41464,02131
8189,Neuss,41466,02131
8190,Neuss,41468,02131
8191,Neuss,41469,02131
8192,Neuss,41470,02131
8193,Neuss,41472,02131
8194,Neustadt,35279,06692
8195,Neustadt a.Main,97845,09393
8196,Neustadt am Kulm,95514,09648
8197,Neustadt am Rübenberge,31535,05032
8198,Neustadt an der Aisch,91413,09161
8199,Neustadt an der Donau,93333,09445
8200,Neustadt an der Orla,7806,Error
8201,Neustadt an der Waldnaab,92660,09602
8202,Neustadt an der Weinstraße,67433,06321
8203,Neustadt an der Weinstraße,67434,06321
8204,Neustadt an der Weinstraße,67435,06321
8205,Neustadt bei Coburg,96465,09562
8206,Neustadt (Dosse),16845,033978
8207,Neustadt-Glewe,19306,038757
8208,Neustadt in Holstein,23730,04561
8209,Neustadt in Sachsen,1844,038323
8210,Neustadt/Vogtland,8223,08141
8211,Neustadt/ Westerwald,56479,02664
8212,Neustadt (Wied),53577,02683
8213,Neustetten,72149,07472
8214,Neustrelitz,17235,03981
8215,Neutraubling,93073,09401
8216,Neutrebbin,15320,033476
8217,Neu-Ulm,89231,0731
8218,Neu-Ulm,89233,0731
8219,Neuweiler,75389,07055
8220,Neuwied,56564,02631
8221,Neuwied,56566,02631
8222,Neuwied,56567,02631
8223,Neuwittenbek,24161,04349
8224,Neuwittenbek,24214,04346
8225,Neu Wulmstorf,21629,04168
8226,Neu Zauche,15913,035473
8227,Neuzelle,15898,033656
8228,Neverin,17039,0395
8229,Neversdorf,23816,04552
8230,Newel,54309,0651
8231,Ney,56283,06742
8232,Nickenich,56645,02636
8233,Nidda,63667,06043
8234,Niddatal,61194,06187
8235,Nidderau,61130,06187
8236,Nideggen,52385,02427
8237,Nieblum,25938,04681
8238,Niebüll,25899,04661
8239,Nieby,24395,04643
8240,Nieden,17309,03973
8241,Niedenstein,34305,05624
8242,Niederahr,56414,06435
8243,Niederaichbach,84100,08702
8244,Niederalben,66887,06381
8245,Niederalteich,94557,09901
8246,Niederau,1689,Error
8247,Niederaula,36272,06625
8248,Niederbachheim,56357,06772
8249,Niederbergkirchen,84494,08639
8250,Niederbösa,99718,036370
8251,Niederbreitbach,56589,02638
8252,Niederbrombach,55767,06782
8253,Niederburg,55432,06744
8254,Niederdorf,9366,Error
8255,Niederdorfelden,61138,06101
8256,Niederdreisbach,57520,02747
8257,Niederdürenbach,56651,02636
8258,Niedere Börde,39326,039206
8259,Niedere Börde,39345,039054
8260,Niederelbert,56412,06485
8261,Niedererbach,56412,06485
8262,Niederer Fläming,14913,03372
8263,Niedereschach,78078,07728
8264,Niederfell,56332,02607
8265,Niederfinow,16248,033369
8266,Niederfischbach,57572,02734
8267,Niederfrohna,9243,09434
8268,Niederfüllbach,96489,09565
8269,Niedergebra,99759,036338
8270,Niedergeckler,54675,06522
8271,Niedergörsdorf,14913,03372
8272,Niederhambach,55767,06782
8273,Niederhausen,55585,0671
8274,Niederhausen an der Appel,67822,06362
8275,Niederheimbach,55413,Error
8276,Nieder-Hilbersheim,55437,06725
8277,Niederhofen,56316,02684
8278,Niederhorbach,76889,06349
8279,Niederhosenbach,55758,06785
8280,Niederirsen,57589,02682
8281,Niederkassel,53859,02208
8282,Niederkirchen,67700,Error
8283,Niederkirchen bei Deidesheim,67150,06326
8284,Nieder Kostenz,55481,06763
8285,Niederkrüchten,41372,02163
8286,Niederkumbd,55469,06761
8287,Niederlangen,49779,05933
8288,Niederlauch,54614,06553
8289,Niederlauer,97618,09771
8290,Niedermohr,66879,06371
8291,Niedermoschel,67822,06362
8292,Niedermurach,92545,09671
8293,Niedernberg,63843,06026
8294,Niederneisen,65629,06432
8295,Niedernhall,74676,07940
8296,Niedernhausen,65527,06128
8297,Niedernwöhren,31712,05721
8298,Niederöfflingen,54533,06572
8299,Nieder-Olm,55268,06136
8300,Niederorschel,37355,036076
8301,Niederotterbach,76889,06349
8302,Niederpierscheid,54649,06554
8303,Niederraden,54675,06522
8304,Niederrieden,87767,08335
8305,Niederroßbach,56479,02664
8306,Niedersayn,56244,02666
8307,Niederscheidweiler,54533,06572
8308,Niederschlettenbach,76891,06394
8309,Niederschönenfeld,86694,09090
8310,Niedersohren,55487,06543
8311,Niederstadtfeld,54570,06591
8312,Niederstaufenbach,66879,06371
8313,Niederstedem,54634,06561
8314,Niedersteinebach,56593,02687
8315,Niederstetten,97996,07932
8316,Niederstotzingen,89168,07324
8317,Niedert,56291,06746
8318,Niedertaufkirchen,84494,08639
8319,Niedertiefenbach,56368,06486
8320,Niedertrebra,99518,036461
8321,Niederviehbach,84183,08702
8322,Niederwallmenach,56357,06772
8323,Niederwambach,57614,02684
8324,Niederweiler,54636,06561
8325,Niederweiler,55491,06543
8326,Niederweis,54298,06506
8327,Niederweis,54668,06523
8328,Niederwerrn,97464,09726
8329,Niederwerth,56179,0261
8330,Niederwiesa,9577,Error
8331,Nieder-Wiesen,55234,06737
8332,Niederwinkling,94559,09906
8333,Niederwörresbach,55758,06785
8334,Niederwürschnitz,9399,Error
8335,Niederzier,52382,02428
8336,Niederzissen,56651,02636
8337,Niefern-Öschelbronn,75223,07233
8338,Nieheim,33039,05274
8339,Niehl,54646,06527
8340,Niemegk,14823,033843
8341,Niemetal,37127,05502
8342,Nienborstel,24819,04874
8343,Nienburg (Saale),6429,06150
8344,Nienburg/Weser,31582,05021
8345,Nienbüttel,25596,04827
8346,Niendorf bei Berkenthin,23919,04544
8347,Niendorf/Stecknitz,23881,04542
8348,Nienhagen,18211,038203
8349,Nienhagen,29336,05144
8350,Nienstädt,31688,05721
8351,Nienwohld,23863,04535
8352,Niepars,18442,038327
8353,Niersbach,54518,06535
8354,Nierstein,55283,06133
8355,Niesgrau,24395,04643
8356,Niesky,2906,Error
8357,Nieste,34329,05605
8358,Niestetal,34266,05605
8359,Nievern,56132,02603
8360,Nimritz,7381,Error
8361,Nimshuscheid,54612,06553
8362,Nimsreuland,54614,06553
8363,Nindorf,25704,04832
8364,Nindorf,24594,04871
8365,Nister,57645,02662
8366,Nisterau,56472,02661
8367,Nisterberg,56472,02661
8368,Nister-Möhrendorf,56477,02664
8369,Nistertal,57647,02661
8370,Nittel,54453,06584
8371,Nittenau,93149,09436
8372,Nittendorf,93152,09404
8373,Nitz,56729,02651
8374,Nobitz,4603,Error
8375,Nochern,56357,06772
8376,Nöda,99195,036204
8377,Noer,24214,04346
8378,Nohen,55767,06782
8379,Nohfelden,66625,06852
8380,Nohn,54578,06593
8381,Nomborn,56412,06485
8382,Nonnenhorn,88149,08382
8383,Nonnweiler,66620,06873
8384,Norath,56291,06746
8385,Norddeich,25764,04833
8386,Norddorf auf Amrum,25946,04682
8387,Norden,26506,04931
8388,Nordendorf,86695,08273
8389,Nordenham,26954,04731
8390,Norderbrarup,24392,04641
8391,Norderfriedrichskoog,25870,04861
8392,Norderheistedt,25779,04836
8393,Nordermeldorf,25704,04832
8394,Norderney,26548,04932
8395,Norderstedt,22844,040
8396,Norderstedt,22846,040
8397,Norderstedt,22848,040
8398,Norderstedt,22850,040
8399,Norderstedt,22851,040
8400,Norderwöhrden,25746,0481
8401,Nordhackstedt,24980,04639
8402,Nordhalben,96365,09267
8403,Nordharz,38855,03943
8404,Nordharz,38871,03943
8405,Nordhastedt,25785,04804
8406,Nordhausen,99734,03631
8407,Nordheim,74226,07135
8408,Nordheim a.Main,97334,09381
8409,Nordheim v.d.Rhön,97647,09779
8410,Nordhofen,56242,02626
8411,Nordhorn,48527,05921
8412,Nordhorn,48529,05921
8413,Nordhorn,48531,05921
8414,Nordkirchen,59394,02596
8415,Nordleda,21765,04758
8416,Nördlingen,86720,09081
8417,Nordrach,77787,07838
8418,Nordsehl,31717,05721
8419,Nordstemmen,31171,05044
8420,Nordstrand,25845,04842
8421,Nordwalde,48356,02573
8422,Nordwestuckermark,17291,03984
8423,Norheim,55585,0671
8424,Norken,57629,02747
8425,Norstedt,25884,04843
8426,Nörten-Hardenberg,37176,05503
8427,Nörtershausen,56283,06742
8428,Northeim,37154,05551
8429,Nortmoor,26845,04950
8430,Nortorf,25554,04823
8431,Nortorf,24589,04392
8432,Nortrup,49638,05436
8433,Nörvenich,52388,02421
8434,Nossen,1683,033921
8435,Nossendorf,17111,039994
8436,Nossentiner Hütte,17214,039927
8437,Nostorf,19258,038847
8438,Nothweiler,76891,06394
8439,Nottensdorf,21640,04163
8440,Nottertal-Heilinger Höhen,99994,Error
8441,Nottfeld,24392,04641
8442,Nottleben,99192,036202
8443,Nottuln,48301,02502
8444,Notzingen,73274,07021
8445,Nübbel,24809,04331
8446,Nübel,24881,04621
8447,Nüdlingen,97720,0971
8448,Nufringen,71154,07032
8449,Nümbrecht,51588,02262
8450,Nünchritz,1612,Error
8451,Nünschweiler,66989,06333
8452,Nürburg,53520,02695
8453,Nürnberg,90402,0911
8454,Nürnberg,90403,0911
8455,Nürnberg,90408,0911
8456,Nürnberg,90409,0911
8457,Nürnberg,90411,0911
8458,Nürnberg,90419,0911
8459,Nürnberg,90425,0911
8460,Nürnberg,90427,0911
8461,Nürnberg,90429,0911
8462,Nürnberg,90431,0911
8463,Nürnberg,90439,0911
8464,Nürnberg,90441,0911
8465,Nürnberg,90443,0911
8466,Nürnberg,90449,0911
8467,Nürnberg,90451,0911
8468,Nürnberg,90453,0911
8469,Nürnberg,90455,0911
8470,Nürnberg,90459,0911
8471,Nürnberg,90461,0911
8472,Nürnberg,90469,0911
8473,Nürnberg,90471,0911
8474,Nürnberg,90473,0911
8475,Nürnberg,90475,0911
8476,Nürnberg,90478,0911
8477,Nürnberg,90480,0911
8478,Nürnberg,90482,0911
8479,Nürnberg,90489,0911
8480,Nürnberg,90491,0911
8481,Nürtingen,72622,07022
8482,Nusbaum,54675,06522
8483,Nusplingen,72362,07429
8484,Nußbach,67759,06364
8485,Nußbaum,55569,06751
8486,Nußdorf,83365,08669
8487,Nußdorf am Inn,83131,08034
8488,Nusse,23896,04543
8489,Nußloch,69226,06224
8490,Nustrow,18195,038205
8491,Nüsttal,36167,06684
8492,Nuthetal,14558,033200
8493,Nuthe-Urstromtal,14947,033731
8494,Nutteln,25594,04825
8495,Nützen,24568,04191
8496,Oberahr,56414,06435
8497,Oberalben,66871,06384
8498,Oberammergau,82487,08822
8499,Oberarnbach,66851,06307
8500,Oberasbach,90522,0911
8501,Oberau,82496,08824
8502,Oberaudorf,83080,08033
8503,Oberaula,36280,06628
8504,Oberaurach,97514,09549
8505,Oberbachheim,56355,06772
8506,Oberbarnim,15377,033433
8507,Oberbergkirchen,84564,08636
8508,Oberbettingen,54578,06593
8509,Oberbillig,54331,06588
8510,Oberbodnitz,7646,07245
8511,Oberboihingen,72644,07022
8512,Oberbösa,99718,036370
8513,Oberbrombach,55767,06782
8514,Oberdachstetten,91617,09845
8515,Oberderdingen,75038,07258
8516,Oberdiebach,55413,Error
8517,Oberding,85445,08122
8518,Oberdischingen,89610,07305
8519,Oberdolling,85129,08404
8520,Oberdreis,57639,02684
8521,Oberdürenbach,56651,02636
8522,Oberehe-Stroheich,54578,06593
8523,Oberelbert,56412,06485
8524,Oberelsbach,97656,09774
8525,Oberelz,56767,02657
8526,Obererbach,57612,02681
8527,Obererbach,56414,06435
8528,Obere Warnow,19374,038728
8529,Oberfell,56332,02607
8530,Oberfischbach,56370,06486
8531,Ober-Flörsheim,55234,06737
8532,Obergeckler,54675,06522
8533,Obergriesbach,86573,08251
8534,Obergröningen,73569,07975
8535,Obergünzburg,87634,Error
8536,Obergurig - Hornja Hórka,2692,Error
8537,Oberhaching,82041,089
8538,Oberhaching,82064,08170
8539,Oberhaid,56237,02601
8540,Oberhaid,96173,09503
8541,Oberhambach,55765,06782
8542,Oberharmersbach,77784,07837
8543,Oberharz am Brocken,38875,039455
8544,Oberharz am Brocken,38877,039457
8545,Oberharz am Brocken,38889,03944
8546,Oberharz am Brocken,38899,039459
8547,Oberhausen,46045,0208
8548,Oberhausen,46047,0208
8549,Oberhausen,46049,0208
8550,Oberhausen,46117,0208
8551,Oberhausen,46119,0208
8552,Oberhausen,46145,0208
8553,Oberhausen,46147,0208
8554,Oberhausen,46149,0208
8555,Oberhausen,82386,08802
8556,Oberhausen,86697,08431
8557,Oberhausen,76887,06343
8558,Oberhausen an der Appel,67822,06362
8559,Oberhausen an der Nahe,55585,0671
8560,Oberhausen bei Kirn,55606,06752
8561,Oberhausen-Rheinhausen,68794,07254
8562,Oberheimbach,55413,Error
8563,Oberheldrungen,6577,06198
8564,Ober-Hilbersheim,55437,06725
8565,Oberhof,98559,036842
8566,Oberhonnefeld-Gierend,56587,02634
8567,Oberhosenbach,55758,06785
8568,Oberickelsheim,97258,09339
8569,Oberirsen,57635,02686
8570,Oberkail,54533,06572
8571,Oberkirch,77704,07802
8572,Oberkirn,55624,06544
8573,Oberkochen,73447,07364
8574,Ober Kostenz,55481,06763
8575,Oberkotzau,95145,09286
8576,Oberkrämer,16727,03304
8577,Oberlahr,57641,02685
8578,Oberlangen,49779,05933
8579,Oberlascheid,54608,06555
8580,Oberlauch,54614,06553
8581,Oberleichtersbach,97789,09744
8582,Oberlungwitz,9353,Error
8583,Obermaiselstein,87538,08326
8584,Obermarchtal,89611,07375
8585,Obermaßfeld-Grimmenthal,98617,03693
8586,Obermeitingen,86836,08232
8587,Obermichelbach,90587,0911
8588,Ober-Mörlen,61239,06002
8589,Obermoschel,67823,06362
8590,Obernbreit,97342,09332
8591,Obernburg am Main,63785,06022
8592,Oberndorf,21787,04772
8593,Oberndorf,67821,06362
8594,Oberndorf a.Lech,86698,09090
8595,Oberndorf am Neckar,78727,07423
8596,Oberneisen,65558,06432
8597,Oberneukirchen,84565,08630
8598,Obernfeld,37434,05528
8599,Obernheim,72364,07436
8600,Obernheim-Kirchenarnbach,66919,06333
8601,Obernhof,56379,02604
8602,Obernholz,29386,05832
8603,Obernkirchen,31683,05724
8604,Obernzell,94107,08593
8605,Obernzell,94130,08591
8606,Obernzenn,91619,09107
8607,Oberöfflingen,54533,06572
8608,Ober-Olm,55270,06131
8609,Oberoppurg,7381,Error
8610,Oberostendorf,86869,08344
8611,Oberotterbach,76889,06349
8612,Oberottmarshausen,86507,08231
8613,Oberpframmern,85667,08106
8614,Oberpierscheid,54649,06554
8615,Oberpleichfeld,97241,09384
8616,Oberpöring,94562,09937
8617,Oberraden,56587,02634
8618,Ober-Ramstadt,64372,06154
8619,Oberreichenbach,75394,07084
8620,Oberreichenbach,91097,09104
8621,Oberreidenbach,55758,06785
8622,Oberreute,88179,08387
8623,Oberried,79254,07602
8624,Oberrieden,87769,08265
8625,Oberriexingen,71739,07042
8626,Oberrod,56479,02664
8627,Oberroßbach,56479,02664
8628,Oberrot,74420,07977
8629,Oberroth,89294,08333
8630,Oberscheidweiler,54533,06572
8631,Oberscheinfeld,91483,09556
8632,Oberschleißheim,85764,089
8633,Oberschlettenbach,76889,06349
8634,Oberschneiding,94363,09933
8635,Oberschöna,9600,Error
8636,Oberschönegg,87770,08333
8637,Oberschwarzach,97516,09553
8638,Oberschweinbach,82294,08145
8639,Obersimten,66957,06331
8640,Obersinn,97791,06665
8641,Obersöchering,82395,08847
8642,Obersontheim,74423,07973
8643,Oberstadion,89613,07393
8644,Oberstadt,98530,036844
8645,Oberstadtfeld,54570,06591
8646,Oberstaufen,87534,08386
8647,Oberstaufenbach,66879,06371
8648,Oberstdorf,87561,08322
8649,Oberstedem,54634,06561
8650,Obersteinebach,56593,02687
8651,Oberstenfeld,71720,07062
8652,Oberstreit,55596,06758
8653,Oberstreu,97640,09773
8654,Obersulm,74182,07130
8655,Obersülzen,67271,06359
8656,Obersüßbach,84101,08708
8657,Obertaufkirchen,84419,08086
8658,Oberteuringen,88094,07546
8659,Oberthal,66649,06854
8660,Oberthulba,97723,09736
8661,Obertiefenbach,56357,06772
8662,Obertraubling,93083,09453
8663,Obertrebra,99510,03644
8664,Obertrubach,91286,09245
8665,Obertshausen,63179,06104
8666,Oberuckersee,17291,03984
8667,Oberursel,61440,06171
8668,Oberviechtach,92526,09671
8669,Oberwallmenach,56357,06772
8670,Oberwambach,57614,02684
8671,Oberweid,98634,036941
8672,Oberweiler,54636,06561
8673,Oberweiler im Tal,67756,06304
8674,Oberweiler-Tiefenbach,67752,06304
8675,Oberweis,54636,06561
8676,Oberwesel,55430,06744
8677,Oberwiera,8396,Error
8678,Oberwies,56379,02604
8679,Oberwiesen,67294,06352
8680,Oberwiesenthal,9484,Error
8681,Oberwolfach,77709,07836
8682,Oberwörresbach,55758,06785
8683,Oberzent,64760,06068
8684,Oberzissen,56651,02636
8685,Obhausen,6268,Error
8686,Obing,83119,08624
8687,Obrigheim,74847,06262
8688,Obrigheim (Pfalz),67283,06359
8689,Ochsenfurt,97199,09331
8690,Ochsenhausen,88416,07358
8691,Ochtendung,56299,02625
8692,Ochtersum,26489,04971
8693,Ochtrup,48607,02553
8694,Ockenfels,53545,02644
8695,Ockenheim,55437,06725
8696,Ockfen,54441,06581
8697,Ockholm,25842,04674
8698,Odderade,25785,04804
8699,Odelzhausen,85235,08134
8700,Odenbach,67748,06753
8701,Odenthal,51519,02202
8702,Oderaue,16259,033368
8703,Oderberg,16248,033369
8704,Odernheim am Glan,55571,06755
8705,Oderwitz,2791,Error
8706,Odisheim,21775,04755
8707,Oebisfelde-Weferlingen,39343,039202
8708,Oebisfelde-Weferlingen,39356,039055
8709,Oebisfelde-Weferlingen,39359,039057
8710,Oebisfelde-Weferlingen,39646,039006
8711,Oechsen,36404,036963
8712,Oederan,9569,09638
8713,Oederquart,21734,04779
8714,Oedheim,74229,07139
8715,Oelde,59302,02522
8716,Oelixdorf,25524,04821
8717,Oelsberg,56357,06772
8718,Oelsnitz/Erzgeb.,9376,Error
8719,Oelsnitz/Vogtland,8606,Error
8720,Oerel,27432,04767
8721,Oer-Erkenschwick,45739,02368
8722,Oering,23845,04535
8723,Oerlenbach,97714,09725
8724,Oerlinghausen,33813,05202
8725,Oersberg,24407,04642
8726,Oersdorf,24568,04191
8727,Oeschebüttel,25548,04822
8728,Oesterdeichstrich,25761,04834
8729,Oesterwurth,25764,04833
8730,Oestrich-Winkel,65375,06723
8731,Oettern,99438,036458
8732,Oettersdorf,7907,Error
8733,Oettingen i.Bay.,86732,09082
8734,Oetzen,29588,05805
8735,Oevenum,25938,04681
8736,Oeversee,24988,04602
8737,Offenau,74254,07136
8738,Offenbach am Main,63065,069
8739,Offenbach am Main,63067,069
8740,Offenbach am Main,63069,069
8741,Offenbach am Main,63071,069
8742,Offenbach am Main,63073,069
8743,Offenbach am Main,63075,069
8744,Offenbach an der Queich,76877,06348
8745,Offenbach-Hundheim,67749,06382
8746,Offenberg,94560,09962
8747,Offenburg,77652,0781
8748,Offenburg,77654,0781
8749,Offenburg,77656,0781
8750,Offenbüttel,25767,04835
8751,Offenhausen,91238,09158
8752,Offenheim,55234,06737
8753,Offingen,89362,08224
8754,Offstein,67591,06243
8755,Ofterdingen,72131,07473
8756,Ofterschwang,87527,08321
8757,Oftersheim,68723,06202
8758,Oggelshausen,88422,07582
8759,Ohlenhard,53520,02695
8760,Ohlsbach,77797,07803
8761,Ohlstadt,82441,08841
8762,Ohlweiler,55469,06761
8763,Ohmbach,66903,06386
8764,Ohmden,73275,07023
8765,Ohne,48465,05923
8766,Öhningen,78337,07735
8767,Ohorn,1896,Error
8768,Ohrdruf,99885,03624
8769,Ohrenbach,91620,09865
8770,Öhringen,74613,07941
8771,Ohrum,38312,05334
8772,Olbernhau,9526,Error
8773,Olbersdorf,2785,Error
8774,Ölbronn-Dürrn,75248,07237
8775,Olching,82140,08142
8776,Oldenborstel,25560,04825
8777,Oldenburg,26121,0441
8778,Oldenburg,26122,0441
8779,Oldenburg,26123,0441
8780,Oldenburg,26125,0441
8781,Oldenburg,26127,0441
8782,Oldenburg,26129,0441
8783,Oldenburg,26131,0441
8784,Oldenburg,26133,0441
8785,Oldenburg,26135,0441
8786,Oldenburg in Holstein,23758,04361
8787,Oldenbüttel,25557,04872
8788,Oldendorf,21726,04144
8789,Oldendorf,25588,04821
8790,Oldendorf (Luhe),21385,04132
8791,Oldenhütten,24793,04875
8792,Oldenswort,25870,04861
8793,Oldersbek,25873,04848
8794,Olderup,25860,04846
8795,Oldsum,25938,04681
8796,Olfen,59399,02595
8797,Ollendorf,99198,0361
8798,Öllingen,89129,07345
8799,Ollmuth,54316,06588
8800,Olmscheid,54689,06550
8801,Olpe,57462,02761
8802,Olsberg,59939,02962
8803,Olsbrücken,67737,06308
8804,Olsdorf,54646,06527
8805,Ölsen,57612,02681
8806,Olzheim,54597,06556
8807,Onsdorf,54456,06501
8808,Opfenbach,88145,08385
8809,Öpfingen,89614,07391
8810,Oppach,2736,04269
8811,Oppenau,77728,07804
8812,Oppenheim,55276,06133
8813,Oppenweiler,71560,07193
8814,Oppenweiler,71570,07191
8815,Oppershausen,99986,03601
8816,Oppertshausen,55469,06761
8817,Oppurg,7381,Error
8818,Oranienbaum-Wörlitz,6785,Error
8819,Oranienburg,16515,03301
8820,Orbis,67294,06352
8821,Orenhofen,54298,06506
8822,Orfgen,57632,02685
8823,Orlamünde,7768,Error
8824,Orlenbach,54595,06551
8825,Ormont,54597,06556
8826,Ornbau,91737,09826
8827,Orsfeld,54655,06563
8828,Orsingen-Nenzingen,78359,07771
8829,Ortenberg,63683,06046
8830,Ortenberg,77799,0781
8831,Ortenburg,94496,08542
8832,Ortrand,1990,Error
8833,Osann-Monzel,54518,06535
8834,Osburg,54317,06500
8835,Oschatz,4758,02824
8836,Oschersleben,39387,039408
8837,Osdorf,24251,04346
8838,Osloß,38557,05362
8839,Osnabrück,49074,0541
8840,Osnabrück,49076,0541
8841,Osnabrück,49078,0541
8842,Osnabrück,49080,0541
8843,Osnabrück,49082,0541
8844,Osnabrück,49084,0541
8845,Osnabrück,49086,0541
8846,Osnabrück,49088,0541
8847,Osnabrück,49090,0541
8848,Oßling - Wóslink,1920,038874
8849,Ostbevern,48346,05484
8850,Osteel,26529,04934
8851,Ostelsheim,75395,07033
8852,Osten,21756,04776
8853,Ostenfeld,24790,04331
8854,Ostenfeld (Husum),25872,04845
8855,Osterberg,89296,08333
8856,Osterbruch,21762,04751
8857,Osterburg (Altmark),39606,039328
8858,Osterburken,74706,06295
8859,Osterby,24367,04353
8860,Osterby,24994,04605
8861,Ostercappeln,49179,05473
8862,Ostereistedt,27404,04281
8863,Osterfeld,6721,Error
8864,Osterheide,29664,05161
8865,Osterheide,29683,05161
8866,Osterhever,25836,04862
8867,Osterhofen,94486,08547
8868,Osterholz-Scharmbeck,27711,04791
8869,Osterhorn,25364,04127
8870,Osternienburger Land,6386,06029
8871,Osterode am Harz,37520,05522
8872,Oster-Ohrstedt,25885,04847
8873,Osterrade,25767,04835
8874,Osterrönfeld,24783,04331
8875,Osterspai,56340,06776
8876,Osterstedt,25590,04874
8877,Osterwald,49828,05946
8878,Osterwieck,38835,039421
8879,Osterwieck,38836,039422
8880,Osterzell,87662,08345
8881,Ostfildern,73760,0711
8882,Osthausen-Wülfershausen,99310,03628
8883,Ostheim v.d.Rhön,97645,09777
8884,Osthofen,67574,06242
8885,Ostrach,88356,07585
8886,Ostramondra,99636,036378
8887,Ostrhauderfehn,26842,04952
8888,Östringen,76684,07259
8889,Ostritz,2899,Error
8890,Ostrohe,25746,0481
8891,Oststeinbek,22113,040
8892,Ötigheim,76470,07222
8893,Ötisheim,75443,07041
8894,Ottenbach,73113,07165
8895,Ottenbach,73529,07171
8896,Ottenbüttel,25591,04893
8897,Ottendorf,24107,0431
8898,Ottendorf,7646,07245
8899,Ottendorf-Okrilla,1458,Error
8900,Ottenhofen,85570,08121
8901,Ottenhöfen im Schwarzwald,77883,07842
8902,Ottensoos,91242,09123
8903,Ottenstein,31868,05286
8904,Otter,21259,04188
8905,Otterbach,67731,06301
8906,Otterberg,67697,06301
8907,Otterfing,83624,08024
8908,Otterndorf,21762,04751
8909,Ottersberg,28870,04297
8910,Ottersheim,67308,06355
8911,Ottersheim bei Landau,76879,06347
8912,Otterstadt,67166,06232
8913,Ottersweier,77833,07223
8914,Otterwisch,4668,Error
8915,Otting,86700,09092
8916,Ottobeuren,87724,08332
8917,Ottobrunn,85521,089
8918,Ottrau,34633,06639
8919,Ottweiler,66564,06858
8920,Otzberg,64853,06162
8921,Otzing,94563,09933
8922,Ötzingen,56244,02666
8923,Otzweiler,55606,06752
8924,Ovelgönne,26939,04483
8925,Overath,51491,02206
8926,Owen,73277,07021
8927,Owingen,88696,07557
8928,Owschlag,24811,04336
8929,Owschlag,24848,04624
8930,Oybin,2797,Error
8931,Oy-Mittelberg,87466,08361
8932,Oyten,28876,04293
8933,Padenstedt,24634,04321
8934,Paderborn,33098,05251
8935,Paderborn,33100,05251
8936,Paderborn,33102,05251
8937,Paderborn,33104,05251
8938,Paderborn,33106,05251
8939,Paderborn,33154,05258
8940,Paderborn,33161,05251
8941,Pähl,82396,08808
8942,Pahlen,25794,04803
8943,Painten,93351,09499
8944,Paitzdorf,7580,Error
8945,Palling,83349,08629
8946,Palzem,54439,06581
8947,Pampow,19075,03865
8948,Panker,24321,04381
8949,Panketal,16341,030
8950,Panschwitz-Kuckau - Pančicy-Kukow,1920,038874
8951,Pantelitz,18442,038327
8952,Panten,23896,04543
8953,Pantenburg,54531,06572
8954,Panzweiler,56865,06545
8955,Papenburg,26871,04961
8956,Papendorf,18059,0381
8957,Papendorf,17309,03973
8958,Papenhagen,18510,038327
8959,Pappenheim,91788,09143
8960,Parchim,19370,03871
8961,Parchim,19374,038728
8962,Parchtitz,18528,03838
8963,Parkstein,92711,09644
8964,Parkstetten,94365,09421
8965,Parsau,38470,05368
8966,Parsberg,92331,09492
8967,Parsteinsee,16248,033369
8968,Partenheim,55288,06734
8969,Partenstein,97846,09355
8970,Parthenstein,4668,Error
8971,Paschel,54314,06587
8972,Pasewalk,17309,03973
8973,Paska,7381,Error
8974,Passade,24253,04348
8975,Passau,94032,0851
8976,Passau,94034,0851
8977,Passau,94036,0851
8978,Passee,23992,038422
8979,Passow,19386,038731
8980,Pastetten,85669,08124
8981,Patersberg,56348,06774
8982,Patersdorf,94265,09929
8983,Pätow-Steegen,19230,038852
8984,Pattensen,30982,05101
8985,Patzig,18528,03838
8986,Paulinenaue,14641,03321
8987,Paunzhausen,85307,08166
8988,Pausa-Mühltroff,7919,07661
8989,Pausa-Mühltroff,7952,Error
8990,Pausa-Mühltroff,8539,08168
8991,Päwesin,14778,03381
8992,Pechbrunn,95701,09231
8993,Peenehagen,17192,03991
8994,Peenehagen,17194,039926
8995,Peenemünde,17449,038371
8996,Peffingen,54668,06523
8997,Pegau,4523,0201
8998,Pegestorf,37619,05533
8999,Pegnitz,91257,09246
9000,Peine,31224,05171
9001,Peine,31226,05171
9002,Peine,31228,05171
9003,Peissen,25551,04826
9004,Peißenberg,82380,08803
9005,Peiting,86971,08869
9006,Peitz,3185,05154
9007,Pellingen,54331,06588
9008,Pellworm,25845,04842
9009,Pellworm,25849,04844
9010,Pelm,54570,06591
9011,Pemfling,93482,09466
9012,Penig,9322,Error
9013,Penkow,17213,039932
9014,Penkun,17328,039751
9015,Pennigsehl,31621,05028
9016,Pentling,93080,0941
9017,Penzberg,82377,08856
9018,Penzin,18249,038464
9019,Penzing,86929,08191
9020,Penzlin,17217,03962
9021,Penzlin,17219,039928
9022,Perach,84567,08670
9023,Perasdorf,94366,09962
9024,Perkam,94368,09429
9025,Perl,66706,06867
9026,Perleberg,19348,038785
9027,Perlesreut,94157,08555
9028,Perlin,19209,038874
9029,Perscheid,55430,06744
9030,Pessin,14641,03321
9031,Petersaurach,91580,09802
9032,Petersberg,36100,0661
9033,Petersberg,66989,06333
9034,Petersberg,6193,Error
9035,Petersberg,7616,Error
9036,Petersdorf,86574,08237
9037,Petershagen,32469,05702
9038,Petershagen/Eggersdorf,15345,03341
9039,Petershagen/Eggersdorf,15370,033439
9040,Petershausen,85238,08137
9041,Peterslahr,57632,02685
9042,Peterswald-Löffelscheid,56858,Error
9043,Pettendorf,93186,09404
9044,Petting,83367,08686
9045,Pettstadt,96175,09502
9046,Peuschen,7389,Error
9047,Pfaffenhausen,87772,08265
9048,Pfaffenhofen,74397,07046
9049,Pfaffenhofen an der Glonn,85235,08134
9050,Pfaffenhofen an der Ilm,85276,08441
9051,Pfaffenhofen an der Roth,89284,07302
9052,Pfaffen-Schwabenheim,55546,0671
9053,Pfaffenweiler,79292,07664
9054,Pfaffing,83539,08071
9055,Pfaffschwende,37308,036082
9056,Pfakofen,93101,09451
9057,Pfalzfeld,56291,06746
9058,Pfalzgrafenweiler,72285,07445
9059,Pfarrkirchen,84347,08561
9060,Pfarrweisach,96176,09535
9061,Pfatter,93102,09481
9062,Pfedelbach,74629,07941
9063,Pfeffelbach,66871,06384
9064,Pfeffenhausen,84076,08782
9065,Pferdingsleben,99869,036202
9066,Pfinztal,76327,0721
9067,Pfofeld,91738,09834
9068,Pförring,85104,08403
9069,Pforzen,87666,08346
9070,Pforzheim,75172,07231
9071,Pforzheim,75173,07231
9072,Pforzheim,75175,07231
9073,Pforzheim,75177,07231
9074,Pforzheim,75179,07231
9075,Pforzheim,75180,07231
9076,Pforzheim,75181,07231
9077,Pfreimd,92536,09606
9078,Pfronstetten,72539,07388
9079,Pfronten,87459,08363
9080,Pfullendorf,88630,07552
9081,Pfullingen,72793,07121
9082,Pfungstadt,64319,06157
9083,Philippsburg,76661,07256
9084,Philippsheim,54662,06562
9085,Philippsreut,94158,08557
9086,Philippsthal (Werra),36269,06674
9087,Picher,19230,038852
9088,Pickließem,54647,06565
9089,Piding,83451,08654
9090,Pielenhofen,93188,09409
9091,Piesport,54498,06507
9092,Pillig,56753,02654
9093,Pilsach,92367,09186
9094,Pilsting,94431,09953
9095,Pingelshagen,19069,03867
9096,Pinneberg,25421,04101
9097,Pinnow,19065,0385
9098,Pinnow,16278,033337
9099,Pintesfeld,54649,06554
9100,Pinzberg,91361,09199
9101,Pirk,92712,09607
9102,Pirmasens,66953,06331
9103,Pirmasens,66954,06331
9104,Pirmasens,66955,06331
9105,Pirna,1796,Error
9106,Pirow,19348,038785
9107,Pittenbach,54595,06551
9108,Pittenhart,83132,08624
9109,Plaaz,18276,03843
9110,Plaidt,56637,02625
9111,Planebruch,14822,033841
9112,Planegg,82152,089
9113,Planetal,14806,033841
9114,Plankenfels,95515,09204
9115,Plankstadt,68723,06202
9116,Plascheid,54673,06564
9117,Plate,19086,03861
9118,Platten,54518,06535
9119,Plattenburg,19339,038787
9120,Plattling,94447,0991
9121,Plau am See,19395,038735
9122,Plaue,99338,036207
9123,Plauen,8523,08137
9124,Plauen,8525,08136
9125,Plauen,8527,08441
9126,Plauen,8529,08452
9127,Plauen,8541,08764
9128,Plauen,8547,Error
9129,Plech,91287,09244
9130,Pleckhausen,56593,02687
9131,Pleidelsheim,74385,07144
9132,Plein,54518,06535
9133,Pleinfeld,91785,09144
9134,Pleiskirchen,84568,08635
9135,Pleisweiler-Oberhofen,76889,06349
9136,Pleitersheim,55576,06701
9137,Pleizenhausen,55469,06761
9138,Pleß,87773,08335
9139,Plessa,4928,Error
9140,Plettenberg,58840,02391
9141,Pleystein,92714,09654
9142,Pliening,85652,08121
9143,Pliezhausen,72124,07127
9144,Plochingen,73207,07153
9145,Plön,24306,04522
9146,Plößberg,95703,09636
9147,Plothen,7907,Error
9148,Plötzkau,6425,Error
9149,Plöwen,17321,039754
9150,Plüderhausen,73642,07182
9151,Plüderhausen,73655,07181
9152,Plütscheid,54597,06556
9153,Pluwig,54316,06588
9154,Pockau-Lengefeld,9509,Error
9155,Pockau-Lengefeld,9514,09286
9156,Pocking,94060,08531
9157,Pöcking,82343,08157
9158,Podelzig,15326,033604
9159,Pogeez,23911,04541
9160,Poggensee,23896,04543
9161,Pohl,56357,06772
9162,Pöhl,8543,08122
9163,Pohle,31867,05043
9164,Pohlheim,35415,06404
9165,Pohnsdorf,24211,04342
9166,Poing,85586,08121
9167,Pokrent,19205,03886
9168,Polch,56751,02654
9169,Pölchow,18059,0381
9170,Pölich,54340,06507
9171,Pölitz,23847,04534
9172,Polle,37647,05535
9173,Pollenfeld,85131,08421
9174,Pollhagen,31718,05721
9175,Polling,82398,08802
9176,Polling,84570,08631
9177,Polsingen,91805,09093
9178,Pölzig,7554,Error
9179,Polzow,17309,03973
9180,Pommelsbrunn,91224,09154
9181,Pommerby,24395,04643
9182,Pommern,56829,02672
9183,Pommersfelden,96178,09548
9184,Pomster,53534,02691
9185,Ponitz,4639,02871
9186,Poppenbüll,25836,04862
9187,Poppendorf,18184,038204
9188,Poppenhausen,97490,09725
9189,Poppenhausen (Wasserkuppe),36163,06658
9190,Poppenricht,92284,09621
9191,Pörmitz,7907,Error
9192,Pörnbach,85309,08446
9193,Porta Westfalica,32457,0571
9194,Pöschendorf,25560,04825
9195,Poseritz,18574,038306
9196,Pösing,93483,09461
9197,Pößneck,7381,Error
9198,Postau,84103,08774
9199,Postbauer-Heng,92353,09188
9200,Posterstein,4626,Error
9201,Postfeld,24211,04342
9202,Postlow,17391,039721
9203,Postmünster,84389,08561
9204,Potsdam,14467,0331
9205,Potsdam,14469,0331
9206,Potsdam,14471,0331
9207,Potsdam,14473,0331
9208,Potsdam,14476,0331
9209,Potsdam,14478,0331
9210,Potsdam,14480,0331
9211,Potsdam,14482,0331
9212,Pottenstein,91278,Error
9213,Pöttmes,86554,08253
9214,Pottum,56459,02663
9215,Poxdorf,91099,09133
9216,Poxdorf,7616,Error
9217,Poyenberg,25581,04877
9218,Pracht,57589,02682
9219,Prackenbach,94267,09942
9220,Pragsdorf,17094,039603
9221,Prasdorf,24253,04348
9222,Prath,56346,06771
9223,Prebberede,17168,039977
9224,Prebitz,95473,09270
9225,Preetz,24211,04342
9226,Preetz,18445,038323
9227,Preischeid,54689,06550
9228,Preist,54664,06562
9229,Prem,86984,08862
9230,Premnitz,14727,03386
9231,Prenzlau,17291,03984
9232,Prerow,18375,038233
9233,Pressath,92690,09644
9234,Presseck,95355,09262
9235,Pressig,96332,09265
9236,Pretzfeld,91362,09194
9237,Preußisch Oldendorf,32361,05422
9238,Prezelle,29491,05848
9239,Priborn,17209,Error
9240,Prichsenstadt,97357,09383
9241,Prien am Chiemsee,83209,08051
9242,Priepert,17255,039832
9243,Priesendorf,96170,09549
9244,Priestewitz,1561,Error
9245,Prinzenmoor,24805,04332
9246,Prinzhöfte,27243,04244
9247,Pripsleben,17091,039602
9248,Prisdorf,25497,04101
9249,Prislich,19300,038792
9250,Prittriching,86931,08206
9251,Pritzier,19230,038852
9252,Pritzwalk,16928,03395
9253,Probsteierhagen,24253,04348
9254,Probstzella,7330,Error
9255,Prohn,18445,038323
9256,Pronsfeld,54597,06556
9257,Pronstorf,23820,04556
9258,Prosselsheim,97279,09386
9259,Prötzel,15345,03341
9260,Pruchten,18356,038231
9261,Prüm,54595,06551
9262,Prümzurlay,54668,06523
9263,Prutting,83134,08036
9264,Püchersreuth,92715,09681
9265,Puchheim,82178,089
9266,Pudagla,17429,038379
9267,Puderbach,56305,02684
9268,Pulheim,50259,02238
9269,Pullach im Isartal,82049,089
9270,Pullenreuth,95704,09234
9271,Puls,25560,04825
9272,Pulsnitz,1896,Error
9273,Pünderich,56862,06542
9274,Pürgen,86932,08196
9275,Puschendorf,90617,09101
9276,Puschwitz - Bóšicy,2699,Error
9277,Putbus,18581,038301
9278,Putgarten,18556,038391
9279,Putlitz,16949,033981
9280,Püttlingen,66346,06898
9281,Putzbrunn,85640,089
9282,Pyrbaum,90602,09180
9283,Quakenbrück,49610,05431
9284,Quarnbek,24107,0431
9285,Quarnstedt,25563,04822
9286,Quaschwitz,7389,Error
9287,Quedlinburg,6484,06071
9288,Quedlinburg,6485,06071
9289,Queidersbach,66851,06307
9290,Quendorf,48465,05923
9291,Querenhorst,38368,05357
9292,Querfurt,6268,Error
9293,Quernheim,49448,05443
9294,Quickborn,25451,04106
9295,Quickborn,25712,04825
9296,Quiddelbach,53518,02691
9297,Quierschied,66287,06897
9298,Quirnbach,56242,02626
9299,Quirnbach/Pfalz,66909,06384
9300,Quirnheim,67280,06359
9301,Quitzdorf am See - Kwětanecy,2906,Error
9302,Raa-Besenbek,25335,04121
9303,Rabel,24376,04642
9304,Rabenau,35466,06407
9305,Rabenau,1734,03966
9306,Rabenholz,24395,04643
9307,Rabenkirchen-Faulück,24407,04642
9308,Raben Steinfeld,19065,0385
9309,Rabenstein/Fläming,14823,033843
9310,Räbke,38375,05355
9311,Räckelwitz - Worklecy,1920,038874
9312,Racksen,57612,02681
9313,Rackwitz,4519,Error
9314,Radbruch,21449,04178
9315,Raddestorf,31604,05765
9316,Rade,25579,04877
9317,Rade,24790,04331
9318,Rade,24794,04331
9319,Radeberg,1454,033206
9320,Radebeul,1445,Error
9321,Rade b. Hohenwestedt,24594,04871
9322,Radeburg,1471,033872
9323,Radevormwald,42477,02195
9324,Radibor - Radwor,2627,Error
9325,Radolfzell am Bodensee,78315,07732
9326,Raesfeld,46348,02866
9327,Ragow-Merz,15848,03366
9328,Raguhn-Jeßnitz,6779,Error
9329,Raguhn-Jeßnitz,6800,Error
9330,Rahden,32369,05771
9331,Rain,94369,09429
9332,Rain,86641,09090
9333,Rainau,73492,07361
9334,Raisting,82399,08807
9335,Raitenbuch,91790,09147
9336,Ralbitz-Rosenthal - Ralbicy-Róžant,1920,038874
9337,Ralingen,54310,06585
9338,Ralswiek,18528,03838
9339,Ramberg,76829,06341
9340,Ramberg,76857,06345
9341,Rambin,18573,038306
9342,Ramerberg,83561,08039
9343,Ramhusen,25715,04855
9344,Ramin,17321,039754
9345,Rammelsbach,66887,06381
9346,Rammenau,1877,Error
9347,Rammingen,89192,07345
9348,Rammingen,86871,08245
9349,Ramsau bei Berchtesgaden,83486,08657
9350,Ramsen,67305,06356
9351,Ramstedt,25876,04884
9352,Ramstein-Miesenbach,66877,06371
9353,Ramsthal,97729,09704
9354,Randersacker,97236,09303
9355,Randowtal,17291,03984
9356,Rangendingen,72414,07478
9357,Rangsdorf,15834,033708
9358,Ranis,7389,Error
9359,Rankwitz,17406,038372
9360,Rannungen,97517,09738
9361,Ransbach-Baumbach,56235,02624
9362,Ranschbach,76829,06341
9363,Ranstadt,63691,06041
9364,Ransweiler,67808,06357
9365,Rantrum,25873,04848
9366,Rantzau,24321,04381
9367,Rantzau,24329,Error
9368,Rappin,18528,03838
9369,Raschau-Markersbach,8352,08072
9370,Rascheid,54413,06503
9371,Rasdorf,36169,06651
9372,Rastatt,76437,07222
9373,Rastdorf,26901,05954
9374,Rastede,26180,04402
9375,Rastenberg,99636,036378
9376,Rastorf,24211,04342
9377,Rastow,19077,038753
9378,Ratekau,23611,0451
9379,Ratekau,23626,04504
9380,Ratekau,23669,04503
9381,Ratekau,23689,04504
9382,Rathen,1824,038462
9383,Rathenow,14712,03385
9384,Rathjensdorf,24306,04522
9385,Rathmannsdorf,1814,0381
9386,Rathskirchen,67744,06382
9387,Rathsweiler,66887,06381
9388,Ratingen,40472,0211
9389,Ratingen,40878,02102
9390,Ratingen,40880,02102
9391,Ratingen,40882,02102
9392,Ratingen,40883,02102
9393,Ratingen,40885,02102
9394,Ratshausen,72365,Error
9395,Rattelsdorf,96179,09533
9396,Rattelsdorf,7646,07245
9397,Rattenberg,94371,09963
9398,Rattenkirchen,84431,08636
9399,Rattiszell,94372,09964
9400,Ratzeburg,23909,04541
9401,Ratzert,57614,02684
9402,Rätzlingen,29590,05804
9403,Raubach,56316,02684
9404,Raubling,83064,08035
9405,Rauda,7613,Error
9406,Rauen,15518,033635
9407,Rauenberg,69231,07253
9408,Rauhenebrach,96181,09554
9409,Raumbach,55592,06753
9410,Raunheim,65479,06107
9411,Rauschenberg,35282,06425
9412,Rauschwitz,7616,Error
9413,Rausdorf,22929,04534
9414,Rausdorf,7646,07245
9415,Ravengiersburg,55471,06761
9416,Ravensburg,88212,0751
9417,Ravensburg,88213,0751
9418,Ravensburg,88214,0751
9419,Ravenstein,74747,06297
9420,Raversbeuren,56850,06541
9421,Rayerschied,55469,06761
9422,Rech,53506,02643
9423,Rechberghausen,73098,07161
9424,Rechenberg-Bienenmühle,9623,09573
9425,Rechlin,17248,039823
9426,Rechtenbach,97848,09352
9427,Rechtenstein,89611,07375
9428,Rechtmehring,83562,08072
9429,Rechtsupweg,26529,04934
9430,Recke,49509,05453
9431,Reckendorf,96182,09544
9432,Reckenroth,56370,06486
9433,Reckershausen,55481,06763
9434,Recklinghausen,45657,02361
9435,Recklinghausen,45659,02361
9436,Recklinghausen,45661,02361
9437,Recklinghausen,45663,02361
9438,Recklinghausen,45665,02361
9439,Reddelich,18209,038203
9440,Redefin,19230,038852
9441,Rednitzhembach,91126,09122
9442,Redwitz a.d.Rodach,96257,09264
9443,Rees,46459,02851
9444,Reesdorf,24241,04347
9445,Reeßum,27367,04205
9446,Regen,94209,09921
9447,Regensburg,93047,0941
9448,Regensburg,93049,0941
9449,Regensburg,93051,0941
9450,Regensburg,93053,0941
9451,Regensburg,93055,0941
9452,Regensburg,93057,0941
9453,Regensburg,93059,0941
9454,Regenstauf,93128,09402
9455,Regesbostel,21649,04165
9456,Regis-Breitingen,4565,02361
9457,Regnitzlosau,95194,09283
9458,Rehau,95111,09283
9459,Rehbach,55566,06751
9460,Rehborn,55592,06753
9461,Rehburg-Loccum,31547,05037
9462,Rehden,49453,05444
9463,Rehe,56479,02664
9464,Reher,25593,04876
9465,Rehfelde,15345,03341
9466,Rehhorst,23619,0451
9467,Rehling,86508,08237
9468,Rehlingen,21385,04132
9469,Rehlingen-Siersburg,66780,06869
9470,Rehm-Flehde-Bargen,25776,04837
9471,Rehna,19217,038872
9472,Rehweiler,66907,06383
9473,Reich,55471,06761
9474,Reichartshausen,74934,06262
9475,Reichelsheim,61203,06035
9476,Reichelsheim (Odenwald),64385,06164
9477,Reichenau,78479,07534
9478,Reichenbach,93189,09464
9479,Reichenbach,96358,09268
9480,Reichenbach,55776,06783
9481,Reichenbach,7629,07244
9482,Reichenbach,8468,Error
9483,Reichenbach,8499,Error
9484,Reichenbach am Heuberg,78564,07426
9485,Reichenbach an der Fils,73262,07153
9486,Reichenbach/Oberlausitz,2894,Error
9487,Reichenbach-Steegen,66879,06371
9488,Reichenberg,97234,09334
9489,Reichenberg,56357,06772
9490,Reichenow-Möglin,15345,03341
9491,Reichenschwand,91244,09151
9492,Reichenwalde,15526,033631
9493,Reichersbeuern,83677,08041
9494,Reichertshausen,85293,08137
9495,Reichertsheim,84437,08073
9496,Reichertshofen,85084,08453
9497,Reichling,86934,08194
9498,Reichshof,51580,02296
9499,Reichstädt,7580,Error
9500,Reichsthal,67759,06364
9501,Reichweiler,66871,06384
9502,Reidenhausen,56865,06545
9503,Reifenberg,66507,06375
9504,Reiferscheid,57632,02685
9505,Reiff,54619,06559
9506,Reiffelbach,67829,06753
9507,Reifferscheid,53520,02695
9508,Reil,56861,06542
9509,Reilingen,68799,06205
9510,Reimerath,53539,02692
9511,Reimershagen,18276,03843
9512,Reimlingen,86756,09081
9513,Reinbek,21465,040
9514,Reinbek,21521,Error
9515,Reinfeld,23858,04533
9516,Reinhardshagen,34359,05544
9517,Reinhardtsdorf-Schöna,1814,0381
9518,Reinheim,64354,06162
9519,Reinholterode,37308,036082
9520,Reinsberg,9629,Error
9521,Reinsberg,9634,09262
9522,Reinsbüttel,25764,Error
9523,Reinsdorf,8141,Error
9524,Reinsdorf,6556,Error
9525,Reinsfeld,54421,06586
9526,Reinstädt,7768,Error
9527,Reinstorf,21400,05859
9528,Reipeldingen,54689,06550
9529,Reipoltskirchen,67753,06304
9530,Reisbach,94419,08734
9531,Reischach,84571,08670
9532,Reiskirchen,35447,06408
9533,Reit im Winkl,83242,08640
9534,Reitwein,15328,033472
9535,Reitzenhain,56357,06772
9536,Reken,48734,02864
9537,Rellingen,25462,04101
9538,Relsberg,67753,06304
9539,Remagen,53424,02642
9540,Remchingen,75196,07232
9541,Remlingen,97280,09369
9542,Remlingen-Semmenstedt,38319,05337
9543,Remlingen-Semmenstedt,38327,05336
9544,Remmels,24594,04871
9545,Remptendorf,7368,Error
9546,Remscheid,42853,02191
9547,Remscheid,42855,02191
9548,Remscheid,42857,0202
9549,Remscheid,42859,02191
9550,Remscheid,42897,02191
9551,Remscheid,42899,02191
9552,Remse,8373,08025
9553,Remseck am Neckar,71686,07146
9554,Remshalden,73630,07151
9555,Renchen,77871,07843
9556,Rendsburg,24768,04331
9557,Rendswühren,24619,04323
9558,Rengsdorf,56579,02634
9559,Renkenberge,49762,05933
9560,Rennau,38368,05357
9561,Rennerod,56477,02664
9562,Rennertshofen,86643,09094
9563,Renningen,71272,07159
9564,Renquishausen,78603,07429
9565,Renthendorf,7646,07245
9566,Rentweinsdorf,96184,09531
9567,Reppenstedt,21391,04131
9568,Rerik,18230,038296
9569,Rethem (Aller),27336,05165
9570,Rethwisch,25566,04828
9571,Rethwisch,23847,04534
9572,Retschow,18211,038203
9573,Rettenbach,93191,09462
9574,Rettenbach,89364,08224
9575,Rettenbach a.Auerberg,87675,08349
9576,Rettenberg,87549,08327
9577,Retterath,56769,02657
9578,Rettersen,57635,02686
9579,Rettershain,56357,Error
9580,Rettert,56370,06486
9581,Retzow,14641,03321
9582,Retzstadt,97282,09364
9583,Reudelsterz,56727,02651
9584,Reurieth,98646,03685
9585,Reußenköge,25821,04671
9586,Reut,84367,08572
9587,Reute,79276,07641
9588,Reuth,54597,06556
9589,Reuth b.Erbendorf,92717,09682
9590,Reutlingen,72760,07121
9591,Reutlingen,72762,07121
9592,Reutlingen,72764,07121
9593,Reutlingen,72766,07121
9594,Reutlingen,72768,07121
9595,Reutlingen,72770,07121
9596,Rhade,27404,04281
9597,Rhauderfehn,26817,04955
9598,Rhaunen,55624,06544
9599,Rheda-Wiedenbrück,33378,05242
9600,Rhede,46414,02872
9601,Rhede (Ems),26899,04964
9602,Rheinau,77866,07844
9603,Rheinbach,53359,02226
9604,Rheinberg,47495,02843
9605,Rheinböllen,55494,06764
9606,Rheinbreitbach,53619,02224
9607,Rheinbrohl,56598,02635
9608,Rheine,48429,05971
9609,Rheine,48431,05971
9610,Rheine,48432,05971
9611,Rheinfelden (Baden),79618,07623
9612,Rheinhausen,79365,07643
9613,Rheinmünster,77836,07227
9614,Rheinsberg,16818,033920
9615,Rheinsberg,16831,033931
9616,Rheinsberg,16835,033083
9617,Rheinsberg,16837,033923
9618,Rheinstetten,76287,07242
9619,Rheinzabern,76764,07272
9620,Rhens,56321,02628
9621,Rhens,56323,02628
9622,Rheurdt,47509,02833
9623,Rhinow,14728,033875
9624,Rhodt unter Rietburg,76835,06323
9625,Rhönblick,98617,03693
9626,Rhumspringe,37434,05528
9627,Ribbesbüttel,38551,Error
9628,Ribnitz-Damgarten,18311,03821
9629,Richtenberg,18461,038324
9630,Rickenbach,79736,07765
9631,Rickert,24782,04331
9632,Rickert,24787,04331
9633,Rickling,24635,04328
9634,Ried,86510,08208
9635,Riedbach,97519,09526
9636,Riede,27339,04294
9637,Riedelberg,66484,06339
9638,Rieden,87668,08346
9639,Rieden,56745,02655
9640,Rieden,92286,09474
9641,Rieden am Forggensee,87669,08367
9642,Riedenberg,97792,09749
9643,Riedenburg,93339,09442
9644,Riedenheim,97283,09338
9645,Riederich,72585,07123
9646,Riedering,83083,08036
9647,Riedhausen,88377,07587
9648,Riedlingen,88499,07371
9649,Riedstadt,64560,06158
9650,Riegel,79359,Error
9651,Riegelsberg,66292,06806
9652,Riegenroth,55469,06761
9653,Riegsee,82418,08841
9654,Riekofen,93104,09480
9655,Rielasingen-Worblingen,78239,07731
9656,Rieneck,97794,09354
9657,Rieps,19217,038872
9658,Riepsdorf,23738,04363
9659,Riesa,1587,Error
9660,Riesa,1589,033656
9661,Riesa,1591,035473
9662,Riesa,1594,Error
9663,Riesbürg,73469,09081
9664,Rieschweiler-Mühlbach,66509,06336
9665,Rieseby,24354,04355
9666,Rieste,49597,05493
9667,Riesweiler,55499,06761
9668,Rietberg,33397,05244
9669,Rietheim-Weilheim,78604,07424
9670,Riethnordhausen,99195,036204
9671,Rietschen - Rěčicy,2956,05829
9672,Rietz-Neuendorf,15848,03366
9673,Rietzneuendorf-Staakow,15910,035474
9674,Rimbach,64668,06253
9675,Rimbach,84326,08727
9676,Rimbach,93485,09946
9677,Rimpar,97222,09360
9678,Rimsberg,55765,06782
9679,Rimsting,83253,08054
9680,Rinchnach,94269,09928
9681,Ringe,49824,05944
9682,Ringelai,94160,08555
9683,Ringgau,37296,05658
9684,Ringleben,99189,036201
9685,Ringsberg,24977,04636
9686,Ringsheim,77975,07822
9687,Rinnthal,76857,06345
9688,Rinteln,31737,05751
9689,Rinzenberg,55767,06782
9690,Riol,54340,06507
9691,Rippershausen,98639,03693
9692,Risum-Lindholm,25920,04661
9693,Ritschenhausen,98617,03693
9694,Ritterhude,27721,0421
9695,Rittersdorf,54636,06561
9696,Rittersdorf,99448,036450
9697,Rittersheim,67294,06352
9698,Ritzerau,23896,04543
9699,Ritzerow,17153,039954
9700,Rivenich,54518,06535
9701,Riveris,54317,06500
9702,Röbel/Müritz,17207,039931
9703,Rochau,39579,039388
9704,Rochlitz,9306,Error
9705,Rockenberg,35519,06033
9706,Rockenhausen,67806,06361
9707,Rockeskyll,54570,06591
9708,Röckingen,91740,09832
9709,Rockstedt,99713,036020
9710,Röckwitz,17091,039602
9711,Rodalben,66976,06331
9712,Rodder,53520,02695
9713,Rodeberg,99976,036024
9714,Rödelhausen,56858,Error
9715,Rödelmaier,97618,09771
9716,Rödelsee,97348,09323
9717,Roden,97849,09396
9718,Rodenäs,25924,04668
9719,Rodenbach,67688,06374
9720,Rodenbach,63517,06184
9721,Rodenbach bei Puderbach,57639,02684
9722,Rodenbek,24247,0431
9723,Rodenberg,31552,05723
9724,Rödental,96472,09563
9725,Röderaue,1609,Error
9726,Röderland,4932,05422
9727,Rödermark,63322,06074
9728,Rödern,55481,06763
9729,Rodershausen,54673,06564
9730,Rödersheim-Gronau,67127,06231
9731,Rodewald,31637,05074
9732,Rodewisch,8228,08145
9733,Rodgau,63110,06106
9734,Roding,93426,09461
9735,Rödinghausen,32289,05223
9736,Roduchelstorf,23923,038821
9737,Roes,56754,02672
9738,Roetgen,52159,02471
9739,Röfingen,89365,08222
9740,Rogätz,39326,039206
9741,Roggenburg,89297,07300
9742,Roggendorf,19205,03886
9743,Roggenstorf,23936,03881
9744,Roggentin,18184,038204
9745,Rögling,86703,09094
9746,Rögnitz,19205,03886
9747,Röhl,54636,06561
9748,Rohlstorf,23821,04559
9749,Rohr,91189,09876
9750,Rohr,98530,036844
9751,Rohrbach,85296,08442
9752,Rohrbach,55776,06783
9753,Rohrbach,55490,06765
9754,Rohrbach,76865,06341
9755,Rohrbach,7429,Error
9756,Rohrberg,38489,039000
9757,Rohrberg,37318,036083
9758,Rohrdorf,72229,07452
9759,Rohrdorf,83101,08035
9760,Rohrenfels,86701,08431
9761,Röhrig,37318,036083
9762,Rohr i.NB,93352,08783
9763,Röhrmoos,85244,08139
9764,Röhrnbach,94133,08555
9765,Rohrsen,31627,05024
9766,Roigheim,74255,06298
9767,Roklum,38325,05336
9768,Röllbach,63934,09372
9769,Rollshausen,37434,05528
9770,Rollwitz,17309,03973
9771,Rom,19372,038728
9772,Römerberg,67354,06232
9773,Römerstein,72587,07382
9774,Römhild,98630,03685
9775,Rommersheim,54597,06556
9776,Rommerskirchen,41569,02183
9777,Römnitz,23909,04541
9778,Romrod,36329,06636
9779,Römstedt,29591,05821
9780,Rondeshagen,23919,04544
9781,Ronneburg,63549,06048
9782,Ronneburg,7580,Error
9783,Ronnenberg,30952,05109
9784,Ronsberg,87671,08306
9785,Ronshausen,36217,06678
9786,Rorodt,54411,06503
9787,Rosa,98590,036848
9788,Rosbach v. d. Höhe,61191,06003
9789,Roschbach,76835,06323
9790,Rosche,29571,05803
9791,Roscheid,54619,06559
9792,Rosdorf,25548,04822
9793,Rosdorf,37124,05545
9794,Roseburg,21514,04155
9795,Rosenau,14789,033839
9796,Rosenbach,2708,Error
9797,Rosenbach/Vogtland,8527,08441
9798,Rosenbach/Vogtland,8539,08168
9799,Rosenbach/Vogtland,8548,Error
9800,Rosenberg,74749,06295
9801,Rosenberg,73494,07959
9802,Rosendahl,48720,02545
9803,Rosendorf,7819,07462
9804,Rosenfeld,72348,07428
9805,Rosengarten,21224,040
9806,Rosengarten,74538,0791
9807,Rosenheim,57520,02747
9808,Rosenheim,83022,08031
9809,Rosenheim,83024,08031
9810,Rosenheim,83026,08031
9811,Rosenkopf,66894,06372
9812,Rosenow,17091,039602
9813,Rosenthal,35119,06458
9814,Rosenthal am Rennsteig,7366,07153
9815,Rosenthal-Bielatal,1824,038462
9816,Rositz,4617,Error
9817,Roskow,14778,03381
9818,Röslau,95195,09232
9819,Rösrath,51503,02205
9820,Rossau,9661,Error
9821,Roßbach,53547,02638
9822,Roßbach,56271,02601
9823,Roßbach,94439,08564
9824,Roßdorf,64380,06151
9825,Roßdorf,98590,036848
9826,Roßhaupten,87672,08367
9827,Rossin,17398,039726
9828,Roßleben-Wiehe,6571,06192
9829,Rossow,17322,039749
9830,Roßtal,90574,09127
9831,Roßwein,4741,Error
9832,Rostock,18055,0381
9833,Rostock,18057,0381
9834,Rostock,18059,0381
9835,Rostock,18069,0381
9836,Rostock,18106,0381
9837,Rostock,18107,0381
9838,Rostock,18109,0381
9839,Rostock,18119,0381
9840,Rostock,18146,0381
9841,Rostock,18147,0381
9842,Rostock,18181,0381
9843,Rostock,18182,0381
9844,Rot am See,74585,07952
9845,Rot an der Rot,88430,07568
9846,Rotenburg,27356,04261
9847,Rotenburg an der Fulda,36199,06623
9848,Rotenhain,56459,02663
9849,Rötgesbüttel,38531,05304
9850,Roth,91154,09171
9851,Roth,57539,02682
9852,Roth,56368,06486
9853,Roth,56288,06762
9854,Roth,55442,06724
9855,Rötha,4571,02363
9856,Roth an der Our,54675,06522
9857,Roth bei Prüm,54597,06556
9858,Rothemühl,17379,039778
9859,Rothenbach,56459,02663
9860,Röthenbach (Allgäu),88167,08384
9861,Röthenbach an der Pegnitz,90552,09120
9862,Rothenbuch,63860,06094
9863,Rothenbuch,97840,09393
9864,Rothenburg ob der Tauber,91541,09861
9865,Rothenburg/Oberlausitz,2929,Error
9866,Rothenfels,97851,09393
9867,Rothenklempenow,17321,039754
9868,Rothenklempenow,17322,039749
9869,Rothenstein,7751,Error
9870,Röthlein,97520,09723
9871,Rothselberg,67753,06304
9872,Rötsweiler-Nockenthal,55767,06782
9873,Rott,57632,02685
9874,Rott,86935,08194
9875,Rottach-Egern,83700,08022
9876,Rott am Inn,83543,08039
9877,Rottenacker,89616,07393
9878,Röttenbach,91187,09172
9879,Röttenbach,91341,09195
9880,Rottenbuch,82401,08867
9881,Rottenburg a. d. Laaber,84056,08785
9882,Rottenburg am Neckar,72108,07472
9883,Rottendorf,97228,09302
9884,Rotthalmünster,94094,08533
9885,Röttingen,97285,09338
9886,Rottweil,78628,0741
9887,Rötz,92444,09976
9888,Rövershagen,18182,0381
9889,Roxheim,55595,0671
9890,Rubenow,17509,038354
9891,Rüber,56295,02654
9892,Rubkow,17390,038374
9893,Rückeroth,56244,02666
9894,Rückersdorf,90607,0911
9895,Rückersdorf,3238,Error
9896,Rückersdorf,7580,Error
9897,Rückholz,87494,08369
9898,Rückweiler,55776,06783
9899,Rudelzhausen,84104,08754
9900,Rüdenau,63924,09371
9901,Rüdenhausen,97355,09325
9902,Ruderatshofen,87674,08341
9903,Rudersberg,73635,07183
9904,Rüdersdorf bei Berlin,15345,03341
9905,Rüdersdorf bei Berlin,15378,033638
9906,Rüdersdorf bei Berlin,15562,033638
9907,Rüdershausen,37434,05528
9908,Ruderting,94161,08509
9909,Rüdesheim,55593,0671
9910,Rüdesheim am Rhein,65385,06722
9911,Rüdnitz,16321,03338
9912,Rudolstadt,7407,07066
9913,Rugendorf,95365,09223
9914,Rügge,24405,04646
9915,Rügland,91622,09828
9916,Rühen,38471,05367
9917,Ruhla,99842,036929
9918,Ruhland,1945,Error
9919,Ruhmannsfelden,94239,09929
9920,Rühn,18246,038461
9921,Ruhner Berge,19376,Error
9922,Ruhpolding,83324,08663
9923,Rühstädt,19322,03877
9924,Ruhstorf a.d.Rott,94099,08503
9925,Ruhwinkel,24601,04323
9926,Rukieten,18258,03844
9927,Rullstorf,21379,04136
9928,Rülzheim,76761,07272
9929,Rumbach,76891,06394
9930,Rümmelsheim,55452,06707
9931,Rümmingen,79595,07621
9932,Rumohr,24254,04347
9933,Rümpel,23843,04531
9934,Runding,93486,09971
9935,Runkel,65594,06482
9936,Ruppach-Goldhausen,56412,06485
9937,Ruppertsberg,67152,06326
9938,Ruppertsecken,67808,06357
9939,Ruppertshofen,56357,06772
9940,Ruppertshofen,73577,07176
9941,Ruppertsweiler,66957,06331
9942,Ruppichteroth,53809,02295
9943,Ruschberg,55776,06783
9944,Rüscheid,56584,02639
9945,Rüsselsheim am Main,65428,06142
9946,Rüssingen,67308,06355
9947,Rust,77977,07822
9948,Rustenfelde,37318,036083
9949,Rutesheim,71277,07152
9950,Rüthen,59602,02952
9951,Rüthnick,16835,033083
9952,Ruthweiler,66869,06381
9953,Rüting,23936,03881
9954,Rutsweiler am Glan,66887,06381
9955,Rutsweiler an der Lauter,67752,06304
9956,Ruttersdorf-Lotschen,7646,07245
9957,Saal,18317,038227
9958,Saal a.d.Donau,93342,09441
9959,Saal a.d.Saale,97633,09761
9960,Saalburg-Ebersdorf,7929,07634
9961,Saaldorf-Surheim,83416,08682
9962,Saalfeld/Saale,7318,Error
9963,Saalstadt,66919,06333
9964,Saara,7589,Error
9965,Saarbrücken,66111,0681
9966,Saarbrücken,66113,0681
9967,Saarbrücken,66115,0681
9968,Saarbrücken,66117,0681
9969,Saarbrücken,66119,0681
9970,Saarbrücken,66121,0681
9971,Saarbrücken,66123,0681
9972,Saarbrücken,66125,0681
9973,Saarbrücken,66126,0681
9974,Saarbrücken,66127,0681
9975,Saarbrücken,66128,0681
9976,Saarbrücken,66129,0681
9977,Saarbrücken,66130,0681
9978,Saarbrücken,66131,0681
9979,Saarbrücken,66132,0681
9980,Saarbrücken,66133,0681
9981,Saarburg,54439,06581
9982,Saarlouis,66740,06831
9983,Saarwellingen,66793,06838
9984,Sachsen bei Ansbach,91623,0981
9985,Sachsenhagen,31553,05725
9986,Sachsenheim,74343,07147
9987,Sachsenkam,83679,08021
9988,Saerbeck,48369,02574
9989,Saffig,56648,02625
9990,Sagard,18551,038302
9991,Sahms,21493,04151
9992,Sailauf,63877,06024
9993,Salach,73084,07162
9994,Salching,94330,09424
9995,Saldenburg,94163,08504
9996,Salem,23883,04545
9997,Salem,23911,04541
9998,Salem,88682,07553
9999,Salgen,87775,08266
10000,Sallgast,3238,Error
10001,Salm,54570,06591
10002,Salmtal,54528,06578
10003,Salz,97616,09771
10004,Salz,56414,06435
10005,Salzatal,6198,Error
10006,Salzbergen,48499,05971
10007,Salzburg,56479,02664
10008,Salzgitter,38226,05341
10009,Salzgitter,38228,05341
10010,Salzgitter,38229,05341
10011,Salzgitter,38239,05341
10012,Salzgitter,38259,05341
10013,Salzhausen,21376,04172
10014,Salzhemmendorf,31020,05153
10015,Salzkotten,33154,05258
10016,Salzwedel,29410,03901
10017,Salzweg,94121,08505
10018,Samerberg,83122,08032
10019,Samern,48465,05923
10020,Samtens,18573,038306
10021,Sand a. Main,97522,09524
10022,Sandau (Elbe),39524,039323
10023,Sandberg,97657,09701
10024,Sandbostel,27446,04284
10025,Sande,26452,04422
10026,Sandersdorf-Brehna,6792,Error
10027,Sandersdorf-Brehna,6794,Error
10028,Sandersdorf-Brehna,6796,Error
10029,Sandersdorf-Brehna,6809,Error
10030,Sandesneben,23898,04536
10031,Sandhausen,69207,06224
10032,Sangerhausen,6526,Error
10033,Sanitz,18190,038209
10034,Sankt Alban,67813,06361
10035,Sankt Alban,67822,06362
10036,Sankt Aldegund,56858,Error
10037,Sankt Annen,25776,04837
10038,Sankt Augustin,53757,02241
10039,Sankt Bernhard,98660,036873
10040,Sankt Englmar,94379,09965
10041,Sankt Goar,56329,06741
10042,Sankt Goarshausen,56346,06771
10043,Sankt Ingbert,66386,06894
10044,Sankt Johann,56727,02651
10045,Sankt Johann,55578,06732
10046,Sankt Julian,66887,06381
10047,Sankt Katharinen,53562,Error
10048,Sankt Katharinen,55595,0671
10049,Sankt Margarethen,25572,04858
10050,Sankt Martin,67487,06321
10051,Sankt Michaelisdonn,25693,04853
10052,Sankt Oswald-Riedlhütte,94566,08553
10053,Sankt Oswald-Riedlhütte,94568,08558
10054,Sankt Peter-Ording,25826,04863
10055,Sankt Sebastian,56220,02630
10056,Sankt Thomas,54655,06563
10057,Sankt Wendel,66606,06851
10058,Sankt Wolfgang,84427,08072
10059,Sargenroth,55471,06761
10060,Sarlhusen,24616,04324
10061,Sarmersbach,54552,06592
10062,Sarmstorf,18276,03843
10063,Sarnow,17392,039727
10064,Sarow,17111,039994
10065,Sarstedt,31157,05066
10066,Sarzbüttel,25785,04804
10067,Sasbach,77880,07841
10068,Sasbach am Kaiserstuhl,79361,07642
10069,Sasbachwalden,77887,07842
10070,Sassen,56767,02657
10071,Sassenberg,48336,02583
10072,Sassenburg,38524,05379
10073,Sassen-Trantow,17121,039998
10074,Sassnitz,18546,038302
10075,Saterland - Seelterlound,26683,04492
10076,Satow,18239,038207
10077,Satteldorf,74589,07950
10078,Sauensiek,21644,04169
10079,Sauerlach,82054,08104
10080,Sauerthal,65391,06726
10081,Sauldorf,88605,07570
10082,Saulgrub,82442,08845
10083,Saulheim,55291,06732
10084,Saustrup,24392,04641
10085,Sauzin,17440,038370
10086,Saxler,54558,06573
10087,Sayda,9619,09504
10088,Schaafheim,64850,06073
10089,Schaalby,24882,04622
10090,Schacht-Audorf,24790,04331
10091,Schacht-Audorf,24794,04331
10092,Schachtebich,37318,036083
10093,Schackendorf,23795,04551
10094,Schafflund,24980,04639
10095,Schafstedt,25725,04805
10096,Schäftlarn,82067,08178
10097,Schäftlarn,82069,08178
10098,Schalkau,96528,036766
10099,Schalkenbach,53426,02646
10100,Schalkenmehren,54552,06592
10101,Schalkham,84175,08741
10102,Schalkholz,25782,04838
10103,Schalksmühle,58579,02351
10104,Schallbach,79597,07621
10105,Schallodenbach,67701,06363
10106,Schallstadt,79227,07664
10107,Schankweiler,54668,06523
10108,Schapen,48480,05977
10109,Schaprode,18569,038305
10110,Scharbeutz,23629,04504
10111,Scharbeutz,23683,04563
10112,Scharbeutz,23684,04524
10113,Scharfbillig,54636,Error
10114,Scharnebeck,21379,04136
10115,Schashagen,23730,04561
10116,Schauenburg,34270,05601
10117,Schauenstein,95197,09252
10118,Schauerberg,66919,06333
10119,Schaufling,94571,09904
10120,Schauren,55758,06785
10121,Schauren,56865,06545
10122,Schechen,83135,08039
10123,Schechingen,73579,07175
10124,Scheden,37127,05502
10125,Scheer,72516,07572
10126,Scheeßel,27383,04263
10127,Schefflenz,74850,06293
10128,Scheggerott,24392,04641
10129,Scheibenberg,9481,Error
10130,Scheibenhardt,76779,06340
10131,Scheid,54611,06557
10132,Scheidegg,88175,08381
10133,Scheiditz,7646,07245
10134,Scheidt,56379,02604
10135,Scheinfeld,91443,09162
10136,Scheitenkorb,54673,06564
10137,Schelklingen,89601,07384
10138,Schellerten,31174,05123
10139,Schellhorn,24211,04342
10140,Schellweiler,66869,06381
10141,Schemmerhofen,88433,07356
10142,Schenefeld,22869,040
10143,Schenefeld,25560,04825
10144,Schenkelberg,56244,02666
10145,Schenkenberg,17291,03984
10146,Schenkendöbern,3172,Error
10147,Schenkenzell,77773,07836
10148,Schenklengsfeld,36277,06629
10149,Schermbeck,46514,02853
10150,Schernfeld,85132,08421
10151,Scherstetten,86872,08262
10152,Scheßlitz,96110,09542
10153,Scheuerfeld,57584,02741
10154,Scheuern,54673,06564
10155,Scheuring,86937,08195
10156,Scheyern,85298,08441
10157,Schieder-Schwalenberg,32816,05284
10158,Schieren,23795,04551
10159,Schierensee,24241,04347
10160,Schierling,84069,09451
10161,Schiersfeld,67808,06357
10162,Schiersfeld,67823,06362
10163,Schiesheim,65623,06430
10164,Schiffdorf,27619,04749
10165,Schifferstadt,67105,06235
10166,Schiffweiler,66578,06821
10167,Schilda,3253,Error
10168,Schildetal,19209,038874
10169,Schillingen,54429,06589
10170,Schillingsfürst,91583,09868
10171,Schillsdorf,24637,04394
10172,Schiltach,77761,07836
10173,Schiltberg,86576,08259
10174,Schimberg,37308,036082
10175,Schindhard,66996,06393
10176,Schinkel,24214,04346
10177,Schiphorst,23847,04534
10178,Schipkau,1968,Error
10179,Schipkau,1993,Error
10180,Schipkau,1994,Error
10181,Schipkau,1998,Error
10182,Schirgiswalde-Kirschau,2681,04955
10183,Schirmitz,92718,0961
10184,Schirnding,95706,09233
10185,Schkeuditz,4435,0231
10186,Schkölen,7619,0721
10187,Schkopau,6258,Error
10188,Schladen-Werla,38315,05339
10189,Schladt,54534,06575
10190,Schlagsdorf,19217,038872
10191,Schlaitdorf,72667,07127
10192,Schlammersdorf,95519,09205
10193,Schlangen,33189,05252
10194,Schlangenbad,65388,06129
10195,Schlat,73114,07161
10196,Schlaubetal,15890,03364
10197,Schleching,83259,08649
10198,Schlechtsart,98663,036871
10199,Schlehdorf,82439,08851
10200,Schlehdorf,82444,08851
10201,Schleich,54340,06507
10202,Schleid,54636,06561
10203,Schleid,36419,036967
10204,Schleiden,53937,02485
10205,Schleife - Slepo,2959,05872
10206,Schleifreisen,7629,07244
10207,Schleiz,7907,Error
10208,Schlemmin,18320,038225
10209,Schlepzig,15910,035474
10210,Schlesen,24256,04303
10211,Schleswig,24837,04621
10212,Schlettau,9487,Error
10213,Schleusegrund,98666,036870
10214,Schleusegrund,98667,036874
10215,Schleusingen,98553,03681
10216,Schlichting,25779,04836
10217,Schlieben,4936,Error
10218,Schliengen,79418,07626
10219,Schlier,88281,07529
10220,Schlierbach,73278,07021
10221,Schlierschied,55483,06763
10222,Schliersee,83727,08026
10223,Schlitz,36110,06642
10224,Schlöben,7646,07245
10225,Schloen-Dratow,17192,03991
10226,Schloen-Dratow,17219,039928
10227,Schloßböckelheim,55596,06758
10228,Schloß Holte-Stukenbrock,33758,05207
10229,Schloßvippach,99195,036204
10230,Schlotfeld,25551,04826
10231,Schluchsee,79859,07656
10232,Schlüchtern,36381,06661
10233,Schlüsselfeld,96132,09555
10234,Schmalenberg,67718,06307
10235,Schmalensee,24638,04323
10236,Schmalfeld,24640,04191
10237,Schmalkalden,98574,03683
10238,Schmalkalden,98587,036847
10239,Schmallenberg,57392,02977
10240,Schmalstede,24241,04347
10241,Schmatzin,17390,038374
10242,Schmedeswurth,25724,04851
10243,Schmeheim,98530,036844
10244,Schmelz,66839,06888
10245,Schmidgaden,92546,09627
10246,Schmidmühlen,92287,09474
10247,Schmidthachenbach,55758,06785
10248,Schmiechen,86511,08206
10249,Schmiedehausen,99518,036461
10250,Schmieritz,7819,07462
10251,Schmilau,23883,04545
10252,Schmilau,23909,04541
10253,Schmilau,23911,04541
10254,Schmißberg,55765,06782
10255,Schmitshausen,66484,06339
10256,Schmitshausen,66917,06375
10257,Schmitt,56825,02678
10258,Schmitten im Taunus,61389,Error
10259,Schmittweiler,67829,06753
10260,Schmogrow-Fehrow,3096,05101
10261,Schmölln,4626,Error
10262,Schmölln-Putzkau,1877,Error
10263,Schmorda,7389,Error
10264,Schnabelwaid,91289,09270
10265,Schnackenburg,29493,05840
10266,Schnaitsee,83530,08074
10267,Schnaittach,91220,09153
10268,Schnaittenbach,92253,09622
10269,Schnakenbek,21481,04153
10270,Schnarup-Thumby,24891,Error
10271,Schnaudertal,6712,06231
10272,Schneckenhausen,67699,06301
10273,Schneckenlohe,96277,09266
10274,Schneeberg,63936,09373
10275,Schneeberg,8289,Error
10276,Schnega,29465,05842
10277,Schneizlreuth,83458,08651
10278,Schnelldorf,91625,07950
10279,Schneppenbach,55608,06752
10280,Schneverdingen,29640,05198
10281,Schnorbach,55497,06764
10282,Schnürpflingen,89194,07346
10283,Schoden,54441,06581
10284,Schöffengrund,35641,06445
10285,Schöfweg,94572,09908
10286,Scholen,27251,04243
10287,Schollbrunn,97852,09394
10288,Schollbrunn,97907,09394
10289,Schollene,14715,033877
10290,Schöllkrippen,63825,06024
10291,Schöllnach,94508,09903
10292,Schömberg,75328,07235
10293,Schömberg,72355,Error
10294,Schömerich,54314,06587
10295,Schonach im Schwarzwald,78136,07722
10296,Schönaich,71101,07031
10297,Schönau,69250,06228
10298,Schönau,84337,08726
10299,Schönau a.d.Brend,97659,09775
10300,Schönau am Königssee,83471,08652
10301,Schönau-Berzdorf auf dem Eigen,2899,Error
10302,Schönau im Schwarzwald,79677,07673
10303,Schönau (Pfalz),66996,06393
10304,Schönbach,54552,06592
10305,Schönbach,2708,Error
10306,Schönbeck,17349,03966
10307,Schönbek,24582,04322
10308,Schönberg,8393,Error
10309,Schönberg,84573,08745
10310,Schönberg,94513,08554
10311,Schönberg,54426,06504
10312,Schönberg,22929,04534
10313,Schönberg,23923,038821
10314,Schönberg (Holstein),24217,04344
10315,Schönborn,56370,06486
10316,Schönborn,55469,06761
10317,Schönborn,67808,06357
10318,Schönborn,3253,Error
10319,Schönbrunn,69436,06271
10320,Schönbrunn i.Steigerwald,96185,09546
10321,Schönburg,6618,Error
10322,Schöndorf,54316,06588
10323,Schöndorf,7924,07668
10324,Schondorf am Ammersee,86938,08192
10325,Schondra,97795,09747
10326,Schönebeck (Elbe),39217,03928
10327,Schönebeck (Elbe),39218,03928
10328,Schöneberg,57638,02681
10329,Schöneberg,55444,06724
10330,Schöneck,61137,06187
10331,Schönecken,54614,06553
10332,Schöneck/Vogtl.,8261,Error
10333,Schönefeld,12529,03379
10334,Schöneiche bei Berlin,15566,030
10335,Schönenberg,79677,07673
10336,Schönenberg-Kübelberg,66901,06373
10337,Schönermark,16775,033088
10338,Schönewalde,4916,05471
10339,Schönewörde,29396,05835
10340,Schönfeld,1561,Error
10341,Schönfeld,17291,03984
10342,Schönfeld,17111,039994
10343,Schongau,86956,08861
10344,Schöngeising,82296,08141
10345,Schöngleina,7646,07245
10346,Schönhagen,37318,036083
10347,Schönhausen,17337,039745
10348,Schönhausen (Elbe),39524,039323
10349,Schönheide,8304,08061
10350,Schönhorst,24220,04347
10351,Schöningen,38364,05352
10352,Schönkirchen,24232,04348
10353,Schönsee,92539,09674
10354,Schönstedt,99947,03603
10355,Schonstett,83137,08055
10356,Schöntal,74214,07943
10357,Schönthal,93488,09978
10358,Schonungen,97453,09727
10359,Schönwald,95173,09287
10360,Schönwald,15910,035474
10361,Schönwalde,17309,03973
10362,Schönwalde am Bungsberg,23744,04528
10363,Schönwalde-Glien,14621,033230
10364,Schönwald im Schwarzwald,78141,07722
10365,Schönwölkau,4509,Error
10366,Schopfheim,79650,07622
10367,Schopfloch,91626,09857
10368,Schopfloch,72296,07443
10369,Schopp,67707,06307
10370,Schöppenstedt,38170,05332
10371,Schöppingen,48624,02545
10372,Schöps,7768,Error
10373,Schöpstal,2829,Error
10374,Schorfheide,16244,033363
10375,Schorndorf,73614,07181
10376,Schorndorf,93489,09461
10377,Schornsheim,55288,06734
10378,Schorssow,17166,03996
10379,Schortens,26419,04461
10380,Schossin,19073,0385
10381,Schossin,19075,03865
10382,Schotten,63679,06044
10383,Schraden,4928,Error
10384,Schramberg,78144,07422
10385,Schramberg,78713,07422
10386,Schraplau,6279,Error
10387,Schrecksbach,34637,06698
10388,Schretstaken,21493,04151
10389,Schriesheim,69198,06220
10390,Schrobenhausen,86529,08252
10391,Schrozberg,74575,07936
10392,Schrum,25782,04838
10393,Schuby,24837,04621
10394,Schuby,24850,04621
10395,Schuld,53520,02695
10396,Schulendorf,21516,04151
10397,Schülldorf,24790,04331
10398,Schüller,54586,06597
10399,Schülp,25764,04833
10400,Schülp bei Nortorf,24589,04392
10401,Schülp bei Rendsburg,24768,04331
10402,Schülp bei Rendsburg,24797,04332
10403,Schülp bei Rendsburg,24813,04331
10404,Schulzendorf,15732,033762
10405,Schürdt,57632,02685
10406,Schürensöhlen,23847,04534
10407,Schuttertal,77978,07826
10408,Schutterwald,77746,0781
10409,Schüttorf,48465,05923
10410,Schutz,54570,06591
10411,Schutzbach,57520,02747
10412,Schwaan,18258,03844
10413,Schwaara,7554,Error
10414,Schwabach,91126,09122
10415,Schwabbruck,86986,08868
10416,Schwabenheim an der Selz,55270,06131
10417,Schwabhausen,85247,08138
10418,Schwabhausen,99869,036202
10419,Schwäbisch Gmünd,73072,07162
10420,Schwäbisch Gmünd,73525,07171
10421,Schwäbisch Gmünd,73527,07171
10422,Schwäbisch Gmünd,73529,07171
10423,Schwäbisch Gmünd,73550,07171
10424,Schwäbisch Gmünd,73553,07171
10425,Schwäbisch Hall,74523,0791
10426,Schwabmünchen,86830,08204
10427,Schwabsoien,86987,08868
10428,Schwabstedt,25876,04884
10429,Schwaförden,27252,04277
10430,Schwaig bei Nürnberg,90571,0911
10431,Schwaigen,82445,08841
10432,Schwaigern,74193,07138
10433,Schwaikheim,71409,07195
10434,Schwalbach,66773,06834
10435,Schwalbach am Taunus,65824,06196
10436,Schwall,56281,06747
10437,Schwallungen,98590,036848
10438,Schwalmstadt,34613,06691
10439,Schwalmtal,41366,02163
10440,Schwalmtal,36318,06638
10441,Schwanau,77963,07824
10442,Schwandorf,92421,09431
10443,Schwanebeck,39397,039403
10444,Schwanewede,28790,04209
10445,Schwanfeld,97523,09384
10446,Schwangau,87645,08362
10447,Schwanheide,19258,038847
10448,Schwanheim,76848,06392
10449,Schwanstetten,90596,09170
10450,Schwarme,27327,04255
10451,Schwarmstedt,29690,05071
10452,Schwartbuck,24257,04385
10453,Schwarz,17252,039829
10454,Schwarza,98547,036843
10455,Schwarzach,74869,06262
10456,Schwarzach,94374,09905
10457,Schwarzach am Main,97359,09324
10458,Schwarzach b.Nabburg,92548,09435
10459,Schwarzatal,98744,Error
10460,Schwarzbach,1945,Error
10461,Schwarzbach,7589,Error
10462,Schwarzburg,7427,Error
10463,Schwarzen,55481,06763
10464,Schwarzenbach,92720,09605
10465,Schwarzenbach a.d.Saale,95126,09284
10466,Schwarzenbach a.Wald,95131,09289
10467,Schwarzenbek,21493,04151
10468,Schwarzenberg/Erzgebirge,8340,08654
10469,Schwarzenborn,34639,05686
10470,Schwarzenborn,54533,06572
10471,Schwarzenbruck,90592,09183
10472,Schwarzenfeld,92521,09439
10473,Schwarzerden,55629,06754
10474,Schwarzheide,1987,Error
10475,Schwarzhofen,92447,09675
10476,Schwasdorf,17168,039977
10477,Schwebheim,97525,09723
10478,Schwedelbach,67685,06374
10479,Schwedeneck,24229,04349
10480,Schwedt/Oder,16303,03332
10481,Schwegenheim,67365,06344
10482,Schweich,54338,06502
10483,Schweickershausen,98663,036871
10484,Schweigen-Rechtenbach,76889,06349
10485,Schweighausen,56377,02604
10486,Schweighofen,76889,06349
10487,Schweindorf,26556,04975
10488,Schweinfurt,97421,09721
10489,Schweinfurt,97422,09721
10490,Schweinfurt,97424,09721
10491,Schweinschied,67744,06382
10492,Schweisweiler,67808,06357
10493,Schweitenkirchen,85301,08444
10494,Schweix,66957,06331
10495,Schwelm,58332,02336
10496,Schwendi,88477,07353
10497,Schwenningen,89443,09084
10498,Schwenningen,72477,07579
10499,Schwentinental,24222,038323
10500,Schwentinental,24223,04307
10501,Schwepnitz,1936,Error
10502,Schweppenhausen,55444,06724
10503,Schwerbach,55624,06544
10504,Schwerin,19053,0385
10505,Schwerin,19055,0385
10506,Schwerin,19057,0385
10507,Schwerin,19059,0385
10508,Schwerin,19061,0385
10509,Schwerin,19063,0385
10510,Schwerin,15755,033766
10511,Schweringen,27324,04254
10512,Schweringen,27333,04251
10513,Schwerinsdorf,26835,04946
10514,Schwerstedt,99634,036376
10515,Schwerte,58239,02331
10516,Schwesing,25813,04841
10517,Schwetzingen,68723,06202
10518,Schwieberdingen,71701,07145
10519,Schwieberdingen,71706,07145
10520,Schwielochsee,15913,035473
10521,Schwielowsee,14548,033209
10522,Schwienau,29593,05808
10523,Schwifting,86940,08191
10524,Schwindegg,84419,08086
10525,Schwirzheim,54597,06556
10526,Schwissel,23795,04551
10527,Schwobfeld,37318,036083
10528,Schwollen,55767,06782
10529,Schwörstadt,79739,07762
10530,Schwülper,38179,05303
10531,Sebnitz,1855,038391
10532,Seck,56479,02664
10533,Seckach,74743,06293
10534,Seddiner See,14554,033205
10535,Seebach,77889,07449
10536,Seebach,99846,036929
10537,Seeblick,14715,033877
10538,Seeburg,37136,05507
10539,Seedorf,23823,04555
10540,Seedorf,27404,04281
10541,Seedorf,23883,04545
10542,Seefeld,25557,04872
10543,Seefeld,82229,08153
10544,Seeg,87637,08364
10545,Seegebiet Mansfelder Land,6317,06104
10546,Seehausen,39615,039386
10547,Seehausen am Staffelsee,82418,08841
10548,Seeheim-Jugenheim,64342,06257
10549,Seehof,19069,03867
10550,Seekirch,88422,07582
10551,Seeland,6449,Error
10552,Seeland,6464,06252
10553,Seeland,6466,06253
10554,Seeland,6467,06255
10555,Seeland,6469,Error
10556,Seelbach,77960,07821
10557,Seelbach,56377,02604
10558,Seelbach bei Hamm (Sieg),57577,02682
10559,Seelbach (Westerwald),57632,02685
10560,Seelen,67744,06382
10561,Seelingstädt,7580,Error
10562,Seelitz,9306,Error
10563,Seelow,15306,03346
10564,Seelze,30926,05137
10565,Seeon-Seebruck,83358,Error
10566,Seeon-Seebruck,83370,08624
10567,Seeon-Seebruck,83376,08667
10568,Seesbach,55629,06754
10569,Seesen,38723,05381
10570,Seeshaupt,82402,08801
10571,Seester,25370,04125
10572,Seestermühe,25371,04125
10573,Seeth,25840,04881
10574,Seeth,25878,04884
10575,Seeth-Ekholt,25337,04121
10576,Seevetal,21217,04105
10577,Seevetal,21218,04105
10578,Seevetal,21220,04105
10579,Seewald,72297,07448
10580,Seffern,54636,Error
10581,Sefferweich,54636,Error
10582,Seggebruch,31691,05721
10583,Segnitz,97340,09332
10584,Sehestedt,24814,04357
10585,Sehlde,38279,05383
10586,Sehlem,54518,06535
10587,Sehlen,18528,03838
10588,Sehmatal,9465,Error
10589,Sehnde,31319,05138
10590,Seibersbach,55444,06724
10591,Seifen,57632,02685
10592,Seiffen/Erzgebirge,9548,09273
10593,Seifhennersdorf,2782,Error
10594,Seinsfeld,54655,06563
10595,Seinsheim,97342,09332
10596,Seisla,7389,Error
10597,Seitenroda,7768,Error
10598,Seitingen-Oberflacht,78606,07464
10599,Seiwerath,54597,06556
10600,Selb,95100,09287
10601,Selbach (Sieg),57537,02742
10602,Selbitz,95152,09280
10603,Selchenbach,66871,06384
10604,Selent,24238,04384
10605,Selfkant,52538,02454
10606,Seligenstadt,63500,06182
10607,Selk,24884,04624
10608,Selke-Aue,6458,06258
10609,Sellerich,54608,06555
10610,Sellin,18586,038303
10611,Selm,59379,02592
10612,Selmsdorf,23923,038821
10613,Selpin,18195,038205
10614,Selsingen,27446,04284
10615,Selters (Taunus),65618,06483
10616,Selters (Westerwald),56242,02626
10617,Selzen,55278,06138
10618,Sembach,67681,06303
10619,Semlow,18334,038229
10620,Senden,48308,02597
10621,Senden,89250,07307
10622,Sendenhorst,48324,02526
10623,Senftenberg,1945,Error
10624,Senftenberg,1968,Error
10625,Senftenberg,1996,Error
10626,Sengenthal,92369,09185
10627,Sengerich,54619,06559
10628,Senheim,56820,02673
10629,Sennfeld,97526,09721
10630,Senscheid,53520,02695
10631,Sensweiler,55758,06785
10632,Serba,7616,Error
10633,Serrig,54455,06581
10634,Sersheim,74372,07042
10635,Sessenbach,56237,02601
10636,Sessenhausen,56244,02666
10637,Seßlach,96145,09567
10638,Seth,23845,04535
10639,Setzingen,89129,07345
10640,Seubersdorf in der Oberpfalz,92358,09497
10641,Seukendorf,90556,09103
10642,Seulingen,37136,05507
10643,Sevenig bei Neuerburg,54673,06564
10644,Sevenig (Our),54617,06559
10645,Sexau,79350,07641
10646,Seybothenreuth,95517,09278
10647,Sibbesse,31079,05060
10648,Sickerode,37308,036082
10649,Sickte,38173,05333
10650,Siebeldingen,76833,06345
10651,Siebenbach,56729,02651
10652,Siebenbäumen,23847,04534
10653,Siebeneichen,21514,04155
10654,Siedenbollentin,17089,03965
10655,Siedenbrünzow,17111,039994
10656,Siedenburg,27254,04272
10657,Siefersheim,55599,06701
10658,Siegbach,35768,02778
10659,Siegburg,53721,02241
10660,Siegelsbach,74936,07264
10661,Siegen,57072,0271
10662,Siegen,57074,0271
10663,Siegen,57076,0271
10664,Siegen,57078,0271
10665,Siegen,57080,0271
10666,Siegenburg,93354,09444
10667,Siegsdorf,83313,08662
10668,Siehdichum,15890,03364
10669,Siek,22962,04107
10670,Sielenbach,86577,08258
10671,Siemz-Niendorf,23923,038821
10672,Sien,55758,06785
10673,Sienhachenbach,55758,06785
10674,Sierksdorf,23730,04561
10675,Sierksrade,23847,04534
10676,Sierscheid,53520,02695
10677,Siershahn,56427,02623
10678,Siesbach,55767,06782
10679,Sietow,17209,Error
10680,Sieversdorf-Hohenofen,16845,033978
10681,Sievershütten,24641,04194
10682,Sieverstedt,24885,04638
10683,Siggelkow,19376,Error
10684,Sigmaringen,72488,07571
10685,Sigmaringendorf,72517,07571
10686,Sigmarszell,88138,08388
10687,Silberstedt,24887,04625
10688,Silbitz,7613,0721
10689,Silz,76857,06345
10690,Silz,17214,039927
10691,Silzen,25551,04826
10692,Simbach,84359,08571
10693,Simbach,94436,09954
10694,Simmelsdorf,91245,09155
10695,Simmerath,52152,02473
10696,Simmern,56337,02620
10697,Simmern/Hunsrück,55469,06761
10698,Simmersfeld,72226,07484
10699,Simmershofen,97215,09848
10700,Simmertal,55618,06754
10701,Simmozheim,75397,07033
10702,Simonsberg,25813,04841
10703,Simonswald,79263,07683
10704,Simonswald,79271,07683
10705,Sindelfingen,71063,07031
10706,Sindelfingen,71065,07031
10707,Sindelfingen,71067,07031
10708,Sindelfingen,71069,07031
10709,Sindelsdorf,82404,08856
10710,Singen (Hohentwiel),78224,07731
10711,Singhofen,56379,02604
10712,Sinn,35764,06449
10713,Sinntal,36391,06665
10714,Sinsheim,74889,07261
10715,Sinspelt,54675,06522
10716,Sinzheim,76547,07221
10717,Sinzig,53489,02642
10718,Sinzing,93161,09404
10719,Sippersfeld,67729,06357
10720,Sipplingen,78354,07551
10721,Sirksfelde,23898,04536
10722,Sittensen,27419,04282
10723,Sitters,67823,06362
10724,Sitzendorf,7429,Error
10725,Söchtenau,83139,08038
10726,Soderstorf,21388,04172
10727,Soest,59494,02921
10728,Sögel,49751,05952
10729,Sohland an der Spree,2689,04963
10730,Söhlde,31185,05123
10731,Sohren,55487,06543
10732,Söhrewald,34320,05608
10733,Sohrschied,55487,06543
10734,Sölden,79294,0761
10735,Solingen,42651,0212
10736,Solingen,42653,0212
10737,Solingen,42655,0212
10738,Solingen,42657,0212
10739,Solingen,42659,0212
10740,Solingen,42697,0212
10741,Solingen,42699,0212
10742,Solingen,42719,0212
10743,Solkwitz,7381,Error
10744,Sollerup,24852,04609
10745,Söllingen,38387,05354
10746,Sollstedt,99759,036338
10747,Sollwitt,25884,04843
10748,Solms,35606,06441
10749,Solnhofen,91807,09145
10750,Soltau,29614,05191
10751,Soltendieck,29594,05874
10752,Sommerach,97334,09381
10753,Sommerau,54317,06500
10754,Sömmerda,99610,03634
10755,Sömmerda,99625,03635
10756,Sommerhausen,97286,09333
10757,Sommerkahl,63825,06024
10758,Sommerland,25358,04126
10759,Sommerloch,55595,0671
10760,Sommersdorf,39365,039293
10761,Sommersdorf,17111,039994
10762,Sonderhofen,97255,09337
10763,Sondershausen,99706,03632
10764,Sondheim v.d.Rhön,97647,09779
10765,Sonneberg,96515,03675
10766,Sonneborn,99869,036202
10767,Sönnebüll,25821,04671
10768,Sonnefeld,96242,09562
10769,Sonnen,94164,08584
10770,Sonnenberg,16775,033088
10771,Sonnenberg-Winnenberg,55767,06782
10772,Sonnenbühl,72820,07124
10773,Sonnenstein,37345,036072
10774,Sonnewalde,3249,Error
10775,Sonnschied,55758,06785
10776,Sonsbeck,47665,02838
10777,Sontheim,87776,08336
10778,Sontheim an der Brenz,89567,07325
10779,Sonthofen,87527,08321
10780,Sontra,36205,05653
10781,Sophienhamm,24806,04335
10782,Sören,24241,04347
10783,Sörgenloch,55270,06131
10784,Sörth,57636,02681
10785,Sörup,24966,04635
10786,Sosberg,56858,Error
10787,Sottrum,27367,04205
10788,Soyen,83564,08073
10789,Spabrücken,55595,0671
10790,Spahnharrenstätte,49751,05952
10791,Spaichingen,78549,07424
10792,Spall,55595,0671
10793,Spalt,91174,09175
10794,Spangdahlem,54529,06575
10795,Spangenberg,34286,05663
10796,Spantekow,17391,039721
10797,Spantekow,17392,039727
10798,Spardorf,91080,09131
10799,Sparneck,95234,09251
10800,Spatzenhausen,82418,08841
10801,Spatzenhausen,82447,08841
10802,Spay,56322,02628
10803,Spechbach,74937,06226
10804,Speicher,54662,06562
10805,Speichersdorf,95469,09275
10806,Speinshart,92676,09645
10807,Spelle,48480,05977
10808,Spenge,32139,05428
10809,Spesenroth,56288,06762
10810,Spessart,56746,02655
10811,Speyer,67346,06232
10812,Spiegelau,94518,08553
10813,Spiegelberg,71579,07194
10814,Spiekeroog,26474,04976
10815,Spiesen-Elversberg,66583,06894
10816,Spiesheim,55288,06734
10817,Spirkelbach,76848,06392
10818,Splietsdorf,18513,038334
10819,Sponheim,55595,0671
10820,Sponholz,17039,0395
10821,Spornitz,19372,038728
10822,Spraitbach,73565,07176
10823,Spraitbach,73568,07176
10824,Spraitbach,73577,07176
10825,Sprakebüll,25917,04662
10826,Sprakensehl,29365,05837
10827,Spreenhagen,15528,033633
10828,Spreetal - Sprjewiny Doł,2979,Error
10829,Spreewaldheide,15913,035473
10830,Spremberg,3130,05136
10831,Sprendlingen,55576,06701
10832,Springe,31832,05041
10833,Sprockhövel,45549,02339
10834,Sprötau,99610,03634
10835,Stäbelow,18198,038207
10836,Stade,21680,04141
10837,Stade,21682,04141
10838,Stade,21683,04141
10839,Stade,21684,04141
10840,Stadecken-Elsheim,55271,06130
10841,Stadelhofen,96187,09504
10842,Stadland,26935,04732
10843,Stadland,26936,04737
10844,Stadland,26937,04735
10845,Stadlern,92549,09674
10846,Stadtallendorf,35260,06428
10847,Stadtbergen,86391,0821
10848,Stadthagen,31655,05721
10849,Stadtilm,99326,03629
10850,Stadtkyll,54589,06597
10851,Stadtlauringen,97488,09724
10852,Stadtlohn,48703,02563
10853,Stadtoldendorf,37627,05532
10854,Stadtprozelten,97909,09392
10855,Stadtroda,7646,07245
10856,Stadtsteinach,95346,09225
10857,Stadum,25917,04662
10858,Staffhorst,27254,04272
10859,Stafstedt,24816,04875
10860,Stahlberg,67808,06357
10861,Stahlhofen,56412,06485
10862,Stahlhofen am Wiesensee,56459,02663
10863,Stahnsdorf,14532,033203
10864,Staig,89195,07346
10865,Stakendorf,24217,04344
10866,Stallwang,94375,09964
10867,Stammbach,95236,09256
10868,Stammham,84533,08678
10869,Stammham,85092,09446
10870,Stammham,85134,08405
10871,Stamsried,93491,09466
10872,Standenbühl,67816,06357
10873,Stangheck,24395,04643
10874,Stapel,25879,Error
10875,Stapelfeld,22145,040
10876,Starkenberg,4617,Error
10877,Starkenburg,56843,06541
10878,Starnberg,82319,08151
10879,Starzach,72181,07483
10880,Staßfurt,39418,03925
10881,Staßfurt,39443,03925
10882,Staßfurt,39446,03925
10883,Stauchitz,1594,Error
10884,Staudach-Egerndach,83224,08641
10885,Staudernheim,55568,06755
10886,Staudt,56424,02623
10887,Staufenberg,35460,06406
10888,Staufenberg,34355,05605
10889,Staufen im Breisgau,79219,07636
10890,Staven,17039,0395
10891,Stavenhagen,17153,039954
10892,Stavern,49777,05965
10893,St. Blasien,79837,07755
10894,Stebach,56276,02689
10895,Stechlin,16775,033088
10896,Stechow-Ferchesar,14715,033877
10897,Stedesand,25920,04661
10898,Stedesdorf,26427,04971
10899,Steenfeld,25557,04872
10900,Steffeln,54597,06556
10901,Steffenberg,35239,06464
10902,Steffenshagen,18209,038203
10903,Stegaurach,96135,0951
10904,Stegen,79252,07660
10905,St. Egidien,9356,Error
10906,Steigra,6268,Error
10907,Steimbke,31634,05026
10908,Steimel,57614,02684
10909,Stein,24235,04343
10910,Stein,90547,0911
10911,Steina,1920,038874
10912,Steinach,77790,07832
10913,Steinach,94377,09961
10914,Steinach,96523,036762
10915,Steinalben,66851,06307
10916,Steinau,21775,04755
10917,Steinau an der Straße,36396,06663
10918,Steinbach,56291,06746
10919,Steinbach,37308,036082
10920,Steinbach am Donnersberg,67808,06357
10921,Steinbach am Glan,66909,06384
10922,Steinbach am Wald,96361,09269
10923,Steinbach-Hallenberg,98587,036847
10924,Steinbach (Taunus),61449,06171
10925,Steinberg,8237,08856
10926,Steinberg,24972,04635
10927,Steinberg am See,92449,09431
10928,Steinbergkirche,24972,04635
10929,Stein-Bockenheim,55599,06701
10930,Steinborn,54655,06563
10931,Steinburg,22964,04534
10932,Steindorf,82297,08202
10933,Steinebach an der Wied,57629,02747
10934,Steinebach/Sieg,57520,02747
10935,Steineberg,54552,06592
10936,Steinefrenz,56414,06435
10937,Steinen,56244,02666
10938,Steinen,79585,07627
10939,Steinenbronn,71144,07157
10940,Steineroth,57518,02741
10941,Steinfeld,97854,09359
10942,Steinfeld,24888,04641
10943,Steinfeld,76889,06349
10944,Steinfeld,49439,05492
10945,Steinfurt,48565,02551
10946,Steingaden,86989,08862
10947,Steinhagen,33803,05204
10948,Steinhagen,18442,038327
10949,Steinhagen,18246,038461
10950,Steinhausen an der Rottum,88416,07358
10951,Steinheim,32839,05233
10952,Steinheim am Albuch,73566,07173
10953,Steinheim am Albuch,89555,07323
10954,Steinheim an der Murr,71711,07148
10955,Steinheuterode,37318,036083
10956,Steinhöfel,15518,033635
10957,Steinhöring,85643,08094
10958,Steinhorst,29367,05837
10959,Steinhorst,23847,04534
10960,Steinigtwolmsdorf,1904,Error
10961,Steiningen,54552,06592
10962,Steinkirchen,21720,04142
10963,Steinkirchen,84439,08706
10964,Steinmauern,76479,07222
10965,Stein-Neukirch,56479,02664
10966,Steinreich,15938,035452
10967,Steinsberg,56379,02604
10968,Steinsfeld,91628,09861
10969,Steinweiler,76872,06349
10970,Steinwenden,66879,06371
10971,Steinwiesen,96349,09260
10972,Stein-Wingert,57629,02747
10973,Steißlingen,78256,07738
10974,Stelle,21435,04174
10975,Stelle-Wittenwurth,25795,0481
10976,Stelzenberg,67705,06306
10977,Stemmen,27389,04265
10978,Stemshorn,49448,05443
10979,Stemwede,32351,05773
10980,Stendal,39576,03931
10981,Stepenitztal,23936,03881
10982,Stephanskirchen,83071,08036
10983,Stephansposching,94569,09935
10984,Sterley,23883,04545
10985,Sternberg,19406,038485
10986,Sternenfels,75447,07043
10987,Sterup,24996,04637
10988,Stetten,87778,08269
10989,Stetten,67294,06352
10990,Stetten,88719,07532
10991,Stetten am kalten Markt,72510,07573
10992,Stettfeld,96188,09522
10993,Steyerberg,31595,05764
10994,St. Gangloff,7629,07244
10995,St. Georgen im Schwarzwald,78112,07724
10996,Stiefenhofen,88167,08384
10997,Stimpfach,74597,07962
10998,Stinstedt,21772,04756
10999,Stipsdorf,23795,04551
11000,Stipshausen,55758,06785
11001,St. Johann,72813,07122
11002,St. Leon-Rot,68789,06227
11003,St. Märgen,79274,07669
11004,Stockach,78333,07771
11005,Stockelsdorf,23617,04506
11006,Stockem,54646,06527
11007,Stockhausen-Illfurth,56472,02661
11008,Stockheim,97640,09773
11009,Stockheim,96342,09261
11010,Stöckse,31638,05026
11011,Stocksee,24326,04526
11012,Stockstadt,64589,06158
11013,Stockstadt am Main,63811,06027
11014,Stockum-Püschen,56459,02663
11015,Stödtlen,73495,07964
11016,Stoetze,29597,05872
11017,Stolberg,52222,02402
11018,Stolberg,52223,02402
11019,Stolberg,52224,02402
11020,Stolk,24890,04623
11021,Stollberg/Erzgebirge,9366,Error
11022,Stolpe,24601,04323
11023,Stolpe,19372,038728
11024,Stolpe an der Peene,17391,039721
11025,Stolpe auf Usedom,17406,038372
11026,Stolpen,1833,038221
11027,Stoltebüll,24409,04643
11028,Stoltenberg,24256,04303
11029,Stolzenau,31592,05761
11030,Storbeck-Frankendorf,16818,033920
11031,Stördorf,25554,04823
11032,Störkathen,25548,04822
11033,Storkow (Mark),15859,033678
11034,Störnstein,92721,09602
11035,Stößen,6667,06872
11036,Stötten a.Auerberg,87675,08349
11037,Stöttwang,87677,08345
11038,St. Peter,79271,07683
11039,Straelen,47638,02834
11040,Strahlungen,97618,09771
11041,Stralendorf,19073,0385
11042,Stralsund,18435,03831
11043,Stralsund,18437,03831
11044,Stralsund,18439,03831
11045,Strande,24229,04349
11046,Strasburg (Uckermark),17335,039753
11047,Straßberg,72479,07434
11048,Straßenhaus,56587,02634
11049,Straßkirchen,94342,09424
11050,Straßlach-Dingharting,82064,08170
11051,Straubenhardt,75334,07082
11052,Straubing,94315,09421
11053,Straufhain,98646,03685
11054,Straupitz (Spreewald),15913,035473
11055,Strausberg,15344,03341
11056,Straußfurt,99634,036376
11057,Strehla,1616,Error
11058,Streithausen,57629,02747
11059,Strickscheid,54597,06556
11060,Striegistal,9661,Error
11061,Strohkirchen,19230,038852
11062,Strohn,54558,06573
11063,Stromberg,55442,06724
11064,Strotzbüsch,54552,06592
11065,Strübbel,25792,04837
11066,Struckum,25821,04671
11067,Strukdorf,23815,04553
11068,Strullendorf,96129,09543
11069,Struppen,1796,Error
11070,Strüth,56357,06772
11071,Struvenhütten,24643,04194
11072,Struxdorf,24891,Error
11073,Stubben,23847,04534
11074,Stubbendorf,18195,038205
11075,Stubenberg,94166,08536
11076,Stüdenitz-Schönermark,16845,033978
11077,Stuer,17209,Error
11078,Stühlingen,79780,07703
11079,Stuhr,28816,0421
11080,Stulln,92551,09435
11081,Stürzelbach,57614,02684
11082,Stutensee,76297,07249
11083,Stuttgart,70173,0711
11084,Stuttgart,70174,0711
11085,Stuttgart,70176,0711
11086,Stuttgart,70178,0711
11087,Stuttgart,70180,0711
11088,Stuttgart,70182,0711
11089,Stuttgart,70184,0711
11090,Stuttgart,70186,0711
11091,Stuttgart,70188,0711
11092,Stuttgart,70190,0711
11093,Stuttgart,70191,0711
11094,Stuttgart,70192,0711
11095,Stuttgart,70193,0711
11096,Stuttgart,70195,0711
11097,Stuttgart,70197,0711
11098,Stuttgart,70199,0711
11099,Stuttgart,70327,0711
11100,Stuttgart,70329,0711
11101,Stuttgart,70372,0711
11102,Stuttgart,70374,0711
11103,Stuttgart,70376,0711
11104,Stuttgart,70378,0711
11105,Stuttgart,70435,0711
11106,Stuttgart,70437,0711
11107,Stuttgart,70439,0711
11108,Stuttgart,70469,0711
11109,Stuttgart,70499,0711
11110,Stuttgart,70563,0711
11111,Stuttgart,70565,0711
11112,Stuttgart,70567,0711
11113,Stuttgart,70569,0711
11114,Stuttgart,70597,0711
11115,Stuttgart,70599,0711
11116,Stuttgart,70619,0711
11117,Stuttgart,70629,0711
11118,Stützengrün,8328,Error
11119,Stuvenborn,24641,04194
11120,Südbrookmerland,26624,04942
11121,Südbrookmerland,26759,04925
11122,Südeichsfeld,99976,036024
11123,Südeichsfeld,99988,036024
11124,Süderau,25361,04824
11125,Süderbrarup,24392,04641
11126,Suderburg,29556,05826
11127,Süderdeich,25764,Error
11128,Süderdorf,25782,04838
11129,Süderende,25938,04681
11130,Süderfahrenstedt,24890,04623
11131,Südergellersen,21394,04135
11132,Süderhackstedt,24852,04609
11133,Süderhackstedt,24992,04607
11134,Süderhastedt,25727,04830
11135,Süderheistedt,25779,04836
11136,Süderhöft,25876,04884
11137,Süderholz,18516,038332
11138,Süderlügum,25923,04663
11139,Südermarsch,25813,04841
11140,Südermarsch,25840,04881
11141,Südharz,6536,06722
11142,Südheide,29303,05054
11143,Südheide,29320,05052
11144,Südheide,29345,05827
11145,Südliches Anhalt,6369,06041
11146,Südliches Anhalt,6386,06029
11147,Südliches Anhalt,6388,Error
11148,Südlohn,46354,02862
11149,Südmüritz,17207,039931
11150,Sudwalde,27257,04247
11151,Sugenheim,91438,09841
11152,Sugenheim,91484,09165
11153,Suhl,98527,03681
11154,Suhl,98528,03681
11155,Suhl,98529,03681
11156,Suhlendorf,29562,05820
11157,Sukow,19079,03868
11158,Sukow-Levitzow,17168,039977
11159,Sülfeld,23845,04535
11160,Sülfeld,23867,04537
11161,Sulingen,27232,04271
11162,Sülm,54636,Error
11163,Sülstorf,19077,038753
11164,Sulza,7751,Error
11165,Sulz am Neckar,72172,07454
11166,Sulzbach,56379,02604
11167,Sulzbach,55758,06785
11168,Sulzbach am Main,63834,06028
11169,Sulzbach an der Murr,71560,07193
11170,Sulzbach-Laufen,74429,07976
11171,Sulzbach-Rosenberg,92237,09661
11172,Sulzbach/Saar,66280,06894
11173,Sulzbachtal,67734,06308
11174,Sulzbach (Taunus),65843,069
11175,Sulzberg,87477,08376
11176,Sulzburg,79295,07634
11177,Sulzdorf a.d.Lederhecke,97528,09763
11178,Sulzemoos,85254,08135
11179,Sulzemoos,85259,08134
11180,Sülzetal,39171,039205
11181,Sulzfeld,97633,09761
11182,Sulzfeld,75056,07269
11183,Sülzfeld,98617,03693
11184,Sulzfeld am Main,97320,09321
11185,Sulzheim,97529,09382
11186,Sulzheim,55286,06732
11187,Sulzthal,97717,09704
11188,Sünching,93104,09480
11189,Sundern,59846,02933
11190,Sundhagen,18519,038328
11191,Sundhausen,99947,03603
11192,Süpplingen,38373,05355
11193,Süpplingenburg,38376,05355
11194,Surberg,83362,08662
11195,Surwold,26903,04965
11196,Süsel,23701,04521
11197,Süßen,73079,07162
11198,Sustrum,49762,05933
11199,Suthfeld,31555,05723
11200,Swisttal,53913,02226
11201,Sydower Fließ,16230,033362
11202,Syke,28857,04242
11203,Sylt,25980,04651
11204,Syrgenstein,89428,09077
11205,Taarstedt,24893,04622
11206,Taben-Rodt,54441,06581
11207,Tacherting,83342,08634
11208,Taching am See,83373,08687
11209,Tackesdorf,24797,04332
11210,Tackesdorf,25585,04872
11211,Täferrot,73527,07171
11212,Tagmersheim,86704,09094
11213,Talheim,74388,07133
11214,Talheim,78607,07464
11215,Talkau,21493,04151
11216,Talling,54426,06504
11217,Tambach-Dietharz,99897,036252
11218,Tamm,71732,07142
11219,Tangerhütte,39517,039365
11220,Tangerhütte,39579,039388
11221,Tangermünde,39590,039321
11222,Tangstedt,25499,04101
11223,Tangstedt,22889,040
11224,Tann,84367,08572
11225,Tanna,7922,07664
11226,Tannenberg,9468,Error
11227,Tännesberg,92723,09659
11228,Tannhausen,73497,07964
11229,Tannheim,88459,08395
11230,Tann (Rhön),36142,06681
11231,Tantow,16307,033332
11232,Tapfheim,86660,09070
11233,Tappenbeck,38479,05362
11234,Tappendorf,24594,04871
11235,Tarbek,24619,04323
11236,Tarmstedt,27412,04283
11237,Tarnow,18249,038464
11238,Tarp,24963,04609
11239,Tasdorf,24536,04321
11240,Tastungen,37339,03605
11241,Tating,25881,04862
11242,Tauberbischofsheim,97941,09341
11243,Tauberrettersheim,97285,09338
11244,Taucha,4425,Error
11245,Tauche,15848,03366
11246,Tauer,3185,05154
11247,Taufkirchen,82024,089
11248,Taufkirchen,84416,08084
11249,Taufkirchen,84574,08638
11250,Taunusstein,65232,06128
11251,Taura,9249,Error
11252,Tautenburg,7778,07835
11253,Tautendorf,7646,07245
11254,Tautenhain,7639,Error
11255,Tawern,54456,06501
11256,Techelsdorf,24220,04347
11257,Techentin,19399,038732
11258,Tecklenburg,49545,05455
11259,Tegau,7907,Error
11260,Tegernheim,93105,09403
11261,Tegernsee,83684,08022
11262,Teichland,3185,05154
11263,Teichwitz,7570,Error
11264,Teisendorf,83317,08666
11265,Teisendorf,83364,08666
11266,Teising,84576,08633
11267,Teisnach,94244,09921
11268,Teistungen,37339,03605
11269,Teldau,19273,038845
11270,Telgte,48291,02504
11271,Tellig,56858,Error
11272,Tellingstedt,25782,04838
11273,Teltow,14513,03328
11274,Temmels,54441,06581
11275,Temmen-Ringenwalde,17268,039886
11276,Temnitzquell,16818,033920
11277,Temnitztal,16845,033978
11278,Templin,17268,039886
11279,Tengen,78250,07736
11280,Teningen,79312,07641
11281,Teningen,79331,07641
11282,Tensbüttel-Röst,25767,04835
11283,Tensfeld,23824,04557
11284,Teschenmoschel,67806,06361
11285,Tespe,21395,04176
11286,Tessin,18195,038205
11287,Tessin b. Boizenburg,19258,038847
11288,Testorf-Steinfort,23936,03881
11289,Tetenbüll,25882,04862
11290,Tetenhusen,24817,04336
11291,Teterow,17166,03996
11292,Tettau,96355,09269
11293,Tettau,1945,Error
11294,Tettenweis,94167,08531
11295,Tettnang,88069,07528
11296,Tettnang,88079,07543
11297,Teublitz,93158,09471
11298,Teuchern,6682,06881
11299,Teugn,93356,09405
11300,Teunz,92552,09671
11301,Teupitz,15755,033766
11302,Teuschnitz,96358,09268
11303,Teutschenthal,6179,Error
11304,Thaden,25557,04872
11305,Thaining,86943,08194
11306,Thale,6502,Error
11307,Thaleischweiler-Fröschen,66987,06334
11308,Thalfang,54424,06504
11309,Thalhausen,56584,02639
11310,Thalheim/Erzgebirge,9380,Error
11311,Thallichtenberg,66871,06384
11312,Thallwitz,4808,Error
11313,Thalmassing,93107,09453
11314,Thalmässing,91177,09173
11315,Thalwenden,37318,036083
11316,Thandorf,19217,038872
11317,Thannhausen,86470,08281
11318,Thanstein,92554,09976
11319,Tharandt,1737,039775
11320,Thedinghausen,27321,04204
11321,Theilenhofen,91741,09834
11322,Theilheim,97288,09303
11323,Theisbergstegen,66871,06384
11324,Theisseil,92637,0961
11325,Thelkow,18195,038205
11326,Themar,98660,036873
11327,Theres,97531,09521
11328,Thermalbad Wiesenbad,9488,Error
11329,Theuma,8541,08764
11330,Thiendorf,1561,Error
11331,Thierhaupten,86672,08276
11332,Thierschneck,7774,07807
11333,Thiersheim,95707,09235
11334,Thierstein,95199,09235
11335,Tholey,66636,06853
11336,Thomasburg,21401,05859
11337,Thomm,54317,06500
11338,Thonhausen,4626,Error
11339,Thörlingen,56291,06746
11340,Thörnich,54340,06507
11341,Thuine,49832,05902
11342,Thulendorf,18184,038204
11343,Thum,9419,Error
11344,Thumby,24351,04352
11345,Thundorf i.UFr.,97711,09733
11346,Thüngen,97289,09360
11347,Thüngersheim,97291,09364
11348,Thür,56743,02652
11349,Thürkow,17168,039977
11350,Thurmansbang,94169,08544
11351,Thurnau,95349,09271
11352,Thyrnau,94136,08501
11353,Tiddische,38473,05366
11354,Tiefenbach,84184,0871
11355,Tiefenbach,94113,08509
11356,Tiefenbach,93464,09673
11357,Tiefenbach,55471,06761
11358,Tiefenbach,88422,07582
11359,Tiefenbronn,75233,07234
11360,Tiefenthal,55546,0671
11361,Tiefenthal,67311,06351
11362,Tielen,24803,04333
11363,Tielenhemme,25794,04803
11364,Timmaspe,24644,04392
11365,Timmendorfer Strand,23669,04503
11366,Tinningstedt,25917,04662
11367,Tirpersdorf,8606,Error
11368,Tirschenreuth,95643,09631
11369,Tissa,7646,07245
11370,Tiste,27419,04282
11371,Titisee-Neustadt,79822,07669
11372,Titting,85135,08423
11373,Tittling,94104,08504
11374,Tittmoning,84529,08683
11375,Titz,52445,02461
11376,Toddin,19230,038852
11377,Todenbüttel,24819,04874
11378,Todendorf,22965,04534
11379,Todenroth,55481,06763
11380,Todesfelde,23826,04558
11381,Todtenweis,86447,08237
11382,Todtmoos,79682,07674
11383,Todtnau,79674,07671
11384,Töging am Inn,84513,08631
11385,Tolk,24894,04622
11386,Tömmelsdorf,7819,07462
11387,Tönisvorst,47918,02152
11388,Tonna,99958,036042
11389,Tonndorf,99438,036458
11390,Tönning,25832,04833
11391,Töpen,95183,09295
11392,Topfstedt,99718,036370
11393,Toppenstedt,21442,04173
11394,Torgau,4860,02553
11395,Torgau,4861,02568
11396,Torgelow,17358,03976
11397,Torgelow am See,17192,03991
11398,Tornesch,25436,04122
11399,Tostedt,21255,04180
11400,Tosterglope,21371,05851
11401,Tottleben,99947,03603
11402,Traben-Trarbach,56841,06541
11403,Trabitz,92724,09644
11404,Train,93358,09444
11405,Traisen,55595,0671
11406,Traitsching,93455,09974
11407,Tramm,19089,0385
11408,Tramm,21516,04151
11409,Trappenkamp,24610,04323
11410,Trappstadt,97633,09761
11411,Trassem,54441,06581
11412,Trassenheide,17449,038371
11413,Traunreut,83301,08669
11414,Traunreut,83368,08669
11415,Traunreut,83371,08621
11416,Traunreut,83374,08669
11417,Traunstein,83278,0861
11418,Trausnitz,92555,09655
11419,Trautskirchen,90619,09107
11420,Travenbrück,23843,04531
11421,Travenhorst,23827,04559
11422,Traventhal,23795,04551
11423,Trebbin,14959,033731
11424,Trebel,29494,05848
11425,Treben,4617,Error
11426,Trebendorf - Trjebin,2959,05872
11427,Trebgast,95367,09227
11428,Trebra,99718,036370
11429,Trebsen/Mulde,4687,Error
11430,Trebur,65468,06147
11431,Trechtingshausen,55413,Error
11432,Treffelstein,93492,09673
11433,Treffurt,99830,036926
11434,Treia,24896,04626
11435,Treis-Karden,56253,02672
11436,Tremsbüttel,22967,04531
11437,Trendelburg,34388,05675
11438,Trennewurth,25693,04853
11439,Trent,18569,038305
11440,Treplin,15236,0335
11441,Treuchtlingen,91757,09142
11442,Treuen,8233,08151
11443,Treuenbrietzen,14929,033748
11444,Triberg im Schwarzwald,78098,07722
11445,Tribsees,18465,038320
11446,Triebel,8606,Error
11447,Triefenstein,97855,09395
11448,Trier,54290,0651
11449,Trier,54292,0651
11450,Trier,54293,0651
11451,Trier,54294,0651
11452,Trier,54295,0651
11453,Trier,54296,0651
11454,Trierscheid,53520,02695
11455,Trierweiler,54311,0651
11456,Triftern,84371,08562
11457,Triglitz,16949,033981
11458,Trimbs,56753,02654
11459,Trimport,54636,06561
11460,Trinwillershagen,18320,038225
11461,Trippstadt,67705,06306
11462,Triptis,7819,07462
11463,Trittau,22946,04154
11464,Trittenheim,54349,06507
11465,Tröbitz,3253,Error
11466,Tröbnitz,7646,07245
11467,Tröchtelborn,99869,036202
11468,Trochtelfingen,72818,07124
11469,Trockenborn-Wolfersdorf,7646,07245
11470,Trogen,95183,09295
11471,Troisdorf,53840,02241
11472,Troisdorf,53842,02241
11473,Troisdorf,53844,02241
11474,Trollenhagen,17039,0395
11475,Tröndel,24321,04381
11476,Trossin,4880,Error
11477,Trossingen,78647,07425
11478,Tröstau,95709,09232
11479,Trostberg,83308,08621
11480,Trulben,66957,06331
11481,Trunkelsberg,87779,08331
11482,Tschernitz,3130,05136
11483,Tschirn,96367,09268
11484,Tübingen,72070,07071
11485,Tübingen,72072,07071
11486,Tübingen,72074,07071
11487,Tübingen,72076,07071
11488,Tuchenbach,90587,0911
11489,Tülau,38474,05833
11490,Tümlauer Koog,25881,04862
11491,Tunau,79677,07673
11492,Tuningen,78609,07464
11493,Tuntenhausen,83104,08065
11494,Türkenfeld,82299,08193
11495,Türkheim,86842,08245
11496,Turnow-Preilack,3185,05154
11497,Tussenhausen,86874,08261
11498,Tüßling,84577,08633
11499,Tutow,17129,039999
11500,Tüttendorf,24214,04346
11501,Tüttleben,99869,036202
11502,Tuttlingen,78532,07461
11503,Tutzing,82327,08158
11504,Tützpatz,17091,039602
11505,Twedt,24894,04622
11506,Twist,49767,05936
11507,Twistetal,34477,05631
11508,Twistringen,27239,04243
11509,Tyrlaching,84558,08634
11510,Übach-Palenberg,52531,02451
11511,Übereisenbach,54689,06550
11512,Überherrn,66802,06836
11513,Überlingen,88662,07551
11514,Übersee,83236,08642
11515,Ubstadt-Weiher,76698,Error
11516,Uchte,31600,05763
11517,Üchtelhausen,97532,09724
11518,Uckerfelde,17291,03984
11519,Ückeritz,17459,038375
11520,Uckerland,17337,039745
11521,Udenheim,55288,06734
11522,Uder,37318,036083
11523,Üdersdorf,54552,06592
11524,Udestedt,99198,0361
11525,Udler,54552,06592
11526,Uebigau-Wahrenbrück,4895,Error
11527,Uebigau-Wahrenbrück,4924,Error
11528,Uebigau-Wahrenbrück,4938,Error
11529,Ueckermünde,17373,039771
11530,Uedem,47589,02824
11531,Uehlfeld,91486,09163
11532,Uehrde,38170,05332
11533,Uelitz,19077,038753
11534,Uelsby,24860,04623
11535,Uelsen,49843,05942
11536,Uelversheim,55278,06138
11537,Uelvesbüll,25889,04864
11538,Uelzen,29525,0581
11539,Uersfeld,56767,02657
11540,Ueß,56767,02657
11541,Uetersen,25436,04122
11542,Uettingen,97292,09369
11543,Uetze,31311,05173
11544,Uffenheim,97215,09848
11545,Uffing am Staffelsee,82449,08846
11546,Uhingen,73066,07163
11547,Uhldingen-Mühlhofen,88690,07556
11548,Uhler,56290,06746
11549,Ühlingen-Birkendorf,79777,07747
11550,Uhlstädt-Kirchhasel,7407,07066
11551,Ulm,89073,0731
11552,Ulm,89075,0731
11553,Ulm,89077,0731
11554,Ulm,89079,0731
11555,Ulm,89081,0731
11556,Ulm,89160,07304
11557,Ulmen,56766,02676
11558,Ulmet,66887,06381
11559,Ulrichstein,35327,06645
11560,Ulsnis,24897,04641
11561,Umkirch,79224,07665
11562,Ummanz,18569,038305
11563,Ummendorf,39365,039293
11564,Ummendorf,88444,07351
11565,Ummern,29369,05083
11566,Ummerstadt,98663,036871
11567,Umpferstedt,99441,036454
11568,Undeloh,21274,04189
11569,Undeloh,29640,05198
11570,Undenheim,55278,06138
11571,Ungerhausen,87781,08393
11572,Unkel,53572,02224
11573,Unkenbach,67823,06362
11574,Unlingen,88527,07374
11575,Unna,59423,02303
11576,Unna,59425,02303
11577,Unna,59427,02303
11578,Unnau,57648,02661
11579,Unsleben,97618,09771
11580,Unstrut-Hainich,99991,Error
11581,Unstruttal,99996,Error
11582,Unterammergau,82497,08822
11583,Unterbodnitz,7646,07245
11584,Unterbreizbach,36414,036962
11585,Unterdießen,86944,08243
11586,Unterdietfurt,84339,08721
11587,Unteregg,87782,08269
11588,Untereisesheim,74257,07132
11589,Unterensingen,72669,07022
11590,Unterföhring,85774,089
11591,Untergriesbach,94107,08593
11592,Untergruppenbach,74199,07131
11593,Unterhaching,82008,089
11594,Unterjeckenbach,67746,06788
11595,Unterkirnach,78089,07725
11596,Unterleinleiter,91364,09198
11597,Untermarchtal,89617,07393
11598,Untermaßfeld,98617,03693
11599,Untermeitingen,86836,08232
11600,Untermerzbach,96190,09533
11601,Untermünkheim,74547,07944
11602,Unterneukirchen,84579,08633
11603,Unterpleichfeld,97294,09367
11604,Unterreichenbach,75399,Error
11605,Unterreit,83567,08073
11606,Unterroth,89299,07343
11607,Unterschleißheim,85716,089
11608,Unterschneidheim,73485,07966
11609,Unterschwaningen,91743,09836
11610,Untershausen,56412,06485
11611,Untersiemau,96253,09565
11612,Unterspreewald,15910,035474
11613,Unterstadion,89619,07393
11614,Untersteinach,95369,09225
11615,Unterthingau,87647,08377
11616,Unterwachingen,89597,07393
11617,Unterwaldhausen,88379,07587
11618,Unterweißbach,98744,Error
11619,Unterwellenborn,7333,07334
11620,Unterwössen,83246,08641
11621,Untrasried,87496,08306
11622,Unzenberg,55483,06763
11623,Upahl,23936,03881
11624,Upgant-Schott,26529,04934
11625,Uphusum,25923,04663
11626,Uplengen,26670,04489
11627,Uppershausen,54673,06564
11628,Urbach,73655,07181
11629,Urbach,73660,07181
11630,Urbach,56317,Error
11631,Urbach,99765,036333
11632,Urbar,56182,0261
11633,Urbar,55430,06744
11634,Urleben,99955,036041
11635,Urmersbach,56761,02653
11636,Urmitz,56220,02630
11637,Ursberg,86513,08281
11638,Urschmitt,56825,02678
11639,Ursensollen,92289,09628
11640,Urspringen,97857,09396
11641,Ürzig,54539,06532
11642,Usch,54655,06563
11643,Usedom,17406,038372
11644,Userin,17237,039826
11645,Usingen,61250,06081
11646,Uslar,37170,05571
11647,Ustersbach,86514,08236
11648,Utarp,26556,04975
11649,Utecht,19217,038872
11650,Utendorf,98617,03693
11651,Utersum,25938,04681
11652,Utscheid,54675,06522
11653,Uttenreuth,91080,09131
11654,Uttenweiler,88524,07374
11655,Üttfeld,54619,06559
11656,Utting am Ammersee,86919,08806
11657,Utzedel,17111,039994
11658,Utzenfeld,79694,07673
11659,Utzenhain,56291,06746
11660,Utzerath,54552,06592
11661,Üxheim,54579,02696
11662,Vaale,25572,04858
11663,Vaale,25594,04825
11664,Vaalermoor,25594,04825
11665,Vacha,36404,036963
11666,Vachdorf,98617,03693
11667,Vachendorf,83377,08662
11668,Vahlberg,38170,05332
11669,Vahlbruch,37647,05535
11670,Vahlde,27389,04265
11671,Vaihingen an der Enz,71665,07042
11672,Vallendar,56179,0261
11673,Valley,83626,08024
11674,Valwig,56812,02671
11675,Varel,26316,04451
11676,Varrel,27259,04274
11677,Vastorf,21397,04137
11678,Vaterstetten,85591,08106
11679,Vaterstetten,85598,08106
11680,Vaterstetten,85599,089
11681,Vaterstetten,85622,08106
11682,Vaterstetten,85646,08121
11683,Vechelde,38159,05300
11684,Vechta,49377,04441
11685,Veelböken,19205,03886
11686,Veilsdorf,98669,036878
11687,Veitsbronn,90587,0911
11688,Veitshöchheim,97209,0931
11689,Veitsrodt,55758,06785
11690,Velbert,42549,02051
11691,Velbert,42551,02051
11692,Velbert,42553,02051
11693,Velbert,42555,02051
11694,Velburg,92355,09182
11695,Velden,84149,Error
11696,Velden,91235,09152
11697,Veldenz,54472,06531
11698,Velen,46342,02863
11699,Velgast,18469,038324
11700,Vellahn,19260,038848
11701,Vellberg,74541,07907
11702,Vellmar,34246,0561
11703,Velpke,38458,05364
11704,Velten,16727,03304
11705,Veltheim,38173,05333
11706,Vendersheim,55578,06732
11707,Venningen,67482,06347
11708,Ventschow,19417,038482
11709,Verchen,17111,039994
11710,Verden (Aller),27283,04231
11711,Veringenstadt,72519,07577
11712,Verl,33415,05246
11713,Versmold,33775,05423
11714,Vestenbergsgreuth,91487,09552
11715,Vetschau/Spreewald,3226,Error
11716,Vettelschoß,53560,02645
11717,Vettweiß,52391,02252
11718,Viechtach,94234,09942
11719,Vielank,19303,038758
11720,Vielbach,56244,02666
11721,Vielitzsee,16835,033083
11722,Vierden,27419,04282
11723,Viereck,17309,03973
11724,Viereth-Trunstadt,96191,09503
11725,Vierherrenborn,54314,06587
11726,Vierhöfen,21444,04178
11727,Vierkirchen,85256,08139
11728,Vierkirchen,2894,Error
11729,Vierlinden,15306,03346
11730,Viernheim,68519,06204
11731,Viersen,41747,02162
11732,Viersen,41748,02162
11733,Viersen,41749,02162
11734,Viersen,41751,02162
11735,Vilgertshofen,86946,08194
11736,Villenbach,86637,08272
11737,Villingendorf,78667,07403
11738,Villingen-Schwenningen,78048,07721
11739,Villingen-Schwenningen,78050,07721
11740,Villingen-Schwenningen,78052,07721
11741,Villingen-Schwenningen,78054,07721
11742,Villingen-Schwenningen,78056,07721
11743,Villmar,65606,06474
11744,Vilsbiburg,84137,08741
11745,Vilseck,92249,09662
11746,Vilsheim,84186,08706
11747,Vilshofen an der Donau,94474,08541
11748,Vinningen,66957,06331
11749,Viöl,25884,04843
11750,Virneburg,56729,02651
11751,Visbek,49429,04445
11752,Visselhövede,27374,04237
11753,Vlotho,32602,05733
11754,Voerde (Niederrhein),46562,02855
11755,Vogelsang,15890,03364
11756,Vogelsang-Warsin,17375,039771
11757,Vogelsberg,99610,03634
11758,Vögelsen,21360,04131
11759,Vogt,88267,07529
11760,Vogtareuth,83569,08031
11761,Vogtei,99986,03601
11762,Vogtsburg im Kaiserstuhl,79235,Error
11763,Vohburg an der Donau,85088,08457
11764,Vohenstrauß,92648,09651
11765,Vöhl,34516,05635
11766,Vöhrenbach,78147,07657
11767,Vöhringen,89269,07306
11768,Vöhringen,72189,07454
11769,Voigtsdorf,17349,03966
11770,Volkach,97332,09381
11771,Volkenschwand,84106,08754
11772,Volkerode,37308,036082
11773,Völkersweiler,76857,06345
11774,Volkertshausen,78269,07774
11775,Volkerzen,57612,02681
11776,Volkesfeld,56745,02655
11777,Völklingen,66333,06898
11778,Volkmannsdorf,7924,07668
11779,Volkmarsen,34471,05693
11780,Vollersode,27729,04793
11781,Vollersroda,99438,036458
11782,Vollerwiek,25836,04862
11783,Vollmersbach,55758,06785
11784,Vollmershain,4626,Error
11785,Vollmersweiler,76744,07277
11786,Vollrathsruhe,17194,039926
11787,Vollstedt,25821,04671
11788,Völpke,39393,039402
11789,Völschow,17129,039999
11790,Volsemenhusen,25693,04853
11791,Voltlage,49599,05467
11792,Volxheim,55546,0671
11793,Vorbach,95519,09205
11794,Vorbeck,18258,03844
11795,Vorderweidenthal,76889,06349
11796,Vordorf,38533,05304
11797,Vorra,91247,09152
11798,Vörstetten,79279,07665
11799,Vorwerk,27412,04283
11800,Vreden,48691,02564
11801,Vrees,49757,05956
11802,Waabs,24369,04352
11803,Waake,37136,05507
11804,Waakirchen,83666,08021
11805,Waal,86875,08246
11806,Wabern,34590,05683
11807,Wachau,1454,033206
11808,Wachenheim,67591,06243
11809,Wachenheim an der Weinstraße,67157,06322
11810,Wachenroth,96193,09548
11811,Wachstedt,37359,036075
11812,Wachtberg,53343,0228
11813,Wachtendonk,47669,02836
11814,Wächtersbach,63607,06053
11815,Wacken,25596,04827
11816,Wackerow,17498,03834
11817,Wackersberg,83646,08041
11818,Wackersdorf,92442,09431
11819,Waddeweitz,29496,05849
11820,Wadern,66687,06871
11821,Wadersloh,59329,02520
11822,Wadgassen,66787,06834
11823,Waffenbrunn,93494,09975
11824,Wagenfeld,49419,05774
11825,Wagenhausen,56826,02677
11826,Wagenhoff,38559,05376
11827,Wagersrott,24392,04641
11828,Waghäusel,68753,07254
11829,Waging am See,83329,08681
11830,Wahlbach,55494,06764
11831,Wahlenau,55491,06543
11832,Wahlhausen,37318,036083
11833,Wahlheim,55234,06737
11834,Wahlrod,57614,02684
11835,Wahlstedt,23812,04554
11836,Wahlstorf,24211,04342
11837,Wahnwegen,66909,06384
11838,Wahrenholz,29399,05835
11839,Waiblingen,71332,07151
11840,Waiblingen,71334,07151
11841,Waiblingen,71336,07151
11842,Waibstadt,74915,07261
11843,Waidhaus,92726,09652
11844,Waidhofen,86579,08252
11845,Waigandshain,56477,02664
11846,Waigolshausen,97534,09384
11847,Wain,88489,07353
11848,Wain,89165,07347
11849,Waischenfeld,91344,09202
11850,Wakendorf I,23845,04535
11851,Wakendorf II,24558,04193
11852,Walchum,26907,04963
11853,Wald,87616,08342
11854,Wald,93192,09468
11855,Wald,88639,07578
11856,Waldachtal,72178,07443
11857,Waldalgesheim,55425,06721
11858,Waldaschaff,63857,06095
11859,Waldböckelheim,55596,06758
11860,Waldbreitbach,56588,02638
11861,Waldbröl,51545,02291
11862,Waldbronn,76337,07243
11863,Waldbrunn,97295,09306
11864,Waldbrunn,65620,06479
11865,Waldbrunn,69429,06274
11866,Waldburg,88289,07529
11867,Waldbüttelbrunn,97297,09369
11868,Walddorfhäslach,72141,07127
11869,Waldeck,34513,05634
11870,Waldeck,7646,07245
11871,Waldems,65529,06126
11872,Waldenbuch,71111,07157
11873,Waldenburg,74638,07942
11874,Waldenburg,8396,Error
11875,Walderbach,93194,09464
11876,Waldershof,95679,09231
11877,Waldesch,56323,02628
11878,Waldfeucht,52525,02452
11879,Waldfischbach-Burgalben,67714,06333
11880,Waldgrehweiler,67822,06362
11881,Waldhambach,76857,06345
11882,Waldheim,4736,Error
11883,Waldhof-Falkenstein,54673,06564
11884,Waldhufen,2906,Error
11885,Waldkappel,37284,05658
11886,Waldkirch,79183,07681
11887,Waldkirchen,94065,08581
11888,Waldkraiburg,84478,08638
11889,Waldlaubersheim,55444,06724
11890,Waldleiningen,67693,06303
11891,Wald-Michelbach,69483,06207
11892,Waldmohr,66914,06373
11893,Waldmühlen,56479,02664
11894,Waldmünchen,93449,09978
11895,Waldorf,53498,02642
11896,Waldrach,54320,06500
11897,Waldrohrbach,76857,06345
11898,Waldsassen,95652,09632
11899,Waldsee,67165,06236
11900,Waldshut-Tiengen,79761,07741
11901,Waldsieversdorf,15377,033433
11902,Waldsolms,35647,06085
11903,Waldstetten,89367,08223
11904,Waldstetten,73550,07171
11905,Waldthurn,92727,09657
11906,Waldweiler,54429,06589
11907,Walhausen,56865,06545
11908,Walheim,74399,07143
11909,Walkendorf,17179,039971
11910,Walkenried,37445,05525
11911,Walkertshofen,86877,08239
11912,Walksfelde,23896,04543
11913,Walldorf,69190,06227
11914,Walldürn,63928,09378
11915,Walldürn,74731,06285
11916,Wallen,25788,04803
11917,Wallenborn,54570,06591
11918,Wallendorf,54675,06522
11919,Wallenfels,96346,09262
11920,Wallenhorst,49134,05407
11921,Wallerfangen,66798,06837
11922,Wallerfing,94574,09936
11923,Wallersdorf,94522,09424
11924,Wallersheim,54597,06556
11925,Wallerstein,86757,09081
11926,Wallertheim,55578,06732
11927,Wallgau,82499,08825
11928,Wallhalben,66917,06375
11929,Wallhausen,74599,07955
11930,Wallhausen,55595,0671
11931,Wallhausen,6528,Error
11932,Wallmenroth,57584,02741
11933,Wallmerod,56414,06435
11934,Wallsbüll,24980,04639
11935,Wallscheid,54531,06572
11936,Wallstawe,29413,Error
11937,Walluf,65396,06123
11938,Walow,17209,Error
11939,Walpernhain,7613,0721
11940,Walpertskirchen,85469,08122
11941,Walschleben,99189,036201
11942,Walsdorf,54578,06593
11943,Walsdorf,96194,09549
11944,Walshausen,66484,06339
11945,Walsheim,76833,06345
11946,Walsleben,16818,033920
11947,Walsrode,29664,05161
11948,Walsrode,29699,05161
11949,Waltenhausen,86480,08263
11950,Waltenhofen,87448,08303
11951,Walterschen,57632,02685
11952,Waltersdorf,7646,07245
11953,Waltershausen,99880,036259
11954,Walting,85137,08426
11955,Waltrop,45731,02363
11956,Walzbachtal,75045,07203
11957,Wanderup,24997,04606
11958,Wandlitz,16348,033397
11959,Wanfried,37281,05655
11960,Wang,85368,08761
11961,Wangelau,21483,04151
11962,Wangelnstedt,37627,05532
11963,Wangels,23758,04361
11964,Wangen,73117,07161
11965,Wangen im Allgäu,88239,07529
11966,Wangerland,26434,04463
11967,Wangerooge,26486,04469
11968,Wankendorf,24601,04323
11969,Wanna,21776,04757
11970,Wannweil,72827,07121
11971,Wanzleben-Börde,39164,039293
11972,Wapelfeld,24594,04871
11973,Warberg,38378,05355
11974,Warburg,34414,05641
11975,Wardenburg,26203,04407
11976,Warder,24646,04392
11977,Wardow,18299,038459
11978,Warendorf,48231,02581
11979,Waren (Müritz),17192,03991
11980,Warin,19417,038482
11981,Warlitz,19230,038852
11982,Warlow,19288,038754
11983,Warmensteinach,95485,09277
11984,Warmsen,31606,05704
11985,Warmsroth,55442,06724
11986,Warnau,24250,04302
11987,Warngau,83627,08025
11988,Warnkenhagen,17168,039977
11989,Warnow,23936,03881
11990,Warnow,23948,038825
11991,Warnow,18249,038464
11992,Warpe,27333,04251
11993,Warrenzin,17111,039994
11994,Warringholz,25560,04825
11995,Warsow,19075,03865
11996,Warstein,59581,02902
11997,Wartenberg,36367,06641
11998,Wartenberg,85456,08762
11999,Wartenberg-Rohrbach,67681,06303
12000,Warthausen,88447,07351
12001,Wartmannsroth,97797,09357
12002,Warwerort,25761,04834
12003,Wasbek,24647,04321
12004,Wasbüttel,38553,05374
12005,Wäschenbeuren,73116,07161
12006,Wäschenbeuren,73547,07172
12007,Wasenbach,56370,06486
12008,Wassenach,56653,02636
12009,Wassenberg,41849,02432
12010,Wasserburg am Inn,83512,08071
12011,Wasserburg (Bodensee),88142,08382
12012,Wasserliesch,54332,06501
12013,Wasserlosen,97535,09726
12014,Wasserthaleben,99718,036370
12015,Wassertrüdingen,91717,09832
12016,Wasungen,98634,036941
12017,Wathlingen,29339,05144
12018,Wattenbek,24582,04322
12019,Wattendorf,96196,09504
12020,Wattenheim,67319,06356
12021,Watzerath,54595,06551
12022,Wawern,54612,06553
12023,Wawern,54441,06581
12024,Waxweiler,54649,06554
12025,Wechingen,86759,09085
12026,Wechselburg,9306,Error
12027,Weddelbrook,24576,04192
12028,Weddingstedt,25795,0481
12029,Wedel,22880,04103
12030,Wedemark,30900,05130
12031,Wedendorfersee,19217,038872
12032,Weede,23795,04551
12033,Weener,26826,04953
12034,Wees,24999,0461
12035,Weesby,24994,04605
12036,Weeze,47652,02837
12037,Wefensleben,39365,039293
12038,Wegberg,41844,02434
12039,Wegeleben,38828,039423
12040,Wegscheid,94110,08592
12041,Wehingen,78564,07426
12042,Wehlen,1829,038457
12043,Wehnde,37339,03605
12044,Wehr,56653,02636
12045,Wehr,79664,07761
12046,Wehrbleck,27259,04274
12047,Wehrbleck,49453,05444
12048,Wehretal,37287,05658
12049,Wehrheim,61273,06081
12050,Wehringen,86517,08234
12051,Weibern,56745,02655
12052,Weibersbrunn,63879,06094
12053,Weichering,86706,08450
12054,Weichs,85258,08136
12055,Weida,7570,Error
12056,Weiden,55758,06785
12057,Weidenbach,91746,09826
12058,Weidenbach,56355,06772
12059,Weidenbach,54570,06591
12060,Weidenberg,95466,09278
12061,Weidenhahn,56244,02666
12062,Weiden in der Oberpfalz,92637,0961
12063,Weidenstetten,89197,07340
12064,Weidenthal,67475,06329
12065,Weidhausen b.Coburg,96279,09562
12066,Weiding,93495,09977
12067,Weiding,92557,09674
12068,Weidingen,54636,06561
12069,Weigendorf,91249,09154
12070,Weigenheim,97215,09848
12071,Weihenzell,91629,0981
12072,Weiherhammer,92700,Error
12073,Weiherhammer,92729,09605
12074,Weihmichl,84107,08708
12075,Weikersheim,97990,07934
12076,Weil,86947,08195
12077,Weil am Rhein,79576,07621
12078,Weilar,36457,036965
12079,Weilbach,63937,09373
12080,Weilburg,35781,06471
12081,Weil der Stadt,71263,07033
12082,Weilen unter den Rinnen,72367,07427
12083,Weiler,56729,02651
12084,Weiler,56825,02678
12085,Weilerbach,67685,06374
12086,Weiler bei Bingen,55413,Error
12087,Weiler bei Monzingen,55627,06754
12088,Weilersbach,91365,09194
12089,Weiler-Simmerberg,88171,08387
12090,Weilerswist,53919,02254
12091,Weilheim,79809,07755
12092,Weilheim an der Teck,73235,07023
12093,Weilheim in Oberbayern,82362,0881
12094,Weil im Schönbuch,71093,07031
12095,Weilmünster,35789,06472
12096,Weilrod,61276,06083
12097,Weiltingen,91744,09853
12098,Weimar,99423,03643
12099,Weimar,99425,03643
12100,Weimar,99427,03643
12101,Weimar,99428,03643
12102,Weimar (Lahn),35096,06421
12103,Weinähr,56379,02604
12104,Weinbach,35796,06474
12105,Weinböhla,1689,Error
12106,Weingarten,76356,07244
12107,Weingarten,88250,07244
12108,Weingarten (Pfalz),67366,06344
12109,Weinheim,69469,06201
12110,Weinolsheim,55278,06138
12111,Weinsberg,74189,07134
12112,Weinsheim,54595,06551
12113,Weinsheim,55595,0671
12114,Weinstadt,71384,07151
12115,Weira,7806,Error
12116,Weischlitz,8538,08133
12117,Weisel,56348,06774
12118,Weisen,19322,03877
12119,Weisenbach,76599,07224
12120,Weisendorf,91085,09193
12121,Weisenheim am Berg,67273,06353
12122,Weisenheim am Sand,67256,06353
12123,Weiskirchen,66709,06876
12124,Weismain,96260,09576
12125,Weissach,71287,07152
12126,Weissach im Tal,71554,07191
12127,Weißbach,74679,07947
12128,Weißbach,7646,07245
12129,Weißdorf,95237,09251
12130,Weißenberg - Wóspork,2627,Error
12131,Weißenborn,37299,05659
12132,Weißenborn,7639,Error
12133,Weißenborn/Erzgebirge,9600,Error
12134,Weißenbrunn,96369,09261
12135,Weißenburg i. Bay.,91781,09142
12136,Weißendorf,7950,Error
12137,Weißenfels,6667,06872
12138,Weißenfels,6688,06381
12139,Weißenhorn,89264,07309
12140,Weißenohe,91367,09192
12141,Weißensberg,88138,08388
12142,Weißensee,99631,036374
12143,Weißenstadt,95163,09253
12144,Weißenthurm,56575,02637
12145,Weißkeißel – Wuskidź,2957,05807
12146,Weißwasser/O.L. - Běła Woda,2943,05843
12147,Weisweil,79367,07646
12148,Weitefeld,57586,02743
12149,Weitendorf,19412,038483
12150,Weitenhagen,18461,038324
12151,Weitenhagen,17498,03834
12152,Weitersbach,55624,06544
12153,Weitersborn,55629,06754
12154,Weitersburg,56191,02622
12155,Weiterstadt,64331,06150
12156,Weitersweiler,67808,06357
12157,Weitnau,87480,08375
12158,Weitramsdorf,96479,09567
12159,Welcherath,53539,02692
12160,Welchweiler,66887,06381
12161,Welden,86465,08293
12162,Welgesheim,55576,06701
12163,Welkenbach,57644,02662
12164,Welle,21261,04188
12165,Wellen,54441,06581
12166,Wellendingen,78669,07426
12167,Wellheim,91809,08427
12168,Welling,56753,02654
12169,Welmbüttel,25782,04838
12170,Welschbillig,54298,06506
12171,Welschenbach,56729,02651
12172,Welschneudorf,56412,06485
12173,Welt,25836,04862
12174,Welterod,56357,06772
12175,Weltersburg,56459,02663
12176,Welver,59514,02527
12177,Welzheim,73553,07171
12178,Welzheim,73635,07183
12179,Welzheim,73642,07182
12180,Welzheim,73667,07184
12181,Welzow,3119,05126
12182,Wembach,79677,07673
12183,Wemding,86650,09092
12184,Wendeburg,38176,05302
12185,Wendelsheim,55234,06737
12186,Wendelstein,90530,09129
12187,Wenden,57482,02762
12188,Wendisch Baggendorf,18513,038334
12189,Wendisch Evern,21403,04131
12190,Wendisch Rietz,15864,033679
12191,Wendlingen am Neckar,73240,07021
12192,Wendorf,18442,038327
12193,Wendtorf,24235,04343
12194,Weng,84187,08702
12195,Wennbüttel,25767,04835
12196,Wennigsen (Deister),30974,05103
12197,Wenningstedt-Braderup (Sylt),25996,04651
12198,Wensin,23827,04559
12199,Wentorf,23898,04536
12200,Wentorf bei Hamburg,21465,040
12201,Wenzenbach,93173,09407
12202,Wenzendorf,21279,04165
12203,Wenzlow,14778,03381
12204,Werbach,97956,09349
12205,Werben,3096,05101
12206,Werben (Elbe),39539,039387
12207,Werben (Elbe),39615,039386
12208,Werda,8223,08141
12209,Werdau,8412,Error
12210,Werder,19386,038731
12211,Werder,17089,03965
12212,Werder (Havel),14542,03327
12213,Werdohl,58791,02392
12214,Werdum,26427,04971
12215,Werkhausen,57635,02686
12216,Werl,59457,02922
12217,Werlte,49757,05956
12218,Wermelskirchen,42929,02196
12219,Wermsdorf,4779,02151
12220,Wernau (Neckar),73249,07021
12221,Wernberg-Köblitz,92533,09604
12222,Wernburg,7381,Error
12223,Werne,59368,02389
12224,Werneck,97440,09722
12225,Wernersberg,76857,06345
12226,Werneuchen,16356,03338
12227,Wernigerode,38855,03943
12228,Wernigerode,38875,Error
12229,Wernigerode,38879,039455
12230,Werningshausen,99634,036376
12231,Weroth,56414,06435
12232,Werpeloh,49751,05952
12233,Werra-Suhl-Tal,99837,Error
12234,Wershofen,53520,02695
12235,Wertach,87497,08365
12236,Wertheim,97877,09342
12237,Werther,99735,036335
12238,Werther (Westf.),33824,05201
12239,Wertingen,86637,08272
12240,Wesel,46483,0281
12241,Wesel,46485,0281
12242,Wesel,46487,0281
12243,Weselberg,66919,06333
12244,Wesenberg,23858,04533
12245,Wesenberg,17255,039832
12246,Wesendorf,29392,05376
12247,Wesertal,34399,Error
12248,Wesselburen,25764,04833
12249,Wesselburener Deichhausen,25764,04833
12250,Wesselburenerkoog,25764,04833
12251,Wesseling,50389,02236
12252,Wesseln,25746,0481
12253,Weßling,82234,08153
12254,Wessobrunn,82405,08809
12255,Weste,29599,05872
12256,Westendorf,86707,08273
12257,Westendorf,87679,08344
12258,Westensee,24259,Error
12259,Westerau,23847,04534
12260,Westerborstel,25782,04838
12261,Westerburg,56457,02663
12262,Westerdeichstrich,25761,04834
12263,Westergellersen,21394,04135
12264,Westerheim,87784,08393
12265,Westerheim,72589,07333
12266,Westerhever,25881,04862
12267,Westerholt,26556,04975
12268,Westerholz,24977,04636
12269,Westerhorn,25364,04127
12270,Westerkappeln,49492,05404
12271,Westermoor,25597,04828
12272,Westerngrund,63825,06024
12273,Westernohe,56479,02664
12274,Wester-Ohrstedt,25885,04847
12275,Westerrade,23815,04553
12276,Westerrönfeld,24784,04331
12277,Westerstede,26655,04488
12278,Westerstetten,89198,07348
12279,Westertimke,27412,04283
12280,Westerwalsede,27386,04260
12281,Westgreußen,99718,036370
12282,Westhausen,73463,07363
12283,Westhausen,98663,036871
12284,Westheide,39343,039202
12285,Westheide,39345,039054
12286,Westheim,91747,09082
12287,Westheim,67368,07274
12288,Westhofen,67593,06244
12289,Westoverledingen,26810,04955
12290,Westre,25926,04666
12291,Wethau,6618,Error
12292,Wetschen,49453,05444
12293,Wettenberg,35435,0641
12294,Wetter,35083,06423
12295,Wetter (Ruhr),58300,02335
12296,Wetterzeube,6722,06233
12297,Wettin-Löbejün,6193,Error
12298,Wettlingen,54646,06527
12299,Wettringen,48493,02557
12300,Wettringen,91631,09869
12301,Wettrup,49838,05904
12302,Wettstetten,85139,08406
12303,Wetzlar,35576,06441
12304,Wetzlar,35578,06441
12305,Wetzlar,35579,06441
12306,Wetzlar,35580,06441
12307,Wetzlar,35581,06441
12308,Wetzlar,35582,06441
12309,Wetzlar,35583,06441
12310,Wetzlar,35584,06441
12311,Wetzlar,35585,06441
12312,Wetzlar,35586,06441
12313,Wewelsfleth,25599,04829
12314,Weyarn,83629,08025
12315,Weyer,56357,06772
12316,Weyerbusch,57635,02686
12317,Weyhausen,38554,05362
12318,Weyhe,28844,04203
12319,Weyher in der Pfalz,76835,06323
12320,Wichmar,7774,07807
12321,Wickede (Ruhr),58739,02922
12322,Wickenrodt,55758,06785
12323,Widdern,74259,07943
12324,Wiebelsheim,56291,06746
12325,Wieck a. Darß,18375,038233
12326,Wied,57629,02747
12327,Wiedemar,4509,Error
12328,Wieden,79695,07673
12329,Wiedenborstel,24613,04873
12330,Wiedensahl,31719,05726
12331,Wiedergeltingen,86879,08245
12332,Wiefelstede,26215,04402
12333,Wiegendorf,99510,03644
12334,Wiehl,51674,02262
12335,Wiek,18556,038391
12336,Wielen,49847,05948
12337,Wielenbach,82407,08158
12338,Wiemersdorf,24649,04192
12339,Wiemerstedt,25779,04836
12340,Wiendorf,18258,03844
12341,Wienhausen,29342,05149
12342,Wiernsheim,75446,07044
12343,Wierschem,56294,02605
12344,Wiersdorf,54636,06561
12345,Wiershop,21502,04152
12346,Wiesau,95676,09634
12347,Wiesbach,66894,06372
12348,Wiesbaden,55246,06134
12349,Wiesbaden,55252,0611
12350,Wiesbaden,65183,0611
12351,Wiesbaden,65185,0611
12352,Wiesbaden,65187,0611
12353,Wiesbaden,65189,0611
12354,Wiesbaden,65191,0611
12355,Wiesbaden,65193,0611
12356,Wiesbaden,65195,0611
12357,Wiesbaden,65197,0611
12358,Wiesbaden,65199,0611
12359,Wiesbaden,65201,0611
12360,Wiesbaden,65203,0611
12361,Wiesbaden,65205,0611
12362,Wiesbaden,65207,0611
12363,Wiesbaum,54578,06593
12364,Wiesemscheid,53534,02691
12365,Wiesen,63831,06096
12366,Wiesenau,15295,033609
12367,Wiesenaue,14662,033235
12368,Wiesenbach,69257,06223
12369,Wiesenbach,86519,08283
12370,Wiesenbronn,97355,09325
12371,Wiesenburg/Mark,14827,033849
12372,Wiesenfeld,37308,036082
12373,Wiesenfelden,94344,09428
12374,Wiesengrund,3149,Error
12375,Wiesensteig,73349,07335
12376,Wiesent,93109,09482
12377,Wiesenthal,36466,036964
12378,Wiesenthau,91369,09199
12379,Wiesentheid,97353,09325
12380,Wiesenttal,91346,09196
12381,Wieseth,91632,09855
12382,Wiesloch,69168,06222
12383,Wiesmoor,26639,04944
12384,Wiesthal,97859,06020
12385,Wiesweiler,67744,06382
12386,Wietmarschen,49835,05946
12387,Wietze,29323,05146
12388,Wietzen,31613,04272
12389,Wietzendorf,29649,05191
12390,Wiggensbach,87487,08370
12391,Wilburgstetten,91634,09853
12392,Wildau,15745,03375
12393,Wildberg,72218,07054
12394,Wildberg,17091,039602
12395,Wildeck,36208,06626
12396,Wildenberg,93359,09444
12397,Wildenfels,8134,Error
12398,Wildeshausen,27793,04434
12399,Wildflecken,97772,09745
12400,Wildpoldsried,87499,08304
12401,Wildsteig,82409,08867
12402,Wilgartswiesen,76848,06392
12403,Wilhelmsburg,17379,039778
12404,Wilhelmsdorf,91489,09104
12405,Wilhelmsdorf,7389,Error
12406,Wilhelmsdorf,88271,07503
12407,Wilhelmsfeld,69259,06220
12408,Wilhelmshaven,26382,04421
12409,Wilhelmshaven,26384,04421
12410,Wilhelmshaven,26386,04421
12411,Wilhelmshaven,26388,04421
12412,Wilhelmshaven,26389,04421
12413,Wilhelmsthal,96352,09260
12414,Wilhermsdorf,91452,09102
12415,Wilkau-Haßlau,8112,Error
12416,Willanzheim,97348,09323
12417,Willebadessen,34439,05646
12418,Willenscharen,24616,04324
12419,Willich,47877,02154
12420,Willingen,56479,02664
12421,Willingen (Upland),34508,05632
12422,Willingshausen,34628,06697
12423,Willmars,97647,09779
12424,Willmenrod,56459,02663
12425,Willmering,93497,09971
12426,Willroth,56594,02687
12427,Willstätt,77731,07854
12428,Willwerscheid,54533,06572
12429,Wilnsdorf,57234,02739
12430,Wilsdruff,1723,039822
12431,Wilsdruff,1737,039775
12432,Wilsecker,54655,06563
12433,Wilstedt,27412,04283
12434,Wilster,25554,04823
12435,Wilsum,49849,05945
12436,Wilthen,2681,04955
12437,Wiltingen,54459,06501
12438,Wilzenberg-Hußweiler,55767,06782
12439,Wimbach,53518,02691
12440,Wimmelburg,6313,Error
12441,Wimsheim,71299,07044
12442,Wincheringen,54457,06583
12443,Windach,86949,08806
12444,Windberg,94336,09961
12445,Windbergen,25729,04859
12446,Windeby,24340,04351
12447,Windeck,51570,02292
12448,Windelsbach,91635,09867
12449,Winden,56379,02604
12450,Winden,76872,06349
12451,Winden im Elztal,79297,07685
12452,Windesheim,55452,06707
12453,Windhagen,53578,02645
12454,Windischeschenbach,92670,09681
12455,Windischleuba,4603,Error
12456,Windorf,94575,08546
12457,Windsbach,91575,09871
12458,Wingerode,37327,03605
12459,Wingst,21789,04778
12460,Winhöring,84543,08635
12461,Winkelbach,57644,02662
12462,Winkel (Eifel),54558,06573
12463,Winkelhaid,90610,09187
12464,Winkelsett,27243,04244
12465,Winklarn,92559,09676
12466,Winnemark,24398,04352
12467,Winnen,56459,02663
12468,Winnenden,71364,07195
12469,Winnerath,53520,02695
12470,Winnert,25887,04845
12471,Winnigstedt,38170,05332
12472,Winningen,56333,02606
12473,Winnweiler,67722,06302
12474,Winringen,54614,06553
12475,Winseldorf,25551,04826
12476,Winsen,24568,04191
12477,Winsen (Aller),29229,05141
12478,Winsen (Aller),29308,05146
12479,Winsen (Luhe),21423,04171
12480,Winterbach,73650,07181
12481,Winterbach,89368,09075
12482,Winterbach,55595,0671
12483,Winterbach (Pfalz),66484,06339
12484,Winterberg,59955,02981
12485,Winterborn,67822,06362
12486,Winterburg,55595,0671
12487,Winterhausen,97286,09333
12488,Winterlingen,72474,07577
12489,Winterrieden,87785,08333
12490,Winterscheid,54608,06555
12491,Wintersheim,67587,06733
12492,Winterspelt,54616,06555
12493,Winterwerb,56355,06772
12494,Wintrich,54487,06534
12495,Winzer,94577,09901
12496,Wipfeld,97537,09385
12497,Wipperfürth,51688,02267
12498,Wippingen,26892,04963
12499,Wirdum,26529,04934
12500,Wirft,53534,02691
12501,Wirfus,56814,02671
12502,Wirges,56422,02623
12503,Wirsberg,95339,09227
12504,Wirscheid,56237,02601
12505,Wirschweiler,55758,06785
12506,Wisch,24217,04344
12507,Wisch,25876,04884
12508,Wischhafen,21737,04770
12509,Wismar,23966,03841
12510,Wismar,23968,03841
12511,Wismar,23970,03841
12512,Wissen,57537,02742
12513,Wißmannsdorf,54636,Error
12514,Wistedt,21255,04180
12515,Witsum,25938,04681
12516,Wittbek,25872,04845
12517,Wittdün auf Amrum,25946,04682
12518,Wittelshofen,91749,09854
12519,Witten,58452,02302
12520,Witten,58453,02302
12521,Witten,58454,02302
12522,Witten,58455,02302
12523,Witten,58456,02302
12524,Wittenbeck,18209,038203
12525,Wittenberg,6886,Error
12526,Wittenberg,6888,Error
12527,Wittenberg,6889,Error
12528,Wittenberge,19322,03877
12529,Wittenbergen,25548,04822
12530,Wittenborn,23829,04554
12531,Wittenburg,19243,038852
12532,Wittendörp,19243,038852
12533,Wittenförden,19073,0385
12534,Wittenhagen,18510,038327
12535,Witterda,99189,036201
12536,Wittgert,56237,02601
12537,Wittibreut,84384,08574
12538,Wittichenau - Kulow,2997,Error
12539,Wittighausen,97957,09366
12540,Wittingen,29378,05836
12541,Wittingen,29379,05834
12542,Wittislingen,89426,09076
12543,Wittlich,54516,06571
12544,Wittlingen,79599,07621
12545,Wittmar,38329,05337
12546,Wittmoldt,24306,04522
12547,Wittmund,26409,04462
12548,Wittnau,79299,0761
12549,Wittorf,21357,04178
12550,Wittstock/Dosse,16909,033967
12551,Witzeeze,21514,04155
12552,Witzenhausen,37213,05542
12553,Witzenhausen,37214,05542
12554,Witzenhausen,37215,05542
12555,Witzenhausen,37216,05542
12556,Witzenhausen,37217,05545
12557,Witzenhausen,37218,05542
12558,Witzhave,22969,04104
12559,Witzin,19406,038485
12560,Witzleben,99310,03628
12561,Witzmannsberg,94104,08504
12562,Witzwort,25889,04864
12563,Wöbbelin,19288,038754
12564,Wobbenbüll,25856,04846
12565,Woggersin,17039,0395
12566,Wohlde,24899,04885
12567,Wohltorf,21521,04104
12568,Wohnste,27419,04282
12569,Wohratal,35288,06425
12570,Wöhrden,25797,04839
12571,Wokuhl-Dabelow,17237,039826
12572,Wolde,17091,039602
12573,Woldegk,17348,03964
12574,Woldert,57614,02684
12575,Wolfach,77709,07836
12576,Wolfegg,88364,07527
12577,Wolfenbüttel,38300,05331
12578,Wolfenbüttel,38302,05331
12579,Wolfenbüttel,38304,05331
12580,Wölferlingen,56244,02666
12581,Wolfersdorf,85395,08168
12582,Wölfersheim,61200,06008
12583,Wolferstadt,86709,09092
12584,Wolfertschwenden,87787,08334
12585,Wolfhagen,34466,05692
12586,Wolframs-Eschenbach,91639,09875
12587,Wolfratshausen,82515,08171
12588,Wolfsburg,38440,05363
12589,Wolfsburg,38442,05363
12590,Wolfsburg,38444,05363
12591,Wolfsburg,38446,05363
12592,Wolfsburg,38448,05363
12593,Wolfschlugen,72649,07022
12594,Wolfsegg,93195,09409
12595,Wolfsheim,55578,06732
12596,Wolfstein,67752,06304
12597,Wolgast,17438,03836
12598,Wolken,56332,02607
12599,Wolkenstein,9429,Error
12600,Wollbach,97618,09771
12601,Wollbrandshausen,37434,05528
12602,Wollershausen,37434,05528
12603,Wollin,14778,03381
12604,Wollmerath,56826,02677
12605,Wöllstadt,61206,06034
12606,Wöllstein,55597,06703
12607,Wolmersdorf,25704,04832
12608,Wölmersen,57635,02686
12609,Wolmirsleben,39435,039268
12610,Wolmirstedt,39326,039206
12611,Wolnzach,85283,08442
12612,Wolpertshausen,74549,07906
12613,Wolpertswende,88284,07502
12614,Wölpinghausen,31556,05037
12615,Wolsdorf,38379,05355
12616,Wolsfeld,54636,06561
12617,Woltersdorf,15569,033638
12618,Woltersdorf,21516,04151
12619,Woltersdorf,29497,05841
12620,Womrath,55481,Error
12621,Wonfurt,97539,09528
12622,Wonneberg,83379,08681
12623,Wonsees,96197,09504
12624,Wonsheim,55599,06701
12625,Woppenroth,55490,06765
12626,Woringen,87789,08334
12627,Worms,67547,06242
12628,Worms,67549,06242
12629,Worms,67550,06242
12630,Worms,67551,06242
12631,Wörnersberg,72299,07453
12632,Wörnitz,91637,09869
12633,Worpswede,27726,04794
12634,Wörrstadt,55286,06732
12635,Wört,73499,07962
12636,Worth,21502,04152
12637,Wörth,85457,08123
12638,Wörth a.d. Isar,84109,08702
12639,Wörth am Main,63939,09372
12640,Wörth am Rhein,76744,07277
12641,Wörth an der Donau,93086,Error
12642,Wörthsee,82237,08153
12643,Wrangelsburg,17495,038355
12644,Wrestedt,29559,05825
12645,Wriedel,29565,05829
12646,Wriezen,16269,033456
12647,Wrist,25563,04822
12648,Wrixum,25938,04681
12649,Wrohm,25799,04802
12650,Wülfershausen an der Saale,97618,09771
12651,Wülfrath,42489,02058
12652,Wulfsen,21445,04173
12653,Wulfsmoor,25563,04822
12654,Wulften am Harz,37199,05584
12655,Wulkenzin,17039,0395
12656,Wülknitz,1609,Error
12657,Wundersleben,99610,03634
12658,Wünschendorf/Elster,7570,Error
12659,Wunsiedel,95632,09232
12660,Wunstorf,31515,05031
12661,Wuppertal,42103,0202
12662,Wuppertal,42105,0202
12663,Wuppertal,42107,0202
12664,Wuppertal,42109,0202
12665,Wuppertal,42111,0202
12666,Wuppertal,42113,0202
12667,Wuppertal,42115,0202
12668,Wuppertal,42117,0202
12669,Wuppertal,42119,0202
12670,Wuppertal,42275,0202
12671,Wuppertal,42277,0202
12672,Wuppertal,42279,0202
12673,Wuppertal,42281,0202
12674,Wuppertal,42283,0202
12675,Wuppertal,42285,0202
12676,Wuppertal,42287,0202
12677,Wuppertal,42289,0202
12678,Wuppertal,42327,0202
12679,Wuppertal,42329,0202
12680,Wuppertal,42349,0202
12681,Wuppertal,42369,0202
12682,Wuppertal,42389,0202
12683,Wuppertal,42399,0202
12684,Wurmannsquick,84329,08725
12685,Wurmberg,75449,07044
12686,Wurmlingen,78573,07461
12687,Wurmsham,84189,08742
12688,Würrich,56858,Error
12689,Würselen,52146,02405
12690,Wurster Nordseeküste,27639,04742
12691,Wurzbach,7343,07361
12692,Würzburg,97070,0931
12693,Würzburg,97072,0931
12694,Würzburg,97074,0931
12695,Würzburg,97076,0931
12696,Würzburg,97078,0931
12697,Würzburg,97080,0931
12698,Würzburg,97082,0931
12699,Würzburg,97084,0931
12700,Wurzen,4808,Error
12701,Würzweiler,67808,06357
12702,Wüschheim,55471,06761
12703,Wüstenrot,71543,07130
12704,Wusterhausen/Dosse,16845,033978
12705,Wusterhausen/Dosse,16866,033971
12706,Wusterhausen/Dosse,16868,033979
12707,Wusterhusen,17509,038354
12708,Wustermark,14641,03321
12709,Wusterwitz,14789,033839
12710,Wust-Fischbeck,39524,039323
12711,Wüstheuterode,37318,036083
12712,Wustrow,18347,038226
12713,Wustrow,17255,039832
12714,Wustrow,29462,05843
12715,Wutach,79879,07709
12716,Wutha-Farnroda,99848,036921
12717,Wutöschingen,79793,07746
12718,Wyhl,79369,07642
12719,Wyk auf Föhr,25938,04681
12720,Xanten,46509,02801
12721,Zaberfeld,74374,07046
12722,Zachenberg,94239,09929
12723,Zahna-Elster,6895,Error
12724,Zaisenhausen,75059,07258
12725,Zandt,93499,09944
12726,Zangberg,84539,08636
12727,Zapel,19089,0385
12728,Zapfendorf,96199,09547
12729,Zarnewanz,18195,038205
12730,Zarpen,23619,0451
12731,Zarrendorf,18510,038327
12732,Zarrentin am Schaalsee,19246,038851
12733,Zechin,15328,033472
12734,Zedlitz,7557,Error
12735,Zehdenick,16792,03307
12736,Zehna,18276,03843
12737,Zehnhausen bei Rennerod,56477,02664
12738,Zehnhausen bei Wallmerod,56414,06435
12739,Zehrental,39615,039386
12740,Zeil am Main,97475,09524
12741,Zeilarn,84367,08572
12742,Zeiskam,67378,06347
12743,Zeithain,1619,Error
12744,Zeitlarn,93197,09402
12745,Zeitlofs,97799,09744
12746,Zeitz,6711,06236
12747,Zeitz,6712,06231
12748,Zell,93199,09468
12749,Zella-Mehlis,98544,036843
12750,Zell am Harmersbach,77736,07835
12751,Zell am Main,97299,0931
12752,Zellertal,67308,06355
12753,Zell im Fichtelgebirge,95239,09257
12754,Zell im Wiesental,79669,07625
12755,Zellingen,97225,09396
12756,Zell (Mosel),56856,06542
12757,Zell (Mosel),56858,Error
12758,Zell (Mosel),56859,06542
12759,Zell unter Aichelberg,73087,07164
12760,Zell unter Aichelberg,73119,07164
12761,Zeltingen-Rachtig,54492,06532
12762,Zeltingen-Rachtig,54539,06532
12763,Zemitz,17440,038370
12764,Zemmer,54313,06580
12765,Zempin,17459,038375
12766,Zendscheid,54655,06563
12767,Zenting,94579,09907
12768,Zepelin,18246,038461
12769,Zerbst/Anhalt,39261,03923
12770,Zerbst/Anhalt,39264,039247
12771,Zerf,54314,06587
12772,Zernien,29499,05863
12773,Zernitz-Lohm,16845,033978
12774,Zerrenthin,17309,03973
12775,Zeschdorf,15326,033604
12776,Zetel,26340,04452
12777,Zettemin,17153,039954
12778,Zettingen,56761,02653
12779,Zettlitz,9306,Error
12780,Zeulenroda-Triebes,7937,07635
12781,Zeulenroda-Triebes,7950,Error
12782,Zeuthen,15738,03375
12783,Zeven,27404,04281
12784,Zichow,16306,033331
12785,Zickhusen,19069,03867
12786,Ziegendorf,19372,038728
12787,Ziegenhain,57632,02685
12788,Ziegenrück,7924,07668
12789,Zielitz,39326,039206
12790,Ziemetshausen,86473,08284
12791,Zierenberg,34289,05606
12792,Zierow,23968,03841
12793,Ziertheim,89446,09076
12794,Zierzow,19300,038792
12795,Ziesar,14793,033830
12796,Ziesendorf,18059,0381
12797,Ziethen,16247,033361
12798,Ziethen,17390,038374
12799,Ziethen,23911,04541
12800,Zilshausen,56288,06762
12801,Ziltendorf,15295,033609
12802,Zimmern,7778,07835
12803,Zimmern ob Rottweil,78652,07420
12804,Zimmern ob Rottweil,78658,07403
12805,Zimmernsupra,99100,036206
12806,Zimmern unter der Burg,72369,07427
12807,Zimmerschied,56379,02604
12808,Zingst,18374,038232
12809,Zinnowitz,17454,038377
12810,Zirchow,17419,038378
12811,Zirkow,18528,03838
12812,Zirndorf,90513,0911
12813,Zirzow,17039,0395
12814,Zislow,17209,Error
12815,Zittau,2763,04742
12816,Zittau,2788,Error
12817,Zölkow,19374,038728
12818,Zolling,85406,08167
12819,Zöllnitz,7751,Error
12820,Zörbig,6780,06361
12821,Zorneding,85604,08106
12822,Zornheim,55270,06131
12823,Zöschingen,89447,09077
12824,Zossen,15806,03377
12825,Zotzenheim,55576,06701
12826,Zschepplin,4838,Error
12827,Zschopau,9405,08586
12828,Zschopau,9434,09429
12829,Zschorlau,8321,Error
12830,Zülow,19073,0385
12831,Zülpich,53909,02252
12832,Zurow,23992,038422
12833,Zusamaltheim,86637,08272
12834,Züsch,54422,06503
12835,Zusmarshausen,86441,08291
12836,Züsow,23992,038422
12837,Züssow,17495,038355
12838,Zuzenhausen,74939,06226
12839,Zweibrücken,66482,06332
12840,Zweifelscheid,54673,06564
12841,Zweiflingen,74639,07948
12842,Zwenkau,4442,Error
12843,Zwickau,8056,Error
12844,Zwickau,8058,Error
12845,Zwickau,8060,Error
12846,Zwickau,8062,Error
12847,Zwickau,8064,Error
12848,Zwickau,8066,Error
12849,Zwiefalten,88529,07373
12850,Zwiesel,94227,09922
12851,Zwingenberg,69439,06263
12852,Zwingenberg,64673,06251
12853,Zwönitz,8297,Error
